id,prcd_at,session_id,script_id
004793df-7601-4e89-8ea6-e5f0673d47bb,2025-05-06 11:02:06.353095-04,b89f6958-2b6f-4b18-a3df-89a21e0313f9,0253b209-a760-469f-817a-0bc5762477c7
d29e86f8-37bb-49fb-be67-4d34dd38c870,2025-05-06 11:02:06.367387-04,5a363e22-c17a-4ccb-bc1a-840b721b72d6,3036368b-5b04-4a47-9ba7-dc705bf6b70c
ec4e41ad-f02a-4a48-8db2-786ee7fa9a57,2025-05-06 11:02:06.372769-04,0fc86f26-8d5c-41a4-a6d3-457bf8ce0e58,ef9b78c5-df83-4935-8b56-3d232aa6d90b
7d655ff6-89de-4a4a-94f5-cb565134eff7,2025-05-06 11:02:06.388963-04,21c9c629-d447-4a6b-897d-123a61d3141a,382e55cc-30a5-40d1-8f52-04ff5c2bdea0
21fd6173-4fec-48a6-bd7d-3ac7c27a913e,2025-05-06 11:02:06.393049-04,0273b26c-8149-41ca-8215-66c619c539aa,6019c3ae-7def-40be-b207-30a1ae3d49d2
7213f19f-e28d-40a8-856c-c8478bedde61,2025-05-06 17:02:08.563678-04,654cec52-0fac-462d-b226-41f86c252d8c,cb91c388-9023-4738-ab77-e02e3530755d
adbe7643-0bbb-4b17-8788-a6246648ef85,2025-05-06 17:02:08.567893-04,a324ea25-2184-4d78-bf6b-cdeb209345ae,14b801c6-7aa6-4378-aa7a-2f7c3f92f846
7812afb4-5a62-44d5-b459-6b04ad2acfcd,2025-05-06 17:02:08.572137-04,8f01514c-6686-49fb-98e8-70e51f956ba6,a4cb275b-cd74-4a79-a9e0-d948eb8bdd25
32e2a150-1581-4810-90d4-ad2e36fc87a6,2025-05-06 17:02:08.575715-04,7c81d020-05fe-4535-8d37-b8a828c72664,388fa21e-d324-40bd-ae0c-7ac403d7985d
f0707e9d-3189-49ed-87d1-0ddccc7faefd,2025-05-06 17:02:08.579272-04,ec44a562-4d08-4fbc-8efd-f68ab0f8122c,5c16dba3-f8a5-4614-9700-3e22a5c242fc
4f18174e-e61c-4a12-8804-45f1fd748728,2025-05-06 17:22:19.405187-04,fbb27fc8-54bd-4ce5-91b9-fee7d1efe61c,3d7b1900-8342-4ac4-91d5-b35382b81206
370b573a-05a4-403f-b58d-fa9f4d61ef12,2025-05-06 17:22:19.410664-04,29f12cf6-8360-461c-a0a7-803442e02cd0,f8c47c2d-766c-48ef-8b16-4486ccad9655
aaf65063-521f-4a96-a7c2-86a80b603567,2025-05-06 17:22:19.418222-04,fb14306c-4421-4b4f-a855-2311c8b2e32b,5a98c558-3a96-4226-9dee-f690a96bfd09
bd4c024e-fe2a-49a9-a43c-4868ddd40179,2025-05-06 17:22:19.423287-04,f2fbf2eb-8665-495c-b74a-7d0a4bf8a883,7be93cd7-c7f7-410b-ac9e-ffba6546e297
b5d29bc5-c266-4c6a-81f5-eac85e60e228,2025-05-06 17:22:19.427024-04,971a6f2f-857f-4533-a43f-a900066c4bae,0d207a69-04c8-47d6-9576-035578c3e68f
22054507-20cc-414b-9589-81ec81aebb7d,2025-05-06 17:22:43.836782-04,fbb27fc8-54bd-4ce5-91b9-fee7d1efe61c,3d7b1900-8342-4ac4-91d5-b35382b81206
32ef0ae0-ce3c-415a-b8be-9601e285387f,2025-05-06 17:22:43.85578-04,fbb27fc8-54bd-4ce5-91b9-fee7d1efe61c,3d7b1900-8342-4ac4-91d5-b35382b81206
449ff20d-93ea-4587-9b23-40aa8bc191db,2025-05-06 17:22:43.859779-04,fbb27fc8-54bd-4ce5-91b9-fee7d1efe61c,3d7b1900-8342-4ac4-91d5-b35382b81206
06e5f9f0-848e-4628-b028-d24b67820ce4,2025-05-06 17:22:43.863046-04,fbb27fc8-54bd-4ce5-91b9-fee7d1efe61c,3d7b1900-8342-4ac4-91d5-b35382b81206
06df65b1-68d2-42f1-961f-3c939281dcc0,2025-05-06 17:22:43.867418-04,fbb27fc8-54bd-4ce5-91b9-fee7d1efe61c,3d7b1900-8342-4ac4-91d5-b35382b81206
03a9ef0f-9a8b-49d0-83f5-25ce6535c861,2025-05-06 17:22:43.870785-04,fbb27fc8-54bd-4ce5-91b9-fee7d1efe61c,3d7b1900-8342-4ac4-91d5-b35382b81206
274f040e-b498-41f5-88f4-480d5a9738c1,2025-05-06 17:22:43.873555-04,fbb27fc8-54bd-4ce5-91b9-fee7d1efe61c,3d7b1900-8342-4ac4-91d5-b35382b81206
61e78ca8-46e7-4694-b45b-9320ed88a1e5,2025-05-06 17:22:43.878437-04,fbb27fc8-54bd-4ce5-91b9-fee7d1efe61c,3d7b1900-8342-4ac4-91d5-b35382b81206
5a35a570-3fd2-4828-ac2d-7a6c215f873b,2025-05-06 17:22:43.881894-04,fbb27fc8-54bd-4ce5-91b9-fee7d1efe61c,3d7b1900-8342-4ac4-91d5-b35382b81206
46aa17fc-b0c8-481b-9564-343e05993d7b,2025-05-06 17:22:43.885103-04,fbb27fc8-54bd-4ce5-91b9-fee7d1efe61c,3d7b1900-8342-4ac4-91d5-b35382b81206
dcda5318-be41-42b5-abe8-8e9e5045e22f,2025-05-12 09:03:09.099461-04,3ec434a2-d64a-4d71-92de-4b20cf81ef06,91da1378-9cc1-4699-806c-cacefb4158ae
cf334cc9-e7eb-487b-989f-ce385d964571,2025-05-12 09:03:09.115202-04,47c6b7de-c07b-417b-9259-d71959ccce09,b1408bf4-8bdb-42e2-aa46-0ccd5eb13859
4f309bdd-6546-46e8-8721-7521ffdbafb4,2025-05-12 09:03:09.132116-04,9a9bb46f-ec14-4dad-be42-fd53a4eab20a,07c39ef8-a6a3-4341-a860-79bb8fbd9ba8
133d02dd-3038-4583-843e-2a016c128b62,2025-05-12 09:03:09.143973-04,502cad48-46f4-4319-96d6-1c3779c1250d,9461bd62-4931-4fec-8be5-6280d63aaaec
df4fa67b-bc94-4e07-8642-6f3e2cdfb4ec,2025-05-12 09:03:09.156131-04,2e6ff182-6980-4d71-ac54-5438b0e6c53b,6a8fbd2e-073f-4c30-aae9-afae0799305f
fbb3b305-01d4-4fd6-b88c-53cf833c1017,2025-05-13 11:23:41.952161-04,6799d371-beb2-4898-aa50-6d94bb409b28,3a7c7506-5e41-49eb-a66b-9a6147dc80f8
28dbfa1f-cc93-45a6-895a-d45bdd4fd795,2025-05-13 11:23:41.971104-04,2948dd59-17bb-458f-a621-c03c78b213ce,b69f21a2-cc68-4a92-a3fe-d5784d3b962a
68fc8717-c712-41b5-b590-592c942edbbe,2025-05-13 11:23:41.981381-04,d1d2426e-f659-41cc-bb71-7e467b055844,c911b2b6-fb32-446d-a539-f5d1dd0a4c0a
63f45be3-9d3f-4f9c-be8b-14d290da258e,2025-05-13 11:23:41.991809-04,85042ad0-7c34-474b-8682-394a9311e105,851ef44b-b356-44a2-bc0d-cf468bdc7814
fe6a4e4d-6074-463c-8e50-82e9f29e2286,2025-05-13 11:23:41.999261-04,ba18025f-262e-4ca9-a7f5-88a100d19b92,586ee372-d639-4d40-acad-909bc964a8af
6f3eccb4-d9bf-4e16-8b78-d038435bc35d,2025-05-13 14:41:56.124249-04,454f9d31-80b5-4c75-bce7-e79cc6847510,5d5ab56e-a712-401a-b534-0015752a29a2
eb041185-a41e-4545-9321-d91485e67860,2025-05-13 14:41:56.13316-04,b620b35d-1c4a-46a9-aa91-64dabf6f9350,96be95f7-d69f-441d-8565-ae06bfa7662f
5a7b43b5-4957-4c51-912d-8c66c8e8bd43,2025-05-13 14:41:56.141896-04,65017f0f-19bb-47d8-8163-6fdb0e0cdbaa,a8c85cef-cedb-4d7f-9a6f-7112000d51ac
fe3fc974-b936-4d51-9594-7fe19a7e108a,2025-05-13 14:41:56.149493-04,e399bd84-3602-4c7b-b23a-72f8eb07de69,36262251-5bb9-4fad-8bdd-fa0e5fd48942
8c1e1469-e55f-462a-b8f7-06e3d9d02a58,2025-05-13 14:41:56.156877-04,92638a1d-6b30-40cd-aaa0-2ea64bb4d3f9,fc52f112-bc8d-4c0b-99d2-034d2982e2af
50e8dd3e-02a4-4cec-a2ac-0af7c69eb627,2025-05-13 14:54:42.986575-04,8ea044f4-929c-43ab-b7c0-9118e879f937,0455c7e2-b7c9-4f0b-8d25-b8b085adc7a6
ed72ff6b-8928-4bde-be7a-eb62fd146a67,2025-05-13 14:54:43.008971-04,f4823853-91f0-4058-b1c0-8641ab0d67e9,430e1ee1-ace0-4ae8-a13b-1a39f47477d4
df63b931-fa81-4700-9690-526bc79639f8,2025-05-13 14:54:43.02002-04,e1d9776d-2f1b-42f4-92fe-1df7d56bda33,a401dc3c-6a96-4503-8555-9c1d0685755f
655a2449-e7f4-42c5-99a9-7286c32e0705,2025-05-13 14:54:43.034898-04,4917b642-d486-47af-b69f-d3b5b793ad96,1e0dbb09-b3e7-437d-b02b-89da5769a39b
02ad555e-d31d-4018-be6e-82f3b2e091ec,2025-05-13 14:54:43.055322-04,76070b53-594c-4ed1-b185-73cb0bd6d9d5,c2751e3b-c24b-4b89-9b64-66c524307b66
3613bf0f-ad61-4bb3-8f3d-71fe7857ea19,2025-05-13 15:02:02.401223-04,b28bcefa-2c5f-450e-b8f7-953a475933ae,27a96b64-78d2-43ae-9960-7ac4c4726f82
9b1c9981-05bd-4a6c-9a66-aa616f9c1315,2025-05-13 15:02:02.41288-04,0054979b-a055-4471-834b-0a33c757f264,6af24998-5680-46ff-925a-ff807cf5ee1c
3de42842-0394-4027-a1b8-a57b65fb185c,2025-05-13 15:02:02.424172-04,f9bda0cb-3c82-4d7b-a432-ea44440106aa,2bc96462-41bf-4511-9045-1e776a96cc8d
b3af86e9-b1e3-46d4-a69c-3d59626fd81b,2025-05-13 15:02:02.434424-04,591ae00a-f7e7-440c-90ae-9c3f4e58bab7,314b917b-9fa6-401f-8ccb-71dd2cdfdbe1
9467d801-db74-4a7c-a87d-68b5092291d9,2025-05-13 15:02:02.44162-04,75f1e827-675e-430b-aadb-07d5abeacaba,65ef2c79-5ca9-437a-b0c0-0fbdb36ad0ee
577baefa-0063-400e-81e1-0d503cb27260,2025-05-19 12:26:50.632507-04,ec6bca7c-deac-426a-92aa-15b7645f2f6f,7309ca8a-5537-4cf4-aa54-669b2c0c5648
bc63773d-ae62-40d3-ac2b-27c2586945c4,2025-05-19 12:26:50.640426-04,698f8ff6-aaf6-475c-8d24-810acfbcf50f,79fc1284-8712-42dc-b59a-1cdd3566ab90
fd9d55fa-df16-4149-8f7f-d2df53867c93,2025-05-19 12:26:50.644757-04,4f3b48b3-8f47-4152-8b93-e4b253931586,6dd83202-3049-4ab7-b4e1-9a37a3f18ac4
a72ffd4b-8d29-4b14-8500-bc08e40ddeef,2025-05-19 12:26:50.649917-04,2a1a22cc-cccb-4a1d-aa86-ed4739bc941c,81fa1ff3-2d39-49aa-a0f8-c680c8219061
e64a0ee9-221f-4577-9b4c-4102e356c469,2025-05-19 12:26:50.655078-04,749046c4-b68d-4cd6-8e91-59d78012a3bd,de70580a-14a1-4f3c-852e-ea1280b1f11a
1cf25c5b-4005-48de-95e6-d94dd86af9e0,2025-05-19 12:58:22.574699-04,c8a0ee64-524f-41b1-9bab-9d36b8c3a05c,5664442e-c913-446e-b67b-db9d1c860cab
697914ca-fd1f-4e88-a06d-62b6736751d9,2025-05-19 12:58:41.827208-04,c8a0ee64-524f-41b1-9bab-9d36b8c3a05c,bc90916e-44d9-4fc9-b846-4e21ee8378a7
df629385-5999-4566-a29b-a5ce3df79494,2025-05-19 13:00:14.46642-04,c0670816-f8a6-4e84-8527-4fad20602705,23a88209-13c8-468f-998b-23a335839950
9149c592-8da5-4cb1-be5f-436a2ade82e3,2025-05-19 13:00:34.695432-04,c0670816-f8a6-4e84-8527-4fad20602705,23a88209-13c8-468f-998b-23a335839950
2d7d9e3c-ad8c-4d73-be2d-1477d0ca523c,2025-05-28 09:53:29.115804-04,2307deea-bab1-43b5-b391-fd8c744c524f,0b2861b6-a16a-4197-910a-158610967dd9
9540fa39-2514-4a49-be8f-f750da5dbc88,2025-05-28 10:16:47.782068-04,2ecdca21-6e2d-4969-ac3e-c1d275d1a471,0b2861b6-a16a-4197-910a-158610967dd9
8248c2aa-5484-4863-9853-662bc266e561,2025-05-28 10:18:34.346892-04,2ecdca21-6e2d-4969-ac3e-c1d275d1a471,f9420f0c-81ca-4f9a-b1d4-7e25fd280399
d2537cbd-c30c-4cad-8c8d-0d041cf78726,2025-05-28 10:19:14.657918-04,2ecdca21-6e2d-4969-ac3e-c1d275d1a471,89eddcb8-7fe5-4cd1-b18b-78858f0789fb
07839e9e-8c12-4cbb-bd71-83e40d3df362,2025-05-28 10:45:05.390223-04,2f3cd3dd-f68b-4b8d-81c2-ed096aecee58,0b2861b6-a16a-4197-910a-158610967dd9
aab75ce8-5483-40a9-9552-f6014098f339,2025-05-28 10:45:26.598507-04,2f3cd3dd-f68b-4b8d-81c2-ed096aecee58,f9420f0c-81ca-4f9a-b1d4-7e25fd280399
faf3b1a2-b51d-458a-900f-a77667f25981,2025-05-28 10:45:55.95636-04,2f3cd3dd-f68b-4b8d-81c2-ed096aecee58,89eddcb8-7fe5-4cd1-b18b-78858f0789fb
a111faa2-6827-4006-86f1-64832caf8939,2025-05-28 10:52:07.757758-04,2f3cd3dd-f68b-4b8d-81c2-ed096aecee58,0b2861b6-a16a-4197-910a-158610967dd9
32433a29-6c58-4571-8e7f-1e9114646ef9,2025-05-28 10:52:19.282537-04,2f3cd3dd-f68b-4b8d-81c2-ed096aecee58,f9420f0c-81ca-4f9a-b1d4-7e25fd280399
1f57f150-06e8-4066-b4bd-923b4d168775,2025-05-28 10:52:43.147255-04,2f3cd3dd-f68b-4b8d-81c2-ed096aecee58,89eddcb8-7fe5-4cd1-b18b-78858f0789fb
c626cbc4-a7ab-4f10-a7db-4f59260ac99a,2025-05-28 10:53:08.891359-04,2f3cd3dd-f68b-4b8d-81c2-ed096aecee58,0b2861b6-a16a-4197-910a-158610967dd9
1fcd4c04-4842-430b-bdf8-bf9669fe1f01,2025-05-28 10:53:45.99424-04,2f3cd3dd-f68b-4b8d-81c2-ed096aecee58,f9420f0c-81ca-4f9a-b1d4-7e25fd280399
8dac068a-3dff-47fe-9f54-628538bdf7e0,2025-05-28 10:55:27.191677-04,2f3cd3dd-f68b-4b8d-81c2-ed096aecee58,89eddcb8-7fe5-4cd1-b18b-78858f0789fb
122ea40e-f910-4d2b-9009-dba41a05559a,2025-05-28 10:55:43.544935-04,2f3cd3dd-f68b-4b8d-81c2-ed096aecee58,0b2861b6-a16a-4197-910a-158610967dd9
4a7ac27c-9281-444a-8893-b0743896312c,2025-05-28 10:55:58.722755-04,2f3cd3dd-f68b-4b8d-81c2-ed096aecee58,f9420f0c-81ca-4f9a-b1d4-7e25fd280399
b02c7299-e2e4-45f4-9392-46714911136a,2025-05-29 10:15:00.605879-04,d13784b2-aab4-4b36-95b0-b3ba364683e5,0b2861b6-a16a-4197-910a-158610967dd9
9de400b7-aefc-4f93-96af-31d2446b85e3,2025-05-29 10:15:27.238221-04,d13784b2-aab4-4b36-95b0-b3ba364683e5,f9420f0c-81ca-4f9a-b1d4-7e25fd280399
2e9d1143-11e9-4649-95ad-432949e65ca3,2025-05-29 10:15:55.867795-04,d13784b2-aab4-4b36-95b0-b3ba364683e5,89eddcb8-7fe5-4cd1-b18b-78858f0789fb
b8a69401-7ee7-4477-8757-147663383925,2025-05-29 10:17:11.5841-04,9d8df4bc-2bde-4f2e-9240-de0d0178e8c2,0b2861b6-a16a-4197-910a-158610967dd9
6adb68fe-0b4d-4ad8-acc5-813f0142c39b,2025-05-29 10:17:25.439756-04,9d8df4bc-2bde-4f2e-9240-de0d0178e8c2,f9420f0c-81ca-4f9a-b1d4-7e25fd280399
70b0fe44-c760-46ef-83c9-83a8eb542698,2025-05-29 10:17:55.561172-04,5980a3fb-853b-4bdc-b2e6-8df1d9743cea,0b2861b6-a16a-4197-910a-158610967dd9
fbb384a3-67ae-4c6e-bf9b-8ca2634e4baa,2025-05-29 10:18:10.367456-04,5980a3fb-853b-4bdc-b2e6-8df1d9743cea,f9420f0c-81ca-4f9a-b1d4-7e25fd280399
16f81730-3532-4e61-b425-f8ea3951b036,2025-05-29 10:18:24.798462-04,5980a3fb-853b-4bdc-b2e6-8df1d9743cea,89eddcb8-7fe5-4cd1-b18b-78858f0789fb
1dd6cf4f-0697-4a47-8666-d25f52c4ef0d,2025-05-29 10:18:56.807217-04,d13784b2-aab4-4b36-95b0-b3ba364683e5,0b2861b6-a16a-4197-910a-158610967dd9
8f92c623-b26f-4e1d-aad2-ec59081e9f97,2025-05-29 10:19:22.062134-04,9d8df4bc-2bde-4f2e-9240-de0d0178e8c2,89eddcb8-7fe5-4cd1-b18b-78858f0789fb
fabf56b8-1252-4df4-9c72-df89321d238e,2025-05-29 12:26:09.086672-04,20ac7a96-4787-4915-9bd4-cbddbc35759e,0b2861b6-a16a-4197-910a-158610967dd9
7d71bb16-96a8-451b-86f2-01a92f2b01c3,2025-05-29 12:26:25.115665-04,20ac7a96-4787-4915-9bd4-cbddbc35759e,f9420f0c-81ca-4f9a-b1d4-7e25fd280399
6bd37dc6-d86d-44f1-b4fc-99870a031703,2025-05-29 12:26:37.490576-04,20ac7a96-4787-4915-9bd4-cbddbc35759e,89eddcb8-7fe5-4cd1-b18b-78858f0789fb
dd6d51da-ad2c-49fa-b633-08a630b4e238,2025-05-30 11:11:49.110392-04,900173f8-3e55-4e9b-905c-772d35de515f,95441b9a-3636-4f45-bd0a-ec35e84dd5f7
34feec66-5228-4564-a6f0-49dcdba73851,2025-05-30 11:12:04.761535-04,900173f8-3e55-4e9b-905c-772d35de515f,95441b9a-3636-4f45-bd0a-ec35e84dd5f7
6b5920ee-7910-4784-86f3-a1ace3b436fa,2025-05-30 11:24:10.606746-04,c4f930f0-dabc-4fe4-be36-22541707e977,95441b9a-3636-4f45-bd0a-ec35e84dd5f7
be22a72f-11b1-4a0b-b115-5d0e5d378890,2025-05-30 11:24:45.233106-04,c4f930f0-dabc-4fe4-be36-22541707e977,b48d36ce-2512-4ee0-a9b9-b743d72e95e9
cec99b35-f737-4955-b5c9-74062df1651c,2025-05-31 11:31:35.233555-04,3c7f10a6-ca8d-47c0-b0e2-999aee21defd,95441b9a-3636-4f45-bd0a-ec35e84dd5f7
707dbd8a-95b0-4a52-ad19-711d482ff387,2025-05-31 12:05:01.947781-04,ee5f8a97-4c21-4da3-9292-98781ab3ea8b,95441b9a-3636-4f45-bd0a-ec35e84dd5f7
391b2ceb-6e6e-4a0d-ab15-32808f03c22c,2025-05-31 12:05:16.42654-04,ee5f8a97-4c21-4da3-9292-98781ab3ea8b,b48d36ce-2512-4ee0-a9b9-b743d72e95e9
b9974767-5366-416d-8a02-8499d067ceba,2025-05-31 12:12:01.510931-04,8515c69d-d6e8-4739-b369-215b5e29e9af,95441b9a-3636-4f45-bd0a-ec35e84dd5f7
2e3ee6dd-307c-4d45-8daf-b3576221fd66,2025-05-31 12:12:11.263844-04,8515c69d-d6e8-4739-b369-215b5e29e9af,b48d36ce-2512-4ee0-a9b9-b743d72e95e9
5148e832-8ced-4947-8806-d731f399f864,2025-05-31 12:21:15.880695-04,86151c8b-8e15-43eb-8635-c4360f02cf46,95441b9a-3636-4f45-bd0a-ec35e84dd5f7
b2a1e017-d5fd-4108-977e-c0856a65dc71,2025-05-31 12:21:26.445139-04,86151c8b-8e15-43eb-8635-c4360f02cf46,23f00a69-55b7-4c29-b777-5c278b7088ed
ad65e7ce-18f7-43bc-b736-ddc29edaf918,2025-05-31 12:22:16.535951-04,86151c8b-8e15-43eb-8635-c4360f02cf46,f9420f0c-81ca-4f9a-b1d4-7e25fd280399
c5e705ee-bc54-41a3-b532-b61d4c5bb6cd,2025-05-31 12:23:55.361228-04,f0d8cf7c-9125-470c-9151-05578d9996c4,95441b9a-3636-4f45-bd0a-ec35e84dd5f7
19be5ec0-5dc0-47f8-93f5-d37b1a442665,2025-05-31 12:24:01.373812-04,f0d8cf7c-9125-470c-9151-05578d9996c4,23f00a69-55b7-4c29-b777-5c278b7088ed
886f4415-a17a-4aab-8b06-cbcc14b29adc,2025-05-31 12:24:11.535968-04,f0d8cf7c-9125-470c-9151-05578d9996c4,89eddcb8-7fe5-4cd1-b18b-78858f0789fb
5f345eaf-34bd-4f58-bf39-5a1b6707fb98,2025-05-31 12:25:01.60781-04,f0d8cf7c-9125-470c-9151-05578d9996c4,95441b9a-3636-4f45-bd0a-ec35e84dd5f7
af497cb7-bb00-4699-b5cb-7fa575bf2dc4,2025-05-31 12:25:18.190162-04,f0d8cf7c-9125-470c-9151-05578d9996c4,3f467ee3-4874-4ad1-82b1-99be06f575ab
d312ed45-35a1-4d8b-9487-044d289a4485,2025-05-31 12:25:30.160989-04,f0d8cf7c-9125-470c-9151-05578d9996c4,3f467ee3-4874-4ad1-82b1-99be06f575ab
7e26bf6e-e87d-4fd4-948c-ae22ae16648c,2025-05-31 12:26:56.966987-04,f0d8cf7c-9125-470c-9151-05578d9996c4,89eddcb8-7fe5-4cd1-b18b-78858f0789fb
9ef0d049-f7cc-453b-8d66-35e4ea6bbb49,2025-05-31 12:27:19.689326-04,f0d8cf7c-9125-470c-9151-05578d9996c4,95441b9a-3636-4f45-bd0a-ec35e84dd5f7
f3ba547c-e8a1-4485-903f-4ef63e1c9d5d,2025-05-31 12:27:29.913422-04,f0d8cf7c-9125-470c-9151-05578d9996c4,1bda7846-31b4-4983-92ec-161eba46c758
c7406572-6612-4cb7-a3b7-bde3f05185d0,2025-05-31 12:27:46.481661-04,f0d8cf7c-9125-470c-9151-05578d9996c4,89eddcb8-7fe5-4cd1-b18b-78858f0789fb
3fedd3f8-1588-48d4-8834-05ce53808abb,2025-06-02 10:14:33.026194-04,2918f680-9a6b-4fe5-99ff-b6d7e119e1c2,95441b9a-3636-4f45-bd0a-ec35e84dd5f7
2d45e0a2-dfaa-451e-ba15-5cecee9a25d6,2025-06-02 10:14:40.6354-04,2918f680-9a6b-4fe5-99ff-b6d7e119e1c2,95441b9a-3636-4f45-bd0a-ec35e84dd5f7
459de3d0-8530-4449-8cff-620c8513aeff,2025-06-02 10:22:13.173798-04,4ac4a74a-3314-42a0-b984-9cc3bb68c797,95441b9a-3636-4f45-bd0a-ec35e84dd5f7
1a88d5fc-16cb-4559-b6f4-efeea6269919,2025-06-02 10:22:22.09239-04,4ac4a74a-3314-42a0-b984-9cc3bb68c797,95441b9a-3636-4f45-bd0a-ec35e84dd5f7
9f88424d-cae9-451f-900e-ee81777ad559,2025-06-02 10:31:21.878289-04,ff396154-adf7-4681-bafb-fec4ad5375f4,95441b9a-3636-4f45-bd0a-ec35e84dd5f7
b40f4406-7ef9-4113-93d7-02ddbdc535a8,2025-06-02 10:32:02.164793-04,ff396154-adf7-4681-bafb-fec4ad5375f4,23f00a69-55b7-4c29-b777-5c278b7088ed
6ae6a5d0-8101-45ed-b1c9-393a7f59ba55,2025-06-02 10:32:31.737953-04,ff396154-adf7-4681-bafb-fec4ad5375f4,89eddcb8-7fe5-4cd1-b18b-78858f0789fb
85a66507-a730-4fb2-a7c2-7163f06cc6f4,2025-06-02 10:33:03.626429-04,ff396154-adf7-4681-bafb-fec4ad5375f4,95441b9a-3636-4f45-bd0a-ec35e84dd5f7
a7a2d0d0-2685-4250-ab5b-e2617df8bc66,2025-06-02 10:33:17.492502-04,ff396154-adf7-4681-bafb-fec4ad5375f4,3f467ee3-4874-4ad1-82b1-99be06f575ab
e225115c-69fa-4ca6-9b11-8de8a5b5e538,2025-06-02 10:33:32.864164-04,ff396154-adf7-4681-bafb-fec4ad5375f4,3f467ee3-4874-4ad1-82b1-99be06f575ab
eadbc420-0016-4900-88ae-d5f3c984611a,2025-06-02 10:35:05.829221-04,ff396154-adf7-4681-bafb-fec4ad5375f4,3f467ee3-4874-4ad1-82b1-99be06f575ab
c0004740-040c-430b-a834-b1125885af40,2025-06-02 10:35:15.232374-04,ff396154-adf7-4681-bafb-fec4ad5375f4,3f467ee3-4874-4ad1-82b1-99be06f575ab
7338ad31-6832-4622-9c32-fcae8dd79d93,2025-06-02 10:35:58.809258-04,ff396154-adf7-4681-bafb-fec4ad5375f4,89eddcb8-7fe5-4cd1-b18b-78858f0789fb
d2c2c565-4646-4302-8631-86c2fa42ff03,2025-06-02 10:36:17.185517-04,ff396154-adf7-4681-bafb-fec4ad5375f4,95441b9a-3636-4f45-bd0a-ec35e84dd5f7
44e5810d-d631-4af2-aeb4-00c5abd0ef94,2025-06-03 11:01:57.237975-04,a6c896a7-0458-4074-ac87-3b8654bf7017,89eddcb8-7fe5-4cd1-b18b-78858f0789fb
294e1dd5-141b-40d3-8091-1d0f29d7a40d,2025-06-03 11:02:11.850548-04,a6c896a7-0458-4074-ac87-3b8654bf7017,89eddcb8-7fe5-4cd1-b18b-78858f0789fb
3a639f40-457e-488d-af5e-d6badd211be8,2025-06-03 11:02:47.841066-04,a6c896a7-0458-4074-ac87-3b8654bf7017,89eddcb8-7fe5-4cd1-b18b-78858f0789fb
111d1b4b-8d67-4cac-b744-469b431f44e0,2025-06-03 11:10:01.377894-04,ad9c58e0-c81f-41b9-a4ac-4c761764bcdf,95441b9a-3636-4f45-bd0a-ec35e84dd5f7
2fe59451-4ed7-4a59-bf67-2095fee60914,2025-06-03 11:10:12.331585-04,ad9c58e0-c81f-41b9-a4ac-4c761764bcdf,23f00a69-55b7-4c29-b777-5c278b7088ed
1e6e4ac4-526c-4a69-b580-bf29a1ff27e7,2025-06-03 11:10:40.229955-04,ad9c58e0-c81f-41b9-a4ac-4c761764bcdf,95441b9a-3636-4f45-bd0a-ec35e84dd5f7
d7473ecf-bdb8-4d22-95df-63734baf319d,2025-06-03 11:11:15.613891-04,ad9c58e0-c81f-41b9-a4ac-4c761764bcdf,3f467ee3-4874-4ad1-82b1-99be06f575ab
dd586cb1-6406-42b0-a2ed-19b9c163d64e,2025-06-03 11:11:27.050546-04,ad9c58e0-c81f-41b9-a4ac-4c761764bcdf,95441b9a-3636-4f45-bd0a-ec35e84dd5f7
2f262f06-84ad-477d-b430-cd76c0e0f4c5,2025-06-03 11:11:48.273774-04,ad9c58e0-c81f-41b9-a4ac-4c761764bcdf,1bda7846-31b4-4983-92ec-161eba46c758
afbaac94-c86a-4a71-8c35-2a3281f9b394,2025-06-03 11:11:59.519725-04,ad9c58e0-c81f-41b9-a4ac-4c761764bcdf,95441b9a-3636-4f45-bd0a-ec35e84dd5f7
092b92e3-0fbd-4dff-b7eb-abee6c8d1bb0,2025-06-04 17:58:10.97631-04,c0c87c5a-b3fb-4c37-94f3-e5bcf9be3ddc,95441b9a-3636-4f45-bd0a-ec35e84dd5f7
a5f783c2-5230-4df1-be2d-539cc875461c,2025-06-04 17:58:17.139757-04,c0c87c5a-b3fb-4c37-94f3-e5bcf9be3ddc,23f00a69-55b7-4c29-b777-5c278b7088ed
014a2f79-2168-4e77-bb23-098ae158e62e,2025-06-04 17:58:27.386749-04,c0c87c5a-b3fb-4c37-94f3-e5bcf9be3ddc,95441b9a-3636-4f45-bd0a-ec35e84dd5f7
b30be895-f5c1-4652-8d26-1c12aff02c02,2025-06-04 17:58:39.611131-04,c0c87c5a-b3fb-4c37-94f3-e5bcf9be3ddc,1bda7846-31b4-4983-92ec-161eba46c758
9fcd78c2-0930-435a-ab5a-4ed3bc6338f0,2025-06-04 17:58:46.925324-04,c0c87c5a-b3fb-4c37-94f3-e5bcf9be3ddc,95441b9a-3636-4f45-bd0a-ec35e84dd5f7
3b9f3e5a-e32f-42ce-82d0-740d3db3ed42,2025-06-04 18:11:20.976017-04,51e98212-803d-4f95-a3d2-504b3d0f62f6,95441b9a-3636-4f45-bd0a-ec35e84dd5f7
6ad28b73-f74a-4e1d-83fe-5377b061cc81,2025-06-04 18:11:33.38073-04,51e98212-803d-4f95-a3d2-504b3d0f62f6,3f467ee3-4874-4ad1-82b1-99be06f575ab
7874dec7-e756-486c-bc30-8d679f81c48b,2025-06-04 18:11:44.070087-04,51e98212-803d-4f95-a3d2-504b3d0f62f6,95441b9a-3636-4f45-bd0a-ec35e84dd5f7
cd0dc36b-947c-4779-a1d3-86eb203ce9f1,2025-06-05 15:26:18.602527-04,0b1cf2a3-f670-4b63-81f7-6eebb3dcd906,23b09d2a-18f7-46ac-bff2-3968bd3a4dbe
7475ff2e-4dd4-4835-959b-0a5d4edea6c0,2025-06-09 09:56:13.793937-04,944c81f1-d3c3-424f-9d41-b9453f7967cf,23b09d2a-18f7-46ac-bff2-3968bd3a4dbe
aaa4fe65-6ecc-41d2-b58c-d401b95b0aa3,2025-06-09 11:02:48.110897-04,e8df7ee7-60e2-464a-948f-49f85d873307,23b09d2a-18f7-46ac-bff2-3968bd3a4dbe
ce0ad089-268a-4292-bc72-8d4c26294467,2025-06-09 11:03:10.133591-04,e8df7ee7-60e2-464a-948f-49f85d873307,23b09d2a-18f7-46ac-bff2-3968bd3a4dbe
4d4466a1-4451-4a3a-b0a9-e674427eaa04,2025-06-09 12:29:01.126584-04,2cd1ac7f-d629-4d36-b398-a45b401df96e,525028ae-0a33-4c80-a22f-868f77bb9531
49698804-c236-4810-8fb3-bfd9f26f3cfe,2025-06-09 12:29:13.306428-04,2cd1ac7f-d629-4d36-b398-a45b401df96e,ae28c0e3-9303-4807-979f-694bc9981dd7
a13e3f3a-49e1-44ae-8a43-38689db771b3,2025-06-09 12:33:49.283133-04,c0b023ad-e631-4da8-97f3-caf4dd914b62,525028ae-0a33-4c80-a22f-868f77bb9531
0667408e-7b4f-4593-9fc4-cb5ea4f43033,2025-06-09 12:33:59.350562-04,c0b023ad-e631-4da8-97f3-caf4dd914b62,ae28c0e3-9303-4807-979f-694bc9981dd7
dd8c4893-cf55-41df-b007-003e9cd24b98,2025-06-09 12:34:15.153089-04,bf7820fa-41bb-4ef2-bc16-31bd0af92249,89eddcb8-7fe5-4cd1-b18b-78858f0789fb
cf9ee22c-d79c-4b14-82f5-f58014fa0732,2025-06-09 12:34:29.273057-04,bf7820fa-41bb-4ef2-bc16-31bd0af92249,95441b9a-3636-4f45-bd0a-ec35e84dd5f7
10af62fa-5418-41c2-ba04-98c93ac9842b,2025-06-09 12:34:43.145513-04,bf7820fa-41bb-4ef2-bc16-31bd0af92249,95441b9a-3636-4f45-bd0a-ec35e84dd5f7
fc2092d4-03ce-420d-89bc-e4d10787dcf5,2025-06-09 12:34:58.177254-04,2f9afd47-564c-4e55-a136-68c78cbab43a,23b09d2a-18f7-46ac-bff2-3968bd3a4dbe
f30904c4-1bf1-4ed2-bbed-5978e226c7ae,2025-06-09 12:35:12.536591-04,2f9afd47-564c-4e55-a136-68c78cbab43a,23b09d2a-18f7-46ac-bff2-3968bd3a4dbe
55751f53-dc46-4927-99d4-cf3e978184d4,2025-06-09 16:16:23.138902-04,8ccf609e-8651-4409-b01b-2a50514048b7,95441b9a-3636-4f45-bd0a-ec35e84dd5f7
1d568c9f-6322-4c53-9abf-3e536bcc203b,2025-06-09 16:16:31.686827-04,8ccf609e-8651-4409-b01b-2a50514048b7,1bda7846-31b4-4983-92ec-161eba46c758
f03b17d9-4478-4c67-84ff-8acd58a33776,2025-06-09 16:16:44.233952-04,8ccf609e-8651-4409-b01b-2a50514048b7,95441b9a-3636-4f45-bd0a-ec35e84dd5f7
7b4f39dc-01d0-4ab2-b39d-f09a328e0f9f,2025-06-09 16:21:51.312051-04,38f8cad0-a98b-4ca5-8741-c4f67ef21452,ae28c0e3-9303-4807-979f-694bc9981dd7
57f0f8b3-968e-4650-a4e2-e30cacf59f22,2025-06-09 16:23:07.744529-04,38f8cad0-a98b-4ca5-8741-c4f67ef21452,aec8789f-546f-42c2-b1d5-c80bd10014f0
bd8834e0-98fb-4831-acf8-2e2ea848b2b6,2025-06-09 16:24:06.066434-04,f8f83435-a9f2-4382-9d4e-f7858fae7b48,23b09d2a-18f7-46ac-bff2-3968bd3a4dbe
6b3fd033-b95e-45a9-b5dd-c83629c33024,2025-06-09 16:24:37.71392-04,f8f83435-a9f2-4382-9d4e-f7858fae7b48,23b09d2a-18f7-46ac-bff2-3968bd3a4dbe
6923be35-bf6d-4882-ba23-cadab71a3653,2025-06-09 16:25:03.333005-04,41ef7192-bb02-4759-b5f8-97dbaf3e7238,95441b9a-3636-4f45-bd0a-ec35e84dd5f7
fb8f3e74-8d7f-4409-b9a2-d66b2a59e3e5,2025-06-09 16:25:21.861138-04,41ef7192-bb02-4759-b5f8-97dbaf3e7238,3f467ee3-4874-4ad1-82b1-99be06f575ab
6079fde8-a366-4402-af69-fc095c50908c,2025-06-09 16:25:38.472487-04,41ef7192-bb02-4759-b5f8-97dbaf3e7238,95441b9a-3636-4f45-bd0a-ec35e84dd5f7
fbad5388-1718-436a-82f3-d8156ba5b4e3,2025-06-09 16:25:55.118879-04,41ef7192-bb02-4759-b5f8-97dbaf3e7238,23f00a69-55b7-4c29-b777-5c278b7088ed
a5cebf45-1345-4485-93b0-644d32507bfe,2025-06-09 16:26:14.488807-04,41ef7192-bb02-4759-b5f8-97dbaf3e7238,23f00a69-55b7-4c29-b777-5c278b7088ed
951d2930-5e89-410e-b0f3-cb87ea11c04e,2025-06-09 16:26:28.508709-04,41ef7192-bb02-4759-b5f8-97dbaf3e7238,95441b9a-3636-4f45-bd0a-ec35e84dd5f7
6c5232ea-5c1c-4052-858a-275df54e5f77,2025-06-09 16:26:44.635651-04,41ef7192-bb02-4759-b5f8-97dbaf3e7238,1bda7846-31b4-4983-92ec-161eba46c758
f1494a6c-9464-4ce6-a1a8-1cde760c0279,2025-06-09 16:26:55.77005-04,41ef7192-bb02-4759-b5f8-97dbaf3e7238,95441b9a-3636-4f45-bd0a-ec35e84dd5f7
e6525094-0f74-434d-a26d-706dc2ece942,2025-06-09 16:39:47.777354-04,31637d2b-0330-4e44-bac6-fbca5be8f8f6,95441b9a-3636-4f45-bd0a-ec35e84dd5f7
05d4940f-9738-44db-b79d-9dd13417646b,2025-06-09 16:40:01.051605-04,31637d2b-0330-4e44-bac6-fbca5be8f8f6,23f00a69-55b7-4c29-b777-5c278b7088ed
0b6a5f08-929b-4e2e-a886-012bbb0eb96a,2025-06-09 16:40:14.496065-04,31637d2b-0330-4e44-bac6-fbca5be8f8f6,95441b9a-3636-4f45-bd0a-ec35e84dd5f7
8c3bfe74-0083-48ec-b688-c093a010563c,2025-06-09 16:40:28.270971-04,4ba7ca78-5fe7-42cd-a5d6-da299039d447,23b09d2a-18f7-46ac-bff2-3968bd3a4dbe
13e4298b-6905-4022-9932-ab3ef4eaae55,2025-06-09 16:41:15.968005-04,2080d164-6c22-40ae-ad70-44e48c929e7c,ae28c0e3-9303-4807-979f-694bc9981dd7
c6809364-4bd3-4ae5-9bb2-672b1e78af30,2025-06-09 16:40:55.295896-04,4ba7ca78-5fe7-42cd-a5d6-da299039d447,23b09d2a-18f7-46ac-bff2-3968bd3a4dbe
b6dbaa72-3db6-4b3d-8022-3f92a6b37b57,2025-06-09 16:41:42.770047-04,2080d164-6c22-40ae-ad70-44e48c929e7c,aec8789f-546f-42c2-b1d5-c80bd10014f0
e1d467ba-beaa-420f-9e15-085e1e4c0610,2025-06-09 18:47:11.218626-04,43aac56f-aac9-42f5-9654-064d37c77df5,95441b9a-3636-4f45-bd0a-ec35e84dd5f7
77a88eb1-14fd-4a04-b9cd-3b2cb404c66e,2025-06-09 18:47:18.895207-04,43aac56f-aac9-42f5-9654-064d37c77df5,23f00a69-55b7-4c29-b777-5c278b7088ed
3e45bde1-16d9-461b-96f4-199f2f91bc3d,2025-06-09 18:47:29.994923-04,43aac56f-aac9-42f5-9654-064d37c77df5,95441b9a-3636-4f45-bd0a-ec35e84dd5f7
53e93e74-0a83-4171-8757-4424d4cf54f4,2025-06-09 18:47:43.575199-04,2c64cce4-dd4f-4044-8961-d64ffed39496,23b09d2a-18f7-46ac-bff2-3968bd3a4dbe
f0192bdd-2f35-4b3b-b986-d0f7eb68a770,2025-06-09 18:47:59.921704-04,2c64cce4-dd4f-4044-8961-d64ffed39496,23b09d2a-18f7-46ac-bff2-3968bd3a4dbe
054eef8d-10cd-413f-98cb-da4908a7fafb,2025-06-09 18:48:13.725141-04,f99ec3d7-0696-40cf-9084-a50eee643892,ae28c0e3-9303-4807-979f-694bc9981dd7
059fdf29-7bf6-4dff-b3ee-172e4ab969d2,2025-06-09 18:48:20.506025-04,f99ec3d7-0696-40cf-9084-a50eee643892,aec8789f-546f-42c2-b1d5-c80bd10014f0
61156fd8-ab3a-46a7-b855-03f790ba3acf,2025-06-10 12:35:28.322707-04,95b28868-46a7-4f86-8d1d-3c2c082b3a08,e2e1c069-0c5f-401c-92b3-2711d4d1b295
43585c53-0f34-473b-b93a-dd2b8e0a2a8c,2025-06-10 13:01:26.16262-04,58f9151c-6c4f-48da-9aae-99adb6f8bcb1,d53abb59-acb2-4aff-ac48-6741629daf54
58cca7c3-0ebc-4b91-ac67-c34911c942ef,2025-06-10 20:34:15.437018-04,81a7f906-f25a-464f-8efa-9a10e59fbe29,cc8125d3-9f71-4dee-b75f-ed30ea12bfe2
9048a772-e1d9-4820-82ff-6665ea2f74aa,2025-06-10 20:34:26.561765-04,81a7f906-f25a-464f-8efa-9a10e59fbe29,d9dbe4dd-4496-4cc3-a517-d97cb94c5a43
72570e28-b050-4b34-9633-92877a8e5fb4,2025-06-10 20:34:38.010861-04,81a7f906-f25a-464f-8efa-9a10e59fbe29,d9dbe4dd-4496-4cc3-a517-d97cb94c5a43
6258f6d4-e65f-4fd3-8648-c269a8d78d20,2025-06-10 20:34:56.583918-04,74b047a6-a05c-46a0-9d1b-5b8adb3867d7,cc8125d3-9f71-4dee-b75f-ed30ea12bfe2
9a021591-96f7-4819-9647-e1577b56a5ec,2025-06-10 20:35:14.022644-04,74b047a6-a05c-46a0-9d1b-5b8adb3867d7,24ab282a-7656-4f1d-9282-e6b003b8ea15
40e1462d-eb56-417f-a834-fa74d328c594,2025-06-10 20:35:38.086046-04,74b047a6-a05c-46a0-9d1b-5b8adb3867d7,24ab282a-7656-4f1d-9282-e6b003b8ea15
ac8be4f6-ea1c-41ea-93b4-95c653d6c164,2025-06-10 20:35:48.071124-04,eadd323b-23a0-4cad-bed3-6506a8d9d478,cc8125d3-9f71-4dee-b75f-ed30ea12bfe2
6dad0579-8c31-4dad-8796-196276a0c7fc,2025-06-10 20:36:26.019391-04,eadd323b-23a0-4cad-bed3-6506a8d9d478,fcde0d78-62e9-4ff9-9c61-8d198f605495
99995daf-a3f7-441f-b45a-13742cb36ff6,2025-06-10 20:36:41.117139-04,eadd323b-23a0-4cad-bed3-6506a8d9d478,fcde0d78-62e9-4ff9-9c61-8d198f605495
d4c0a537-0a04-4c2b-b922-9460072bea24,2025-06-10 20:37:05.59545-04,eadd323b-23a0-4cad-bed3-6506a8d9d478,fcde0d78-62e9-4ff9-9c61-8d198f605495
8839f380-da3e-407a-8658-a2d78890255a,2025-06-11 09:33:11.090025-04,9889cdf0-c763-4b61-bd92-41452442dcab,ed0fbc0d-a3e3-40b4-91a4-9be24803e2db
068e1bca-576d-4b2f-8ab1-3a1ef0087af6,2025-06-11 09:33:41.481893-04,9889cdf0-c763-4b61-bd92-41452442dcab,ed0fbc0d-a3e3-40b4-91a4-9be24803e2db
1635573c-ab3b-4977-b8d4-5c1a92a38ce0,2025-06-11 09:33:52.347691-04,9889cdf0-c763-4b61-bd92-41452442dcab,eff5596e-c39a-432c-8dd5-7fd596d8182d
ca7af3ad-b6f6-4eed-8161-2bfeb721560b,2025-06-11 09:47:06.494143-04,9889cdf0-c763-4b61-bd92-41452442dcab,eff5596e-c39a-432c-8dd5-7fd596d8182d
7f9b0f35-1b65-4166-969f-f319c7f0568b,2025-06-11 09:47:26.4521-04,9889cdf0-c763-4b61-bd92-41452442dcab,eff5596e-c39a-432c-8dd5-7fd596d8182d
d50fbe92-41ad-456e-b21d-7315c02c2f30,2025-07-08 16:01:52.889894-04,011548e8-0d01-4eb1-99e7-3d5c132173db,95441b9a-3636-4f45-bd0a-ec35e84dd5f7
77ce6310-9540-43e1-a514-91ce4aa6ae59,2025-07-08 16:02:11.161225-04,011548e8-0d01-4eb1-99e7-3d5c132173db,23f00a69-55b7-4c29-b777-5c278b7088ed
1f2a8fe6-f71e-44f3-8ffb-4c3fdc5ca07a,2025-07-08 16:02:41.412843-04,011548e8-0d01-4eb1-99e7-3d5c132173db,95441b9a-3636-4f45-bd0a-ec35e84dd5f7
b3a0a443-641e-45d5-be8d-d4ce95727ee3,2025-07-08 16:02:55.353472-04,011548e8-0d01-4eb1-99e7-3d5c132173db,3f467ee3-4874-4ad1-82b1-99be06f575ab
cacc0d12-a681-461b-9d0a-46f741c650f6,2025-07-08 16:03:08.8757-04,011548e8-0d01-4eb1-99e7-3d5c132173db,95441b9a-3636-4f45-bd0a-ec35e84dd5f7
9f9750d0-1d15-4dfd-a60d-bc1f436b3e8c,2025-07-08 16:10:29.036709-04,54cd2408-9da1-40fe-b487-4db87a45d2a8,95441b9a-3636-4f45-bd0a-ec35e84dd5f7
f13eab79-e793-44f9-ac12-fe7b72023dde,2025-07-08 16:10:39.017583-04,54cd2408-9da1-40fe-b487-4db87a45d2a8,1bda7846-31b4-4983-92ec-161eba46c758
a00984f9-1b75-45c0-bed3-b22734c597ce,2025-07-08 16:10:49.918249-04,54cd2408-9da1-40fe-b487-4db87a45d2a8,95441b9a-3636-4f45-bd0a-ec35e84dd5f7
53bf88b5-7382-4e03-b9dc-99ca68fe8459,2025-07-08 16:23:54.039539-04,a9ebabfc-2ed4-41f1-beb7-703286df6638,95441b9a-3636-4f45-bd0a-ec35e84dd5f7
