id,dlvr_at
9d261189-94ce-4c93-9fb2-200fdab03fe4,2025-05-06 11:02:06.437263-04
40ceacfa-59d9-4570-a4e7-96e1ff8a5ba8,2025-05-06 11:02:06.468202-04
2a4d4c30-2333-4e85-91ee-4a30cbbdda31,2025-05-06 11:02:06.475712-04
446e9f3b-d425-4b5b-a675-6d1c40f918aa,2025-05-06 11:02:06.48046-04
953a08e9-53cd-47c8-b670-c1183dee9a95,2025-05-06 11:02:06.484322-04
7f364916-0eda-468d-8610-d27752853c67,2025-05-06 17:02:08.712027-04
fe541c03-ca7e-42c5-9d06-6e6f2593429c,2025-05-06 17:02:08.720653-04
7113b382-0f97-4198-96a7-28548cea27a9,2025-05-06 17:02:08.7251-04
e6015403-e335-434c-9c8c-7546e82107ca,2025-05-06 17:02:08.733224-04
1161ba9a-f772-433f-8161-05b34ed14a7a,2025-05-06 17:02:08.736816-04
0242d097-9077-4acc-9ebe-9bd0bb15d2cb,2025-05-12 09:03:09.231032-04
b221c769-3bcb-4bce-bb50-75b2dcd24776,2025-05-12 09:03:09.237993-04
48848dc3-1626-42f2-b267-f6d616abb1ce,2025-05-12 09:03:09.241172-04
8d3e4d23-2f98-4f6a-b9c1-8f2c6303ffa5,2025-05-12 09:03:09.243901-04
ee9c6dd7-16dc-4ffd-a98a-f1ded25fba04,2025-05-12 09:03:09.247387-04
db1edae5-573c-48ec-931d-20dc811f8a29,2025-05-13 11:23:42.083028-04
6dd24a17-6c08-4d18-8b18-4187a5c04e68,2025-05-13 11:23:42.089719-04
39af9450-f37e-4206-84dc-6d785e427eb3,2025-05-13 11:23:42.09325-04
1f54eabb-5af9-47e3-a4fe-00f327cd2ddb,2025-05-13 11:23:42.096208-04
f2dc7639-c00a-4414-9b9d-04594047d96b,2025-05-13 11:23:42.099849-04
70a6130d-8a6c-4a4b-bee2-845831138277,2025-05-13 14:41:56.224016-04
6c8c43f7-da42-4e66-af86-69fa27c18021,2025-05-13 14:41:56.230512-04
52401040-ae40-461a-a92f-632f3a49919c,2025-05-13 14:41:56.234132-04
d406eb0c-b504-45b7-b795-e0a89308247a,2025-05-13 14:41:56.237511-04
c1880ec0-afda-4254-8f06-c23b4d779659,2025-05-13 14:41:56.240852-04
8560640d-d097-46b0-9cd2-c157a43a9fc6,2025-05-13 14:54:43.02631-04
5da874bd-7792-4902-828f-f37cb9b336b9,2025-05-13 14:54:43.036878-04
380f3177-5e43-4ec5-8832-7cb6ef3e9919,2025-05-13 14:54:43.04308-04
3ecfdfca-9a8e-4080-8972-311ed4ff27e1,2025-05-13 14:54:43.053428-04
fb7b06d7-08fe-41f9-8c66-6ea50b32d8b6,2025-05-13 14:54:43.058288-04
3940932d-1582-495e-a3b7-20cea2fbafb1,2025-05-13 15:02:02.496014-04
5f4e6cbe-344f-4416-ac17-e47242fad20e,2025-05-13 15:02:02.503522-04
f6687d05-d334-4ca0-ba94-02c7637d68ff,2025-05-13 15:02:02.507205-04
13a46a11-c3cc-4f8c-b1b2-432649f33b42,2025-05-13 15:02:02.512117-04
88267599-06e5-4a5d-b777-fbaf41294b8e,2025-05-13 15:02:02.515362-04
af0409d7-afb9-41a6-b4de-fef08e937044,2025-05-19 12:26:50.715013-04
960e6e40-49fd-4ebc-ad9b-ec1333f1cc7b,2025-05-19 12:26:50.720604-04
c3609aa4-7f9e-4f25-ae0c-78d37639010e,2025-05-19 12:26:50.72377-04
b0043b1f-a807-45b3-9c0e-3f62d9783e9a,2025-05-19 12:26:50.726632-04
adbd826b-0abf-4b9b-9412-62b8ec538639,2025-05-19 12:26:50.729572-04
050bf057-94c2-40bc-9bd9-6d05260d2841,2025-05-19 12:58:22.643195-04
e66e986d-958e-401a-9ab6-08762f48b680,2025-05-19 12:58:41.884784-04
f0ed3e47-1e04-4e56-8a3b-fda8d7468a3b,2025-05-19 13:00:14.52096-04
85a0d5d7-282b-4c20-bac7-6b6ec5708eb2,2025-05-19 13:00:34.749791-04
dcdc201f-690c-4aee-8dff-254e5b8a696e,2025-05-28 10:16:47.883023-04
d38a4dcd-b104-4ce8-9a36-8b35928210e5,2025-05-28 10:18:34.360515-04
4b22d1a6-5bf3-4c4b-a08f-4e03232c0bae,2025-05-28 10:19:14.66975-04
aaadb39a-5412-4848-8fce-ead59ca9a438,2025-05-28 10:45:05.474013-04
663a4a80-8068-4110-a124-11554f98c91a,2025-05-28 10:45:26.60663-04
e2e92694-9c8f-4b87-8f2b-c0ad19d56dab,2025-05-28 10:45:55.967436-04
9e2650b8-18ff-4cc1-ac4e-b9dc02b188cd,2025-05-28 10:52:07.785207-04
760c04b5-ae2a-4c61-a6a5-2a99e50ee8d8,2025-05-28 10:52:19.283706-04
b7a54685-b2f0-4539-be37-e72bc5a5ed7b,2025-05-28 10:52:43.155201-04
654282ee-19c2-43e5-9456-5c56b9f26665,2025-05-28 10:53:08.895337-04
bf2982f6-a1d0-4df1-ad8c-74ea95ba7212,2025-05-28 10:53:46.003185-04
12cb53bb-97cf-46e4-848d-bd57adc08743,2025-05-28 10:55:27.199594-04
1c2b39c0-ec83-4a5b-9d9c-2d496b7d7178,2025-05-28 10:55:43.549944-04
2debf0e2-3d0b-45ab-a67c-fa457c6dab51,2025-05-28 10:55:58.733484-04
79440366-68fb-4485-bc16-5c4bff82fc2d,2025-05-29 10:15:00.711029-04
169c62d2-79e6-4b22-82a0-319c0394e2d4,2025-05-29 10:15:27.243401-04
d413b97e-217a-4251-8244-3a1bdadd07cc,2025-05-29 10:15:55.878314-04
b6bffb1d-ecdf-4a7d-9f9b-ec4de49ee896,2025-05-29 10:17:11.592679-04
bfbbeb4f-a5b1-471b-af48-4be7d4d9bbca,2025-05-29 10:17:25.448603-04
e99a4f9a-f755-4f2d-91dd-828831b71719,2025-05-29 10:17:55.569439-04
56ff3072-5277-4ce2-a17c-085bc1f1bb1e,2025-05-29 10:18:10.375295-04
a13724f6-1b6e-482a-a382-9d3c69253306,2025-05-29 10:18:24.807717-04
0abee026-293a-4fbd-88c8-4aa32895fa8c,2025-05-29 10:18:56.820508-04
f10c87b2-dfe2-4f45-b015-483338301900,2025-05-29 10:19:22.072249-04
fa609daf-1b0f-410a-bee2-7124cb58687a,2025-05-29 12:26:09.169015-04
101951bc-be5b-4da8-9089-e8017ae47913,2025-05-29 12:26:25.12725-04
acc3770e-cbb9-447f-a734-4087706702bd,2025-05-29 12:26:37.495226-04
8b556886-d5c8-490f-a4a5-9ad5e201aed3,2025-05-30 11:11:49.190013-04
5c9d547f-fb87-4187-8e25-c14eb9214adb,2025-05-30 11:12:04.775932-04
36ff75c6-ef26-4f9c-8e82-a3a951a54a7e,2025-05-30 11:24:10.685015-04
5f0df034-7389-46df-bd07-b0f262199642,2025-05-30 11:24:45.242286-04
f8f3e472-0608-47c9-9c21-6c8d154a43bb,2025-05-31 11:31:35.315012-04
bf012200-22a4-47c2-a553-b3982ea09f42,2025-05-31 12:05:02.033017-04
ed006428-fbf1-497a-9f19-868f8efa0f5c,2025-05-31 12:05:16.43562-04
05eada4d-5019-45a7-add0-b3d2b7c56bf5,2025-05-31 12:05:16.440718-04
d2da0dcc-9c59-40e5-9665-a91d95586784,2025-05-31 12:12:01.585013-04
32dcf8c0-ba0e-41be-9677-24f015f7c8c9,2025-05-31 12:12:11.268124-04
7bf06c6c-f83f-45e0-8e23-e7011764c158,2025-05-31 12:12:11.271702-04
4fb60cd9-7b2d-4481-84da-1a8a6d3c3c67,2025-05-31 12:21:15.960013-04
0f06aea3-24e7-4dc0-92d0-0c12240b1b40,2025-05-31 12:21:26.451221-04
ac7828d3-49c1-4b7b-af0b-d230ede9e008,2025-05-31 12:21:26.457993-04
0631e8f8-8e84-4171-ba5c-36e6e07708a6,2025-05-31 12:22:16.543965-04
a336b517-9ae9-4eab-b6ee-257bdedacb87,2025-05-31 12:23:55.442012-04
bcadccb2-7a01-4455-bbdc-146ab24417d6,2025-05-31 12:24:01.380899-04
5ac1adb8-75b8-49f8-9909-f895db2320c5,2025-05-31 12:24:01.387109-04
5e3806b4-f6b3-498e-a4e7-b7a6ba775b11,2025-05-31 12:24:11.547961-04
09c47cb8-b134-48eb-9df7-cb6c78c50db6,2025-05-31 12:24:11.555008-04
db575375-e55d-4ac4-aa53-6aa8682999ab,2025-05-31 12:25:01.628877-04
32e3c67e-2092-4b58-a3cf-cd3316d0e11b,2025-05-31 12:25:18.195974-04
47686108-3198-4d5d-8e96-fa8b268e9f25,2025-05-31 12:25:18.201472-04
9023b7ad-b65b-4a63-8bf9-53c032ca938b,2025-05-31 12:25:30.166058-04
85c60e1b-141f-44de-aec8-fe0311060543,2025-05-31 12:26:56.978966-04
e03c7a61-778c-4d29-93be-9d2dc459f4ee,2025-05-31 12:26:56.986205-04
78ec5fbf-126f-47d2-b90e-5572673bb6f6,2025-05-31 12:27:19.695054-04
48ce75e9-19a1-4322-8cc3-13aaa1e687f3,2025-05-31 12:27:29.92161-04
2de1ef48-c416-4525-b136-b19c3161027a,2025-05-31 12:27:29.926333-04
8b90b702-ff8a-42d1-9336-c4b2c3b29dbd,2025-05-31 12:27:46.483387-04
2c5df100-a7a7-4a28-bbcc-aa44c30671fe,2025-05-31 12:27:46.488614-04
cb801ef1-bdf3-417e-bce8-b8202f156212,2025-06-02 10:14:33.138014-04
48023cea-41cf-4bd4-bca3-d4b29ed8449d,2025-06-02 10:14:40.645915-04
f41cf343-5105-4c01-b48e-e8580905fdd4,2025-06-02 10:14:40.650624-04
bc2788ac-f686-454d-8da4-2b68b07e4b05,2025-06-02 10:22:13.260029-04
cb8c2b95-8345-4a93-a2ba-c907a0188aeb,2025-06-02 10:22:22.101078-04
d276c545-d241-4380-b8c0-6393be3dd26a,2025-06-02 10:22:22.107047-04
2aaf11bf-92f5-4790-9d4c-b1b969ba3599,2025-06-02 10:31:21.973058-04
29e25eba-d26c-480f-a62f-832d0369e600,2025-06-02 10:32:02.182066-04
512c732c-d4e7-4a06-8c02-ff44c23b4489,2025-06-02 10:32:02.188757-04
bd5106d0-47ef-4901-8ab8-cc9442118dea,2025-06-02 10:32:31.745005-04
f92d134b-a5c8-4524-a333-524e920ca643,2025-06-02 10:32:31.755768-04
da3feb34-acb1-4af3-9c90-e7842efa2979,2025-06-02 10:33:03.637986-04
5c49ab86-1ea2-414a-b08c-8f31a85c5c7a,2025-06-02 10:33:17.49686-04
c20c850d-0e8b-454b-989d-1ffff7131b52,2025-06-02 10:33:17.501693-04
1e5c0200-f68e-47df-8dd5-e1ce75e85be3,2025-06-02 10:33:32.872781-04
12582969-9890-4ea9-9537-c333af89f891,2025-06-02 10:35:05.844935-04
f3d365ac-be57-4a50-b43d-6562862fffaf,2025-06-02 10:35:15.246944-04
9fc1e030-1c8f-44ef-bb46-03acd34ff678,2025-06-02 10:35:58.821808-04
036342bc-ded5-46bb-a192-f0ad46a61eaf,2025-06-02 10:35:58.829417-04
f5bda280-dd91-472a-be72-e29f90954839,2025-06-02 10:36:17.191598-04
9de86be6-1770-47fc-af78-3f53665ac03e,2025-06-03 11:01:57.323013-04
7f6321e6-35d2-4720-8c1f-d90d044085f0,2025-06-03 11:02:11.857743-04
d0d27eef-630f-4c61-b5b1-21190448f88e,2025-06-03 11:02:47.846739-04
ac52d919-54b2-454b-8d27-99de42795ced,2025-06-03 11:10:01.461014-04
5269eff3-150c-43a2-99cd-26fb74075891,2025-06-03 11:10:12.335796-04
d6aa141e-7d69-4308-bb2a-a5cdee3ae9b4,2025-06-03 11:10:12.340629-04
fb789e78-c7d1-466d-a9de-899ab411c624,2025-06-03 11:10:40.237662-04
83522143-8e7e-42ac-b3af-7272caa970aa,2025-06-03 11:10:40.244022-04
fdefda69-4f7a-4a70-b312-6fa772684db3,2025-06-03 11:10:40.251136-04
63ea8be8-71d8-45b0-8252-eec7a583475b,2025-06-03 11:11:15.622644-04
11dab48d-2b49-4ddd-82ac-db19f010c948,2025-06-03 11:11:15.627349-04
aa04131f-88c4-460d-b694-830df8dc51b2,2025-06-03 11:11:27.054423-04
9de443e1-4313-4ff3-8851-f5a6dec1d089,2025-06-03 11:11:27.058691-04
64679077-895f-4f06-99eb-0180afcfdf0d,2025-06-03 11:11:27.064467-04
4f35882e-ab87-4f67-a934-c314b42dc679,2025-06-03 11:11:48.284717-04
cfc2070d-ad3d-472d-b5c2-4769731b2dc9,2025-06-03 11:11:48.293109-04
21cc57c2-3a65-4513-8f1e-b1df0cb20718,2025-06-03 11:11:59.525326-04
a30a81e9-a32e-4fc8-9ecd-03ffada25cb6,2025-06-03 11:11:59.531646-04
174c3433-d816-443b-b8b2-90b7246368f6,2025-06-03 11:11:59.538524-04
4d8d438a-3d4e-4b91-ad7f-ee9057a4a913,2025-06-04 17:58:11.070013-04
7a1dd499-cd05-4715-87ff-c6935f26135d,2025-06-04 17:58:17.149266-04
9d910f26-5d89-4452-a187-524869a8c21d,2025-06-04 17:58:17.156293-04
52328764-63e7-4fc1-8dfb-c393e9da332f,2025-06-04 17:58:27.388379-04
6f11d335-4a8d-462d-be59-7896181cc738,2025-06-04 17:58:27.392494-04
c84aa4a4-2302-4e9b-b0e5-6a9693e05b9e,2025-06-04 17:58:27.399758-04
4f35b42a-3cd5-47b2-84b0-71c187892459,2025-06-04 17:58:39.615305-04
90af9050-6bda-4af6-8c74-e12ed15e419f,2025-06-04 17:58:39.621261-04
66ed5658-ad34-482a-9ea0-c3404b127fcb,2025-06-04 17:58:46.927582-04
0aea1421-e827-45ce-b2fa-274d337da160,2025-06-04 17:58:46.933024-04
a78486da-e290-4409-8a71-6594c7bede8f,2025-06-04 17:58:46.939788-04
00bbfcf3-2a92-4cdc-b053-8a46b9c2ddd9,2025-06-04 18:11:21.056013-04
2d4dfe0c-50ef-47a1-9b7f-44f8bae01d2e,2025-06-04 18:11:33.387681-04
a98747ce-1c4e-495f-ac2e-59544967d3ef,2025-06-04 18:11:33.392785-04
9da72f14-0260-4f46-8fdd-0eaec52cfd00,2025-06-04 18:11:44.075658-04
fa7e847a-6b35-4ecd-a3eb-c1a449869b57,2025-06-04 18:11:44.080485-04
f57f1277-3a03-4723-8c2a-6bf62cdc47ec,2025-06-04 18:11:44.086091-04
846fa4d7-4d7b-490e-9ee3-088bd1a1a160,2025-06-05 14:17:35.762013-04
05035e58-d441-4151-b55d-a6a4ca1294e1,2025-06-05 14:17:35.768213-04
5b146f9a-f995-4115-a35e-1c51e75ab37e,2025-06-05 14:29:52.584015-04
3f509fc9-e44d-47d2-a033-3bf2c1f4b584,2025-06-05 14:29:52.589583-04
6c4c5341-0803-4a3f-95d5-49c2b6784fce,2025-06-05 14:29:52.592784-04
7cee7d26-564f-4031-80ec-8ad7fbb85bb0,2025-06-05 14:51:00.966013-04
50795ab4-eaed-46ee-9e19-be8480c56b30,2025-06-05 14:51:00.971988-04
2eb6f126-631b-4252-ba64-edcb61e00daf,2025-06-05 14:51:00.975996-04
cbd0ab7b-5646-475d-861e-f7e6da4c188e,2025-06-05 15:26:18.688019-04
9c5efbbd-8f3b-4d55-aabc-a8856920dff9,2025-06-05 15:26:18.693747-04
98389165-9281-4c0c-bb8c-27f1f3f24b3b,2025-06-05 15:26:36.57141-04
6d5fe80d-4b36-4c2a-8352-15fc02d7550a,2025-06-05 15:26:36.576946-04
bbac8ef3-33e0-4196-84c1-9155584bf348,2025-06-09 09:56:13.890029-04
55997932-3947-4575-b9f5-b557f7724e4f,2025-06-09 09:56:13.895337-04
58353d84-5dc4-4619-9a3f-375e5ad52531,2025-06-09 09:56:34.338054-04
ceae1e21-b94e-449e-af10-ee47ea3f59dc,2025-06-09 09:56:34.343248-04
bf92e5d4-f126-49ec-a7df-d542310778b0,2025-06-09 11:02:48.190018-04
1b608b32-a41a-4479-826b-772050bc3d82,2025-06-09 11:02:48.196546-04
8cbde039-927d-484f-8974-7dd864675da2,2025-06-09 11:03:10.136727-04
88bc4fed-8858-4db2-b801-3e68d374c109,2025-06-09 11:03:10.141248-04
51b241f4-4508-443f-9d7e-c723a94889a6,2025-06-09 11:56:51.26927-04
d90f8292-fd98-4d3d-a597-5f1b40b61b65,2025-06-09 11:57:03.424943-04
af759d30-e8f5-44d3-a539-30db5d20b58e,2025-06-09 11:57:03.435159-04
8d8641c0-6bfe-4d1e-892f-1070faa74e19,2025-06-09 12:33:49.362029-04
88d9f8dc-78bc-4b82-9452-466c13668091,2025-06-09 12:33:59.356052-04
5517ef91-95fc-40b9-81bd-f954e5845328,2025-06-09 12:33:59.361031-04
777091dc-1462-46d4-873b-7bbb638f8870,2025-06-09 12:34:15.157719-04
4ea158db-1387-4bb8-ba43-edc70fcb5ef0,2025-06-09 12:34:29.27863-04
6e76da83-ffd7-4735-b017-225a3eba4011,2025-06-09 12:34:29.283949-04
f1e28285-c233-456b-b6c1-01b5d9565093,2025-06-09 12:34:43.146957-04
a8b7c373-ba09-40c8-b895-123907b0b0a3,2025-06-09 12:34:43.150788-04
0647e901-dc04-42cb-82d9-0d1faf551933,2025-06-09 12:34:43.155039-04
82324a8f-c1aa-458b-a6be-748ac6f635a8,2025-06-09 12:34:58.178451-04
cc7285fe-4f53-43bf-bf8b-ce011a408734,2025-06-09 12:34:58.185562-04
65701774-7ad8-482c-9c72-fd58caaf8733,2025-06-09 12:35:12.537774-04
c411a053-fc4e-4c02-be97-619ca91c516a,2025-06-09 12:35:12.540913-04
1a5e4205-094e-44c2-8269-bb828e7685d4,2025-06-09 16:16:23.235013-04
e923170a-938e-44e5-9d9d-d3e3588f3119,2025-06-09 16:16:31.692921-04
124a5f1a-c5a0-42ed-b6a2-7806d2eb4543,2025-06-09 16:16:31.697591-04
8126e1d2-5c95-4690-8857-09441d6667c0,2025-06-09 16:16:44.234822-04
9cd8bd50-6633-4675-8e9c-41b9f2012697,2025-06-09 16:16:44.238006-04
1c9b6bc6-7d2a-458b-b055-d7ac4d0a2bcf,2025-06-09 16:16:44.242513-04
d108610f-c487-4a14-8b93-38d926e00dd4,2025-06-09 16:21:51.40202-04
cdc74f01-ef16-4aef-9981-fe664237451d,2025-06-09 16:23:07.769818-04
adb97faa-05f8-4b82-95e2-210e535dc220,2025-06-09 16:23:07.777135-04
f7ed7958-a27a-4931-a904-ee78d57159f7,2025-06-09 16:24:06.074004-04
82d65668-9564-45da-a2e7-331d52c6cbfa,2025-06-09 16:24:06.080794-04
32a151ab-b323-415c-8f46-41529de30d84,2025-06-09 16:24:37.725038-04
e600a438-de31-45aa-9738-0ae4b9d79727,2025-06-09 16:24:37.731511-04
3ca2ab21-a6e9-488d-826f-6e4cf223c8b1,2025-06-09 16:25:03.337747-04
d7599e78-ecf0-4501-be25-d107b014f67c,2025-06-09 16:25:21.866673-04
1d49afa7-95b1-42f6-b4cd-be3980c87f7a,2025-06-09 16:25:21.872516-04
6f710811-fbdf-4a91-9311-1397ff286388,2025-06-09 16:25:38.473337-04
ee09a4cc-606e-4ff5-baa9-ed85bf63cbf3,2025-06-09 16:25:38.476323-04
e4ab9c6f-8cba-4454-b787-5034ae86dee8,2025-06-09 16:25:38.479013-04
0cc5d6d2-1eb7-4a2d-aa89-6b4dd2599f64,2025-06-09 16:25:55.123604-04
f561e13a-2d4c-43a6-959a-b001cae8222b,2025-06-09 16:25:55.128103-04
572b60d2-a4cf-4538-becc-edbe7bf5a8de,2025-06-09 16:26:14.495591-04
1b4657c2-2db9-4496-b630-6aeb92938c3f,2025-06-09 16:26:28.513545-04
5b7f648a-358b-4793-a931-06268520e366,2025-06-09 16:26:28.517354-04
85f56f1e-9482-4867-839d-7d3bee1286db,2025-06-09 16:26:28.520387-04
191c1d13-296c-4a26-bb8f-286402678523,2025-06-09 16:26:44.64243-04
73097f1e-da15-4190-917e-6a4a7c2130ca,2025-06-09 16:26:44.648853-04
4cd568fd-9b11-42e0-94bc-7625aaf1b191,2025-06-09 16:26:55.773319-04
08fe3623-2f5c-4dcf-b00c-b052e1f92169,2025-06-09 16:26:55.778375-04
95c37ed4-1c2b-418d-9daf-c42a3670d4e4,2025-06-09 16:26:55.784365-04
68c5f408-e91c-469e-9a7a-f710d61af21d,2025-06-09 16:39:47.903031-04
27b036c8-057d-4077-a044-5c2d7d70b40e,2025-06-09 16:40:01.059375-04
b209a2e4-1e5c-45ba-95c1-834eef8d8a61,2025-06-09 16:40:01.065698-04
e0d9e48f-2064-4995-bc56-91835b32c70d,2025-06-09 16:40:14.502493-04
7b757995-b66c-4da3-83f2-4bb350e8ecdf,2025-06-09 16:40:14.508688-04
c7186f83-952d-4bf6-b514-e114cb57bf6f,2025-06-09 16:40:14.515424-04
1f6d9eb5-610e-4b14-9388-7301857cfe29,2025-06-09 16:40:28.277143-04
10277e5a-e245-416a-9e65-032cb209e5e6,2025-06-09 16:40:28.280853-04
5baa2e78-54d2-46f2-abe5-e65952f96f58,2025-06-09 16:40:55.30034-04
8cc35f05-fb4f-4e60-9294-c4bf2bfc3484,2025-06-09 16:40:55.305173-04
438c4bdc-8e5f-4137-8c19-44ff7604fda5,2025-06-09 16:41:15.976165-04
a513d74c-643b-407b-8b21-1b1711f28b20,2025-06-09 16:41:42.771158-04
7aad97a1-00bb-4224-a8f4-69710f91f2af,2025-06-09 16:41:42.775816-04
bf46042b-8f99-4e19-a597-95e287bb2661,2025-06-09 18:47:11.357034-04
7ab156ca-473d-4add-be8e-4e1a76e8e82e,2025-06-09 18:47:18.905286-04
93071f48-edd2-4a3c-a612-45b58cc26af4,2025-06-09 18:47:18.913749-04
de9cede9-0cb7-40b5-841d-b17e92e5d951,2025-06-09 18:47:29.999711-04
32520743-e044-41c6-8a31-bd8fc3decf65,2025-06-09 18:47:30.006497-04
1c31fdbe-1960-45ea-a61a-063d8bf65156,2025-06-09 18:47:30.015324-04
ed2d6ca6-08ae-41cf-9b2d-6771947129ec,2025-06-09 18:47:43.578189-04
10f5b71a-c9b2-466c-9799-45ba2f348838,2025-06-09 18:47:43.584979-04
3fa7b6be-73fb-4ce7-b185-4103c4be8570,2025-06-09 18:47:59.94059-04
6f44ca1e-9fab-464e-8397-c1bccf3765ff,2025-06-09 18:47:59.946339-04
bd6cfee4-a090-47ad-8b3c-c75632b8c539,2025-06-09 18:48:13.756186-04
6d72109b-e0bd-4fde-960f-c019fd6209a2,2025-06-09 18:48:20.509847-04
4efe6711-9492-4f00-9c90-d3838e6f86f2,2025-06-09 18:48:20.519344-04
e2227b1d-31b5-4ea6-9ec9-123394b3b72c,2025-06-10 12:35:28.404024-04
2b73cacb-81ff-4176-913b-5ffa73484cca,2025-06-10 13:01:26.242015-04
1b1ae1c9-a421-4549-aa2c-bd751f15a394,2025-06-10 13:01:26.248324-04
16777077-a6c6-4215-acfb-5760db244554,2025-06-10 20:34:15.520012-04
9c9b9b8c-ad73-4071-ba83-cb8c19c7fdfb,2025-06-10 20:34:26.568435-04
0b44f965-a7ec-4072-ab32-2757841fa6b3,2025-06-10 20:34:26.57323-04
8780c874-f0c5-4257-8c28-27128c8492b5,2025-06-10 20:34:38.01343-04
94505fd3-0189-4c65-b29b-ac1487d58a11,2025-06-10 20:34:38.016717-04
67d591c2-8a96-4055-bc19-5deb4e753c06,2025-06-10 20:34:56.588992-04
7cf7cb54-7477-4808-9f7f-ab772d8cce51,2025-06-10 20:35:14.028646-04
f4cd2855-6dc8-4154-ac31-c6420eaccf27,2025-06-10 20:35:14.036388-04
196b0741-32b1-458b-b366-96924df007f2,2025-06-10 20:35:38.092486-04
12eb9e06-b12e-430e-96bb-33f477b30395,2025-06-10 20:35:38.098379-04
66899b78-d516-442d-95d3-4aa337d02a46,2025-06-10 20:35:48.075824-04
c1f4b93f-71ee-4894-93bf-d450b1bb4b78,2025-06-10 20:36:26.03036-04
dbe53f5a-425f-4c1f-9a75-40e007bb482a,2025-06-10 20:36:26.034943-04
2236bb43-f859-4877-8908-f9ea14a1c8fe,2025-06-10 20:36:41.122527-04
079b9053-7edd-417c-9660-871f1614ad06,2025-06-10 20:37:05.60799-04
e1316a17-2634-4b01-adb5-b4abcf213c77,2025-06-10 20:37:05.612463-04
dd43f17b-daf1-4a37-b9bf-1cc2cf826f5e,2025-06-11 09:33:11.178012-04
86bdb6c0-4cbb-4852-a35c-affb5e8f84fa,2025-06-11 09:33:41.488369-04
d323391d-2c64-423a-8b8c-1bf3f84175ab,2025-06-11 09:33:52.35077-04
f051c16f-7257-4afb-9e4b-f14012862c79,2025-06-11 09:33:52.357019-04
fbfd6569-ad51-4d26-bf2f-42dcaf7f78e5,2025-06-11 09:45:32.480212-04
14068ed4-57e7-42ef-aa2c-1e58b2d8c88e,2025-06-11 09:45:52.415852-04
70235c01-928c-412a-a48a-0b5ed3233a0c,2025-06-11 09:45:52.422958-04
ee6832cd-c91a-4a67-8dde-3a456ffea6fa,2025-07-08 16:01:52.96802-04
f04fad03-2058-4d13-adb5-4a306383ef51,2025-07-08 16:02:11.166698-04
bf2e601a-6133-4391-84e7-1a3e64eb885c,2025-07-08 16:02:11.171266-04
25dcd2bf-f29e-4e7b-9e46-76fb610d1e51,2025-07-08 16:02:41.419299-04
b2edce71-8602-44b3-82f4-cc547e7f742d,2025-07-08 16:02:41.425539-04
8b556c88-7c1d-4fd1-85b3-83e8afe49f38,2025-07-08 16:02:41.431383-04
2beedd27-db03-440a-9037-bbafc2bc3a14,2025-07-08 16:02:55.356968-04
4975ac4d-9a58-43a5-9717-786305e87287,2025-07-08 16:02:55.363207-04
93f3abe4-8630-4f9f-9205-54223813c490,2025-07-08 16:03:08.878325-04
a25bb714-b36f-4138-8685-476db7caf1ea,2025-07-08 16:03:08.88541-04
737cd30d-93ea-490f-95ae-edec8e59a383,2025-07-08 16:03:08.891269-04
632112b1-09d4-4151-a816-0b9c2eceec48,2025-07-08 16:10:29.114013-04
f4e1c483-e38e-4d2b-920d-42caad05eb69,2025-07-08 16:10:39.024427-04
d40537c8-f242-4c59-8cf5-9419ee162fe8,2025-07-08 16:10:39.02953-04
34b8c130-ac88-4de7-8959-74f0b2b6bef6,2025-07-08 16:10:49.921883-04
55afad8d-3d5e-4a55-a13d-71c399faf36d,2025-07-08 16:10:49.926651-04
938ba01f-16a6-4a83-8d44-0d925f83bb41,2025-07-08 16:10:49.931703-04
09a010f3-9b29-49da-b242-cf12f68c6235,2025-07-08 16:23:54.119024-04
