id,rcvd_at,_from,_to,_text
004793df-7601-4e89-8ea6-e5f0673d47bb,2025-05-06 11:02:06.337854-04,17817299468,1234,1 hello
d29e86f8-37bb-49fb-be67-4d34dd38c870,2025-05-06 11:02:06.375313-04,17817299469,1234,2 hi
ec4e41ad-f02a-4a48-8db2-786ee7fa9a57,2025-05-06 11:02:06.380814-04,17817299470,1234,3 heya
7d655ff6-89de-4a4a-94f5-cb565134eff7,2025-05-06 11:02:06.390317-04,17817299471,1234,4 hey here
21fd6173-4fec-48a6-bd7d-3ac7c27a913e,2025-05-06 11:02:06.400429-04,17817299472,1234,5 greetings
7213f19f-e28d-40a8-856c-c8478bedde61,2025-05-06 17:02:08.453036-04,17817299468,1234,hello
adbe7643-0bbb-4b17-8788-a6246648ef85,2025-05-06 17:02:08.505008-04,17817299469,1234,hi
7812afb4-5a62-44d5-b459-6b04ad2acfcd,2025-05-06 17:02:08.517124-04,17817299470,1234,heya
32e2a150-1581-4810-90d4-ad2e36fc87a6,2025-05-06 17:02:08.529552-04,17817299471,1234,hey there
f0707e9d-3189-49ed-87d1-0ddccc7faefd,2025-05-06 17:02:08.541932-04,17817299472,1234,greetings
4f18174e-e61c-4a12-8804-45f1fd748728,2025-05-06 17:22:19.336017-04,17817299468,1234,hello
370b573a-05a4-403f-b58d-fa9f4d61ef12,2025-05-06 17:22:19.371887-04,17817299469,1234,hi
aaf65063-521f-4a96-a7c2-86a80b603567,2025-05-06 17:22:19.384916-04,17817299470,1234,heya
bd4c024e-fe2a-49a9-a43c-4868ddd40179,2025-05-06 17:22:19.399258-04,17817299471,1234,hey there
b5d29bc5-c266-4c6a-81f5-eac85e60e228,2025-05-06 17:22:19.414994-04,17817299472,1234,greetings
22054507-20cc-414b-9589-81ec81aebb7d,2025-05-06 17:22:43.829529-04,17817299468,1234,21 hello
32ef0ae0-ce3c-415a-b8be-9601e285387f,2025-05-06 17:22:43.851419-04,17817299468,1234,22 hello
449ff20d-93ea-4587-9b23-40aa8bc191db,2025-05-06 17:22:43.855492-04,17817299468,1234,23 hello
06e5f9f0-848e-4628-b028-d24b67820ce4,2025-05-06 17:22:43.859169-04,17817299468,1234,24 hello
06df65b1-68d2-42f1-961f-3c939281dcc0,2025-05-06 17:22:43.862597-04,17817299468,1234,25 hello
03a9ef0f-9a8b-49d0-83f5-25ce6535c861,2025-05-06 17:22:43.865339-04,17817299468,1234,26 hello
274f040e-b498-41f5-88f4-480d5a9738c1,2025-05-06 17:22:43.868892-04,17817299468,1234,27 hello
61e78ca8-46e7-4694-b45b-9320ed88a1e5,2025-05-06 17:22:43.874115-04,17817299468,1234,28 hello
5a35a570-3fd2-4828-ac2d-7a6c215f873b,2025-05-06 17:22:43.877418-04,17817299468,1234,29 hello
46aa17fc-b0c8-481b-9564-343e05993d7b,2025-05-06 17:22:43.881656-04,17817299468,1234,30 hello
dcda5318-be41-42b5-abe8-8e9e5045e22f,2025-05-12 09:03:08.963024-04,17817299468,1234,1 hello
cf334cc9-e7eb-487b-989f-ce385d964571,2025-05-12 09:03:09.03206-04,17817299469,1234,2 hi
4f309bdd-6546-46e8-8721-7521ffdbafb4,2025-05-12 09:03:09.039082-04,17817299470,1234,3 heya
133d02dd-3038-4583-843e-2a016c128b62,2025-05-12 09:03:09.044856-04,17817299471,1234,4 hey here
df4fa67b-bc94-4e07-8642-6f3e2cdfb4ec,2025-05-12 09:03:09.05009-04,17817299472,1234,5 greetings
7213f19f-e28d-40a8-856c-c8478bedde61,2025-05-13 09:59:02.141929-04,12345678901,123456,test
fbb3b305-01d4-4fd6-b88c-53cf833c1017,2025-05-13 11:23:41.863023-04,17817299468,1234,1 hello
28dbfa1f-cc93-45a6-895a-d45bdd4fd795,2025-05-13 11:23:41.912155-04,17817299469,1234,2 hi
68fc8717-c712-41b5-b590-592c942edbbe,2025-05-13 11:23:41.917312-04,17817299470,1234,3 heya
63f45be3-9d3f-4f9c-be8b-14d290da258e,2025-05-13 11:23:41.921031-04,17817299471,1234,4 hey here
fe6a4e4d-6074-463c-8e50-82e9f29e2286,2025-05-13 11:23:41.925191-04,17817299472,1234,5 greetings
6f3eccb4-d9bf-4e16-8b78-d038435bc35d,2025-05-13 14:41:56.038014-04,17817299468,1234,1 hello
eb041185-a41e-4545-9321-d91485e67860,2025-05-13 14:41:56.091399-04,17817299469,1234,2 hi
5a7b43b5-4957-4c51-912d-8c66c8e8bd43,2025-05-13 14:41:56.09818-04,17817299470,1234,3 heya
fe3fc974-b936-4d51-9594-7fe19a7e108a,2025-05-13 14:41:56.102215-04,17817299471,1234,4 hey here
8c1e1469-e55f-462a-b8f7-06e3d9d02a58,2025-05-13 14:41:56.110287-04,17817299472,1234,5 greetings
50e8dd3e-02a4-4cec-a2ac-0af7c69eb627,2025-05-13 14:54:42.936895-04,12127299468,1234,1 hello
ed72ff6b-8928-4bde-be7a-eb62fd146a67,2025-05-13 14:54:42.987027-04,12127299469,1234,2 hi
df63b931-fa81-4700-9690-526bc79639f8,2025-05-13 14:54:43.003477-04,12127299470,1234,3 heya
655a2449-e7f4-42c5-99a9-7286c32e0705,2025-05-13 14:54:43.016075-04,12127299471,1234,4 hey here
02ad555e-d31d-4018-be6e-82f3b2e091ec,2025-05-13 14:54:43.034117-04,12127299472,1234,5 greetings
3613bf0f-ad61-4bb3-8f3d-71fe7857ea19,2025-05-13 15:02:02.302013-04,19787299468,1234,1 hello
9b1c9981-05bd-4a6c-9a66-aa616f9c1315,2025-05-13 15:02:02.360623-04,19787299469,1234,2 hi
3de42842-0394-4027-a1b8-a57b65fb185c,2025-05-13 15:02:02.367478-04,19787299470,1234,3 heya
b3af86e9-b1e3-46d4-a69c-3d59626fd81b,2025-05-13 15:02:02.372638-04,19787299471,1234,4 hey here
9467d801-db74-4a7c-a87d-68b5092291d9,2025-05-13 15:02:02.378869-04,19787299472,1234,5 greetings
577baefa-0063-400e-81e1-0d503cb27260,2025-05-19 12:26:50.545015-04,19787299468,1234,1 hello
bc63773d-ae62-40d3-ac2b-27c2586945c4,2025-05-19 12:26:50.595757-04,19787299469,1234,2 hi
fd9d55fa-df16-4149-8f7f-d2df53867c93,2025-05-19 12:26:50.603027-04,19787299470,1234,3 heya
a72ffd4b-8d29-4b14-8500-bc08e40ddeef,2025-05-19 12:26:50.607753-04,19787299471,1234,4 hey here
e64a0ee9-221f-4577-9b4c-4102e356c469,2025-05-19 12:26:50.617383-04,19787299472,1234,5 greetings
1cf25c5b-4005-48de-95e6-d94dd86af9e0,2025-05-19 12:58:22.603897-04,17811235964,45678,Hello
697914ca-fd1f-4e88-a06d-62b6736751d9,2025-05-19 12:58:41.864813-04,17811235964,45678,flort
df629385-5999-4566-a29b-a5ce3df79494,2025-05-19 13:00:14.507204-04,17811234343,21249,Hello
9149c592-8da5-4cb1-be5f-436a2ade82e3,2025-05-19 13:00:34.736522-04,17811234343,21249,Goodbye
19595d36-2e00-4e7a-8027-9a62d910cfbd,2025-05-28 09:45:21.062015-04,17817299468,1234,Color quiz
a25f267a-1507-477d-9592-8a68629b5cb7,2025-05-28 09:48:41.805025-04,17817299468,1234,Color quiz
2d7d9e3c-ad8c-4d73-be2d-1477d0ca523c,2025-05-28 09:53:29.052029-04,17817299468,1234,Color quiz
b0306621-0ca2-4b4d-9f12-8d1592494502,2025-05-28 10:03:29.578366-04,19787299468,1234,1 hello
d685acfb-e928-4772-b949-b6ec7449a661,2025-05-28 10:03:29.625122-04,19787299469,1234,2 hi
6d2020a6-eb73-4b02-b016-d0e8d3d49ff9,2025-05-28 10:03:29.629741-04,19787299470,1234,3 heya
7f73cc4d-f672-43f9-b758-aee783453a67,2025-05-28 10:03:29.633266-04,19787299471,1234,4 hey here
b45d08d8-3e72-464c-890a-07ade46d9190,2025-05-28 10:03:29.637249-04,19787299472,1234,5 greetings
9540fa39-2514-4a49-be8f-f750da5dbc88,2025-05-28 10:16:47.713025-04,17817299468,1234,Color quiz
8248c2aa-5484-4863-9853-662bc266e561,2025-05-28 10:18:34.326848-04,17817299468,1234,red
d2537cbd-c30c-4cad-8c8d-0d041cf78726,2025-05-28 10:19:14.643367-04,17817299468,1234,Iggy
07839e9e-8c12-4cbb-bd71-83e40d3df362,2025-05-28 10:45:05.327012-04,17811234343,21249,Color quiz
aab75ce8-5483-40a9-9552-f6014098f339,2025-05-28 10:45:26.58809-04,17811234343,21249,1
faf3b1a2-b51d-458a-900f-a77667f25981,2025-05-28 10:45:55.945344-04,17811234343,21249,Iggy
a111faa2-6827-4006-86f1-64832caf8939,2025-05-28 10:52:07.73384-04,17811234343,21249,blue
32433a29-6c58-4571-8e7f-1e9114646ef9,2025-05-28 10:52:19.274105-04,17811234343,21249,blue
1f57f150-06e8-4066-b4bd-923b4d168775,2025-05-28 10:52:43.134839-04,17811234343,21249,shemp
c626cbc4-a7ab-4f10-a7db-4f59260ac99a,2025-05-28 10:53:08.878777-04,17811234343,21249,Color quiz
1fcd4c04-4842-430b-bdf8-bf9669fe1f01,2025-05-28 10:53:45.982871-04,17811234343,21249,flort
8dac068a-3dff-47fe-9f54-628538bdf7e0,2025-05-28 10:55:27.179826-04,17811234343,21249,2
122ea40e-f910-4d2b-9009-dba41a05559a,2025-05-28 10:55:43.535085-04,17811234343,21249,Foo
4a7ac27c-9281-444a-8893-b0743896312c,2025-05-28 10:55:58.710469-04,17811234343,21249,blargh
b02c7299-e2e4-45f4-9392-46714911136a,2025-05-29 10:15:00.509014-04,17811234343,21249,Color quiz
9de400b7-aefc-4f93-96af-31d2446b85e3,2025-05-29 10:15:27.232523-04,17811234343,21249,flort
2e9d1143-11e9-4649-95ad-432949e65ca3,2025-05-29 10:15:55.853837-04,17811234343,21249,3
b8a69401-7ee7-4477-8757-147663383925,2025-05-29 10:17:11.555738-04,17811238659,98712,Color quiz
6adb68fe-0b4d-4ad8-acc5-813f0142c39b,2025-05-29 10:17:25.428283-04,17811238659,98712,red
70b0fe44-c760-46ef-83c9-83a8eb542698,2025-05-29 10:17:55.538176-04,17811235964,45678,Color quiz
fbb384a3-67ae-4c6e-bf9b-8ca2634e4baa,2025-05-29 10:18:10.359508-04,17811235964,45678,blue
16f81730-3532-4e61-b425-f8ea3951b036,2025-05-29 10:18:24.789585-04,17811235964,45678,wtf?
1dd6cf4f-0697-4a47-8666-d25f52c4ef0d,2025-05-29 10:18:56.797406-04,17811234343,21249,FOO
8f92c623-b26f-4e1d-aad2-ec59081e9f97,2025-05-29 10:19:22.052538-04,17811238659,98712,hello
fabf56b8-1252-4df4-9c72-df89321d238e,2025-05-29 12:26:09.012011-04,17811234343,21249,Color quiz
7d71bb16-96a8-451b-86f2-01a92f2b01c3,2025-05-29 12:26:25.104471-04,17811234343,21249,1
6bd37dc6-d86d-44f1-b4fc-99870a031703,2025-05-29 12:26:37.479725-04,17811234343,21249,1
3ab30036-d78c-4605-b739-0061caddc52b,2025-05-30 11:07:46.165015-04,17811234343,21249,Foo
11815d66-ddcc-443c-9133-f6935045ca9c,2025-05-30 11:11:08.72993-04,17811234343,21249,FOO
dd6d51da-ad2c-49fa-b633-08a630b4e238,2025-05-30 11:11:49.040034-04,17811234343,21249,Color quiz
34feec66-5228-4564-a6f0-49dcdba73851,2025-05-30 11:12:04.746777-04,17811234343,21249,red
6b5920ee-7910-4784-86f3-a1ace3b436fa,2025-05-30 11:24:10.538019-04,17811234343,21249,Color quiz
be22a72f-11b1-4a0b-b115-5d0e5d378890,2025-05-30 11:24:45.219479-04,17811234343,21249,red
cec99b35-f737-4955-b5c9-74062df1651c,2025-05-31 11:31:35.15602-04,17811234343,21249,Color quiz
b77770cd-0c85-4cf8-8146-c5872afd1ae9,2025-05-31 11:31:56.625902-04,17811234343,21249,red
707dbd8a-95b0-4a52-ad19-711d482ff387,2025-05-31 12:05:01.855017-04,17811234343,21249,Color quiz
391b2ceb-6e6e-4a0d-ab15-32808f03c22c,2025-05-31 12:05:16.41188-04,17811234343,21249,red
b9974767-5366-416d-8a02-8499d067ceba,2025-05-31 12:12:01.441016-04,17811234343,21249,Color quiz
2e3ee6dd-307c-4d45-8daf-b3576221fd66,2025-05-31 12:12:11.254277-04,17811234343,21249,red
5148e832-8ced-4947-8806-d731f399f864,2025-05-31 12:21:15.809015-04,17811234343,21249,Color quiz
b2a1e017-d5fd-4108-977e-c0856a65dc71,2025-05-31 12:21:26.428066-04,17811234343,21249,red
ad65e7ce-18f7-43bc-b736-ddc29edaf918,2025-05-31 12:22:16.522907-04,17811234343,21249,2
c5e705ee-bc54-41a3-b532-b61d4c5bb6cd,2025-05-31 12:23:55.285018-04,17811234343,21249,Color quiz
19be5ec0-5dc0-47f8-93f5-d37b1a442665,2025-05-31 12:24:01.359419-04,17811234343,21249,red
886f4415-a17a-4aab-8b06-cbcc14b29adc,2025-05-31 12:24:11.52058-04,17811234343,21249,square
5f345eaf-34bd-4f58-bf39-5a1b6707fb98,2025-05-31 12:25:01.595685-04,17811234343,21249,Color quiz
af497cb7-bb00-4699-b5cb-7fa575bf2dc4,2025-05-31 12:25:18.174018-04,17811234343,21249,flort
d312ed45-35a1-4d8b-9487-044d289a4485,2025-05-31 12:25:30.147082-04,17811234343,21249,Iggy
7e26bf6e-e87d-4fd4-948c-ae22ae16648c,2025-05-31 12:26:56.953546-04,17811234343,21249,3
9ef0d049-f7cc-453b-8d66-35e4ea6bbb49,2025-05-31 12:27:19.67701-04,17811234343,21249,FOO
f3ba547c-e8a1-4485-903f-4ef63e1c9d5d,2025-05-31 12:27:29.902606-04,17811234343,21249,blue
c7406572-6612-4cb7-a3b7-bde3f05185d0,2025-05-31 12:27:46.465165-04,17811234343,21249,fork
3fedd3f8-1588-48d4-8834-05ce53808abb,2025-06-02 10:14:32.896015-04,17811234343,21249,FOO
2d45e0a2-dfaa-451e-ba15-5cecee9a25d6,2025-06-02 10:14:40.620523-04,17811234343,21249,1
459de3d0-8530-4449-8cff-620c8513aeff,2025-06-02 10:22:13.09202-04,17811234343,21249,FOO
1a88d5fc-16cb-4559-b6f4-efeea6269919,2025-06-02 10:22:22.071973-04,17811234343,21249,red
9f88424d-cae9-451f-900e-ee81777ad559,2025-06-02 10:31:21.800013-04,17811234343,21249,FOO
b40f4406-7ef9-4113-93d7-02ddbdc535a8,2025-06-02 10:32:02.142205-04,17811234343,21249,red
6ae6a5d0-8101-45ed-b1c9-393a7f59ba55,2025-06-02 10:32:31.72112-04,17811234343,21249,circle
85a66507-a730-4fb2-a7c2-7163f06cc6f4,2025-06-02 10:33:03.613885-04,17811234343,21249,blue
a7a2d0d0-2685-4250-ab5b-e2617df8bc66,2025-06-02 10:33:17.474776-04,17811234343,21249,flort
e225115c-69fa-4ca6-9b11-8de8a5b5e538,2025-06-02 10:33:32.852499-04,17811234343,21249,Iggy
eadbc420-0016-4900-88ae-d5f3c984611a,2025-06-02 10:35:05.815229-04,17811234343,21249,iggy
c0004740-040c-430b-a834-b1125885af40,2025-06-02 10:35:15.221555-04,17811234343,21249,Shemp
7338ad31-6832-4622-9c32-fcae8dd79d93,2025-06-02 10:35:58.789218-04,17811234343,21249,3
d2c2c565-4646-4302-8631-86c2fa42ff03,2025-06-02 10:36:17.174152-04,17811234343,21249,glah
a9a611b7-51f4-4ee0-8862-70b0d70e6a61,2025-06-02 10:36:47.056831-04,17811234343,21249,change topic
9acab0f6-cb26-4192-a00b-41275c66da22,2025-06-02 10:37:10.758576-04,17811234343,21249,2
44e5810d-d631-4af2-aeb4-00c5abd0ef94,2025-06-03 11:01:57.164015-04,17811234343,21249,FOO
294e1dd5-141b-40d3-8091-1d0f29d7a40d,2025-06-03 11:02:11.837036-04,17811234343,21249,3
3a639f40-457e-488d-af5e-d6badd211be8,2025-06-03 11:02:47.830669-04,17811234343,21249,red
111d1b4b-8d67-4cac-b744-469b431f44e0,2025-06-03 11:10:01.308013-04,17811234343,21249,FOO
2fe59451-4ed7-4a59-bf67-2095fee60914,2025-06-03 11:10:12.316376-04,17811234343,21249,red
1e6e4ac4-526c-4a69-b580-bf29a1ff27e7,2025-06-03 11:10:40.212807-04,17811234343,21249,square
d7473ecf-bdb8-4d22-95df-63734baf319d,2025-06-03 11:11:15.601106-04,17811234343,21249,flort
dd586cb1-6406-42b0-a2ed-19b9c163d64e,2025-06-03 11:11:27.036637-04,17811234343,21249,Iggy
2f262f06-84ad-477d-b430-cd76c0e0f4c5,2025-06-03 11:11:48.261667-04,17811234343,21249,blue
afbaac94-c86a-4a71-8c35-2a3281f9b394,2025-06-03 11:11:59.505936-04,17811234343,21249,spoon
092b92e3-0fbd-4dff-b7eb-abee6c8d1bb0,2025-06-04 17:58:10.899037-04,17811234343,21249,FOO
a5f783c2-5230-4df1-be2d-539cc875461c,2025-06-04 17:58:17.123003-04,17811234343,21249,red
014a2f79-2168-4e77-bb23-098ae158e62e,2025-06-04 17:58:27.368227-04,17811234343,21249,triangle
b30be895-f5c1-4652-8d26-1c12aff02c02,2025-06-04 17:58:39.595054-04,17811234343,21249,blue
9fcd78c2-0930-435a-ab5a-4ed3bc6338f0,2025-06-04 17:58:46.907757-04,17811234343,21249,spoon
b41dfc3b-f51e-4f2b-99a8-7f37e9bd3f31,2025-06-04 17:59:02.643602-04,17811235964,45678,""
d2b0ebea-da3d-4fa5-b083-a5421f09dfd7,2025-06-04 17:59:14.103037-04,17811234343,21249,flort
b0378826-2e5f-4428-a9c1-da44e5cbe69a,2025-06-04 17:59:57.448278-04,17811234343,21249,3
bcd84c6a-a4ae-4afa-b247-5e3316d8a532,2025-06-04 18:00:34.96981-04,17811234343,21249,3
869ae15f-3173-444b-9297-3e3dc9b079ba,2025-06-04 18:01:05.722593-04,17811234343,21249,3
4f9660d7-6306-4768-bf06-6ef621edc8b5,2025-06-04 18:03:43.866015-04,17811234343,21249,foo
cf76dfe5-6541-4445-b43d-a82a4b2d62bf,2025-06-04 18:04:07.807528-04,17811234343,21249,FOO
3b9f3e5a-e32f-42ce-82d0-740d3db3ed42,2025-06-04 18:11:20.902014-04,17811234343,21249,FOO
6ad28b73-f74a-4e1d-83fe-5377b061cc81,2025-06-04 18:11:33.363197-04,17811234343,21249,flort
7874dec7-e756-486c-bc30-8d679f81c48b,2025-06-04 18:11:44.052842-04,17811234343,21249,Iggy
26ce44c9-59ef-4787-949f-6a06aa7a88b6,2025-06-05 14:10:59.253013-04,17811234343,21249,macha
e1adfc27-37e5-4cfe-9fc7-a95770be62a1,2025-06-05 14:17:35.607017-04,17811234343,21249,macha
1ec3a60f-42f7-41af-902d-1585c7df6ede,2025-06-05 14:18:05.718777-04,17811234343,21249,"It was quite tasty, thanks for asking!"
da08a30b-3156-44df-8e12-0cf15cebe7a9,2025-06-05 14:20:48.227834-04,17811234343,21249,macha
3496a233-e5cb-4e66-8f88-9290d65c1750,2025-06-05 14:29:52.443029-04,17811234343,21249,macha
6ccc9adf-dac7-492b-b668-622517158bf9,2025-06-05 14:51:00.779017-04,17811234343,21249,macha
cd0dc36b-947c-4779-a1d3-86eb203ce9f1,2025-06-05 15:26:18.526016-04,17811234343,21249,macha
8d62ac37-d0c6-4f8d-bbc4-8800edfcc0c3,2025-06-05 15:26:36.552866-04,17811234343,21249,It was yummy!
f52a6a56-c45a-425a-bfb6-d793c2d57664,2025-06-05 20:40:12.525974-04,17811234343,21249,FOO
6c2c19fd-91c0-4434-b6f5-f42c7f59e4ef,2025-06-09 09:52:17.618016-04,17811234343,21249,FOO
e60c3e97-cc79-4b9c-8641-9e7be68c55b0,2025-06-09 09:52:54.418315-04,17811234343,21249,foo
5b1d7007-9bc1-49cf-b54e-f2b42af8b034,2025-06-09 09:53:09.568703-04,17811234343,21249,foo
7475ff2e-4dd4-4835-959b-0a5d4edea6c0,2025-06-09 09:56:13.713023-04,17811234343,21249,macha
bef9ace6-bb10-4e3a-9b2c-e2d576863dd4,2025-06-09 09:56:34.318386-04,17811234343,21249,It was swell!
aaa4fe65-6ecc-41d2-b58c-d401b95b0aa3,2025-06-09 11:02:48.037014-04,17811234343,21249,macha
ce0ad089-268a-4292-bc72-8d4c26294467,2025-06-09 11:03:10.122064-04,17811234343,21249,They were delightful.
4d4466a1-4451-4a3a-b0a9-e674427eaa04,2025-06-09 11:56:51.19347-04,17811238659,98712,meh
49698804-c236-4810-8fb3-bfd9f26f3cfe,2025-06-09 11:57:03.405029-04,17811238659,98712,true
a13e3f3a-49e1-44ae-8a43-38689db771b3,2025-06-09 12:33:49.21402-04,17811234343,21249,meh
0667408e-7b4f-4593-9fc4-cb5ea4f43033,2025-06-09 12:33:59.33589-04,17811234343,21249,False
dd8c4893-cf55-41df-b007-003e9cd24b98,2025-06-09 12:34:15.123025-04,17811238659,98712,foo
cf9ee22c-d79c-4b14-82f5-f58014fa0732,2025-06-09 12:34:29.262114-04,17811238659,98712,flort
10af62fa-5418-41c2-ba04-98c93ac9842b,2025-06-09 12:34:43.131552-04,17811238659,98712,Shemp
fc2092d4-03ce-420d-89bc-e4d10787dcf5,2025-06-09 12:34:58.160742-04,17811235964,45678,macha
f30904c4-1bf1-4ed2-bbed-5978e226c7ae,2025-06-09 12:35:12.529034-04,17811235964,45678,Not bad.
4408fbb4-f8de-4961-8466-c4ded9a00db0,2025-06-09 12:35:32.09967-04,17811235964,45678,foo
55751f53-dc46-4927-99d4-cf3e978184d4,2025-06-09 16:16:23.033012-04,17811234343,21249,foo
1d568c9f-6322-4c53-9abf-3e536bcc203b,2025-06-09 16:16:31.672861-04,17811234343,21249,blue
f03b17d9-4478-4c67-84ff-8acd58a33776,2025-06-09 16:16:44.223714-04,17811234343,21249,spoon
b8847e42-936b-48e1-bf01-d919c378748c,2025-06-09 16:17:56.0658-04,17811238659,98712,Macha
657b0ee1-ee70-47ff-bb5a-be5678692ec3,2025-06-09 16:18:06.033709-04,17811238659,98712,macha
65d77d01-63e3-482b-931e-20e030d70fca,2025-06-09 16:20:51.052857-04,17811235964,45678,meh
7b4f39dc-01d0-4ab2-b39d-f09a328e0f9f,2025-06-09 16:21:51.232023-04,17811235964,45678,meh
57f0f8b3-968e-4650-a4e2-e30cacf59f22,2025-06-09 16:23:07.695571-04,17811235964,45678,true
bd8834e0-98fb-4831-acf8-2e2ea848b2b6,2025-06-09 16:24:06.041565-04,17811238659,98712,macha
6b3fd033-b95e-45a9-b5dd-c83629c33024,2025-06-09 16:24:37.692209-04,17811238659,98712,delightful
6923be35-bf6d-4882-ba23-cadab71a3653,2025-06-09 16:25:03.295726-04,17811234343,21249,foo
fb8f3e74-8d7f-4409-b9a2-d66b2a59e3e5,2025-06-09 16:25:21.848237-04,17811234343,21249,flort
6079fde8-a366-4402-af69-fc095c50908c,2025-06-09 16:25:38.460666-04,17811234343,21249,Curly
fbad5388-1718-436a-82f3-d8156ba5b4e3,2025-06-09 16:25:55.104454-04,17811234343,21249,red
a5cebf45-1345-4485-93b0-644d32507bfe,2025-06-09 16:26:14.476951-04,17811234343,21249,se
951d2930-5e89-410e-b0f3-cb87ea11c04e,2025-06-09 16:26:28.501482-04,17811234343,21249,triangle
6c5232ea-5c1c-4052-858a-275df54e5f77,2025-06-09 16:26:44.622239-04,17811234343,21249,blue
f1494a6c-9464-4ce6-a1a8-1cde760c0279,2025-06-09 16:26:55.753856-04,17811234343,21249,knife
e6525094-0f74-434d-a26d-706dc2ece942,2025-06-09 16:39:47.605029-04,17811234343,21249,foo
05d4940f-9738-44db-b79d-9dd13417646b,2025-06-09 16:40:01.036304-04,17811234343,21249,red
0b6a5f08-929b-4e2e-a886-012bbb0eb96a,2025-06-09 16:40:14.476265-04,17811234343,21249,circle
8c3bfe74-0083-48ec-b688-c093a010563c,2025-06-09 16:40:28.254741-04,17811238659,98712,macha
c6809364-4bd3-4ae5-9bb2-672b1e78af30,2025-06-09 16:40:55.282835-04,17811238659,98712,They were awesome
13e4298b-6905-4022-9932-ab3ef4eaae55,2025-06-09 16:41:15.949502-04,17811235964,45678,meh
b6dbaa72-3db6-4b3d-8022-3f92a6b37b57,2025-06-09 16:41:42.754895-04,17811235964,45678,true
e1d467ba-beaa-420f-9e15-085e1e4c0610,2025-06-09 18:47:11.078022-04,17811234343,21249,foo
77a88eb1-14fd-4a04-b9cd-3b2cb404c66e,2025-06-09 18:47:18.8848-04,17811234343,21249,red
3e45bde1-16d9-461b-96f4-199f2f91bc3d,2025-06-09 18:47:29.976899-04,17811234343,21249,circle
53e93e74-0a83-4171-8757-4424d4cf54f4,2025-06-09 18:47:43.551549-04,17811238659,98712,macha
f0192bdd-2f35-4b3b-b986-d0f7eb68a770,2025-06-09 18:47:59.902093-04,17811238659,98712,they were just so so actually
054eef8d-10cd-413f-98cb-da4908a7fafb,2025-06-09 18:48:13.697892-04,17811235964,45678,meh
059fdf29-7bf6-4dff-b3ee-172e4ab969d2,2025-06-09 18:48:20.481308-04,17811235964,45678,true
c1255648-ae85-4595-9159-8fec2a1f25eb,2025-06-10 12:08:46.108014-04,17811234343,21249,food
7756ebd4-e245-45b9-a47a-29035dd96392,2025-06-10 12:30:59.890039-04,17811234343,21249,food
61156fd8-ab3a-46a7-b855-03f790ba3acf,2025-06-10 12:35:28.258018-04,17811234343,21249,food
765a797e-4016-4724-a131-dce406d1ce4e,2025-06-10 12:35:39.071204-04,17811234343,21249,3
2ac643ea-5d33-4859-9582-a2aadcd75752,2025-06-10 12:59:03.496014-04,17811234343,21249,food
43585c53-0f34-473b-b93a-dd2b8e0a2a8c,2025-06-10 13:01:26.097016-04,17811234343,21249,food
01de998b-810b-4898-825e-13f6372789d8,2025-06-10 13:01:56.251652-04,17811234343,21249,1
58cca7c3-0ebc-4b91-ac67-c34911c942ef,2025-06-10 20:34:15.365014-04,17811234343,21249,food
9048a772-e1d9-4820-82ff-6665ea2f74aa,2025-06-10 20:34:26.548896-04,17811234343,21249,3
72570e28-b050-4b34-9633-92877a8e5fb4,2025-06-10 20:34:37.998541-04,17811234343,21249,2
6258f6d4-e65f-4fd3-8648-c269a8d78d20,2025-06-10 20:34:56.565435-04,17811238659,98712,food
9a021591-96f7-4819-9647-e1577b56a5ec,2025-06-10 20:35:14.009508-04,17811238659,98712,meat
40e1462d-eb56-417f-a834-fa74d328c594,2025-06-10 20:35:38.073979-04,17811238659,98712,beef
ac8be4f6-ea1c-41ea-93b4-95c653d6c164,2025-06-10 20:35:48.053339-04,17811235964,45678,food
6dad0579-8c31-4dad-8796-196276a0c7fc,2025-06-10 20:36:25.966698-04,17811235964,45678,veg
99995daf-a3f7-441f-b45a-13742cb36ff6,2025-06-10 20:36:41.105164-04,17811235964,45678,carrots
d4c0a537-0a04-4c2b-b922-9460072bea24,2025-06-10 20:37:05.584797-04,17811235964,45678,carrot
8839f380-da3e-407a-8658-a2d78890255a,2025-06-11 09:33:11.007027-04,17811234343,21249,food
068e1bca-576d-4b2f-8ab1-3a1ef0087af6,2025-06-11 09:33:41.476545-04,17811234343,21249,frt
1635573c-ab3b-4977-b8d4-5c1a92a38ce0,2025-06-11 09:33:52.332375-04,17811234343,21249,fruit
ca7af3ad-b6f6-4eed-8161-2bfeb721560b,2025-06-11 09:45:32.419679-04,17811234343,21249,pears
7f9b0f35-1b65-4166-969f-f319c7f0568b,2025-06-11 09:45:52.387731-04,17811234343,21249,apple
d1aff076-b34f-424f-9dc5-f52a5a1b60fa,2025-06-11 09:46:15.938197-04,17811234343,21249,change topic
fbf3de1b-444d-49e2-9381-709cdab4caa4,2025-06-11 09:47:15.629363-04,17811238659,98712,food
b495e426-0465-4f05-bbce-65ce9f962dcc,2025-06-11 10:05:12.177094-04,17811238659,98712,food
59067667-6478-43f5-b101-f2df5464c524,2025-06-11 10:05:29.11338-04,17811235964,45678,foo
d50fbe92-41ad-456e-b21d-7315c02c2f30,2025-07-08 16:01:52.822017-04,17813345647,123456,color quiz
77ce6310-9540-43e1-a514-91ce4aa6ae59,2025-07-08 16:02:11.143842-04,17813345647,123456,1
1f2a8fe6-f71e-44f3-8ffb-4c3fdc5ca07a,2025-07-08 16:02:41.396843-04,17813345647,123456,triangle
b3a0a443-641e-45d5-be8d-d4ce95727ee3,2025-07-08 16:02:55.339098-04,17813345647,123456,flort
cacc0d12-a681-461b-9d0a-46f741c650f6,2025-07-08 16:03:08.857939-04,17813345647,123456,iggy
9f9750d0-1d15-4dfd-a60d-bc1f436b3e8c,2025-07-08 16:10:28.968013-04,17815674887,123456,colourquiz
f13eab79-e793-44f9-ac12-fe7b72023dde,2025-07-08 16:10:39.003093-04,17815674887,123456,2
a00984f9-1b75-45c0-bed3-b22734c597ce,2025-07-08 16:10:49.90343-04,17815674887,123456,knife
53bf88b5-7382-4e03-b9dc-99ca68fe8459,2025-07-08 16:23:53.967017-04,17819998876,123456,colourquiz
