id,sent_at,_from,_to,_text,session_id,script_id
9d261189-94ce-4c93-9fb2-200fdab03fe4,2025-05-06 11:02:06.350785-04,1234,17817299468,PrintWithPrefix: 1 hello,b89f6958-2b6f-4b18-a3df-89a21e0313f9,0253b209-a760-469f-817a-0bc5762477c7
40ceacfa-59d9-4570-a4e7-96e1ff8a5ba8,2025-05-06 11:02:06.380444-04,1234,17817299469,PrintWithPrefix: 2 hi,5a363e22-c17a-4ccb-bc1a-840b721b72d6,3036368b-5b04-4a47-9ba7-dc705bf6b70c
2a4d4c30-2333-4e85-91ee-4a30cbbdda31,2025-05-06 11:02:06.385666-04,1234,17817299470,PrintWithPrefix: 3 heya,0fc86f26-8d5c-41a4-a6d3-457bf8ce0e58,ef9b78c5-df83-4935-8b56-3d232aa6d90b
446e9f3b-d425-4b5b-a675-6d1c40f918aa,2025-05-06 11:02:06.401771-04,1234,17817299471,PrintWithPrefix: 4 hey here,21c9c629-d447-4a6b-897d-123a61d3141a,382e55cc-30a5-40d1-8f52-04ff5c2bdea0
953a08e9-53cd-47c8-b670-c1183dee9a95,2025-05-06 11:02:06.406741-04,1234,17817299472,PrintWithPrefix: 5 greetings,0273b26c-8149-41ca-8215-66c619c539aa,6019c3ae-7def-40be-b207-30a1ae3d49d2
7f364916-0eda-468d-8610-d27752853c67,2025-05-06 17:02:08.545765-04,1234,17817299468,PrintWithPrefix: hello,654cec52-0fac-462d-b226-41f86c252d8c,cb91c388-9023-4738-ab77-e02e3530755d
fe541c03-ca7e-42c5-9d06-6e6f2593429c,2025-05-06 17:02:08.566197-04,1234,17817299469,PrintWithPrefix: hi,a324ea25-2184-4d78-bf6b-cdeb209345ae,14b801c6-7aa6-4378-aa7a-2f7c3f92f846
7113b382-0f97-4198-96a7-28548cea27a9,2025-05-06 17:02:08.569547-04,1234,17817299470,PrintWithPrefix: heya,8f01514c-6686-49fb-98e8-70e51f956ba6,a4cb275b-cd74-4a79-a9e0-d948eb8bdd25
e6015403-e335-434c-9c8c-7546e82107ca,2025-05-06 17:02:08.574107-04,1234,17817299471,PrintWithPrefix: hey there,7c81d020-05fe-4535-8d37-b8a828c72664,388fa21e-d324-40bd-ae0c-7ac403d7985d
1161ba9a-f772-433f-8161-05b34ed14a7a,2025-05-06 17:02:08.577173-04,1234,17817299472,PrintWithPrefix: greetings,ec44a562-4d08-4fbc-8efd-f68ab0f8122c,5c16dba3-f8a5-4614-9700-3e22a5c242fc
8b34879d-2879-40b2-ae22-ed285b66b1ff,2025-05-06 17:22:19.391017-04,1234,17817299468,PrintWithPrefix: hello,fbb27fc8-54bd-4ce5-91b9-fee7d1efe61c,3d7b1900-8342-4ac4-91d5-b35382b81206
9b658e44-1e00-4cba-856a-dd201f5bc60e,2025-05-06 17:22:19.408119-04,1234,17817299469,PrintWithPrefix: hi,29f12cf6-8360-461c-a0a7-803442e02cd0,f8c47c2d-766c-48ef-8b16-4486ccad9655
c430545e-26e6-4a98-b80d-310e03be2def,2025-05-06 17:22:19.414172-04,1234,17817299470,PrintWithPrefix: heya,fb14306c-4421-4b4f-a855-2311c8b2e32b,5a98c558-3a96-4226-9dee-f690a96bfd09
7aac0a2d-fd39-4a5f-8a39-d839d162fdf2,2025-05-06 17:22:19.420904-04,1234,17817299471,PrintWithPrefix: hey there,f2fbf2eb-8665-495c-b74a-7d0a4bf8a883,7be93cd7-c7f7-410b-ac9e-ffba6546e297
200f56fd-409e-4585-a260-ec9f88ebef86,2025-05-06 17:22:19.42488-04,1234,17817299472,PrintWithPrefix: greetings,971a6f2f-857f-4533-a43f-a900066c4bae,0d207a69-04c8-47d6-9576-035578c3e68f
2bda28d9-d251-4137-9034-0d6d6d51cb5a,2025-05-06 17:22:43.835022-04,1234,17817299468,PrintWithPrefix: 21 hello,fbb27fc8-54bd-4ce5-91b9-fee7d1efe61c,3d7b1900-8342-4ac4-91d5-b35382b81206
db5ec1eb-e418-45d0-9063-9cda360ab3b1,2025-05-06 17:22:43.854483-04,1234,17817299468,PrintWithPrefix: 22 hello,fbb27fc8-54bd-4ce5-91b9-fee7d1efe61c,3d7b1900-8342-4ac4-91d5-b35382b81206
86911f3b-d177-417e-a16f-480d59c92f3e,2025-05-06 17:22:43.858196-04,1234,17817299468,PrintWithPrefix: 23 hello,fbb27fc8-54bd-4ce5-91b9-fee7d1efe61c,3d7b1900-8342-4ac4-91d5-b35382b81206
84d20324-f612-4c2e-8724-c58dd29c2f58,2025-05-06 17:22:43.861709-04,1234,17817299468,PrintWithPrefix: 24 hello,fbb27fc8-54bd-4ce5-91b9-fee7d1efe61c,3d7b1900-8342-4ac4-91d5-b35382b81206
883d7f6c-4dbe-4710-8729-17d9d65c3686,2025-05-06 17:22:43.865841-04,1234,17817299468,PrintWithPrefix: 25 hello,fbb27fc8-54bd-4ce5-91b9-fee7d1efe61c,3d7b1900-8342-4ac4-91d5-b35382b81206
c2482792-03a9-4752-8934-02bed4651ee2,2025-05-06 17:22:43.869151-04,1234,17817299468,PrintWithPrefix: 26 hello,fbb27fc8-54bd-4ce5-91b9-fee7d1efe61c,3d7b1900-8342-4ac4-91d5-b35382b81206
0c7e844d-cc09-4249-8d99-748d0b6acf80,2025-05-06 17:22:43.872485-04,1234,17817299468,PrintWithPrefix: 27 hello,fbb27fc8-54bd-4ce5-91b9-fee7d1efe61c,3d7b1900-8342-4ac4-91d5-b35382b81206
ffe1cbf2-ae32-47b9-a792-97ccbf7cd631,2025-05-06 17:22:43.877007-04,1234,17817299468,PrintWithPrefix: 28 hello,fbb27fc8-54bd-4ce5-91b9-fee7d1efe61c,3d7b1900-8342-4ac4-91d5-b35382b81206
af4494cd-0cba-4781-91aa-1b17176268b1,2025-05-06 17:22:43.880442-04,1234,17817299468,PrintWithPrefix: 29 hello,fbb27fc8-54bd-4ce5-91b9-fee7d1efe61c,3d7b1900-8342-4ac4-91d5-b35382b81206
bfe4f3c0-a55f-4615-a616-f8fa260fdc61,2025-05-06 17:22:43.883941-04,1234,17817299468,PrintWithPrefix: 30 hello,fbb27fc8-54bd-4ce5-91b9-fee7d1efe61c,3d7b1900-8342-4ac4-91d5-b35382b81206
0242d097-9077-4acc-9ebe-9bd0bb15d2cb,2025-05-12 09:03:09.088499-04,1234,17817299468,PrintWithPrefix: 1 hello,3ec434a2-d64a-4d71-92de-4b20cf81ef06,91da1378-9cc1-4699-806c-cacefb4158ae
b221c769-3bcb-4bce-bb50-75b2dcd24776,2025-05-12 09:03:09.111265-04,1234,17817299469,PrintWithPrefix: 2 hi,47c6b7de-c07b-417b-9259-d71959ccce09,b1408bf4-8bdb-42e2-aa46-0ccd5eb13859
48848dc3-1626-42f2-b267-f6d616abb1ce,2025-05-12 09:03:09.127544-04,1234,17817299470,PrintWithPrefix: 3 heya,9a9bb46f-ec14-4dad-be42-fd53a4eab20a,07c39ef8-a6a3-4341-a860-79bb8fbd9ba8
8d3e4d23-2f98-4f6a-b9c1-8f2c6303ffa5,2025-05-12 09:03:09.141931-04,1234,17817299471,PrintWithPrefix: 4 hey here,502cad48-46f4-4319-96d6-1c3779c1250d,9461bd62-4931-4fec-8be5-6280d63aaaec
ee9c6dd7-16dc-4ffd-a98a-f1ded25fba04,2025-05-12 09:03:09.152209-04,1234,17817299472,PrintWithPrefix: 5 greetings,2e6ff182-6980-4d71-ac54-5438b0e6c53b,6a8fbd2e-073f-4c30-aae9-afae0799305f
db1edae5-573c-48ec-931d-20dc811f8a29,2025-05-13 11:23:41.940881-04,1234,17817299468,PrintWithPrefix: 1 hello,6799d371-beb2-4898-aa50-6d94bb409b28,3a7c7506-5e41-49eb-a66b-9a6147dc80f8
6dd24a17-6c08-4d18-8b18-4187a5c04e68,2025-05-13 11:23:41.969448-04,1234,17817299469,PrintWithPrefix: 2 hi,2948dd59-17bb-458f-a621-c03c78b213ce,b69f21a2-cc68-4a92-a3fe-d5784d3b962a
39af9450-f37e-4206-84dc-6d785e427eb3,2025-05-13 11:23:41.978665-04,1234,17817299470,PrintWithPrefix: 3 heya,d1d2426e-f659-41cc-bb71-7e467b055844,c911b2b6-fb32-446d-a539-f5d1dd0a4c0a
1f54eabb-5af9-47e3-a4fe-00f327cd2ddb,2025-05-13 11:23:41.989212-04,1234,17817299471,PrintWithPrefix: 4 hey here,85042ad0-7c34-474b-8682-394a9311e105,851ef44b-b356-44a2-bc0d-cf468bdc7814
f2dc7639-c00a-4414-9b9d-04594047d96b,2025-05-13 11:23:41.997061-04,1234,17817299472,PrintWithPrefix: 5 greetings,ba18025f-262e-4ca9-a7f5-88a100d19b92,586ee372-d639-4d40-acad-909bc964a8af
70a6130d-8a6c-4a4b-bee2-845831138277,2025-05-13 14:41:56.108606-04,1234,17817299468,PrintWithPrefix: 1 hello,454f9d31-80b5-4c75-bce7-e79cc6847510,5d5ab56e-a712-401a-b534-0015752a29a2
6c8c43f7-da42-4e66-af86-69fa27c18021,2025-05-13 14:41:56.130085-04,1234,17817299469,PrintWithPrefix: 2 hi,b620b35d-1c4a-46a9-aa91-64dabf6f9350,96be95f7-d69f-441d-8565-ae06bfa7662f
52401040-ae40-461a-a92f-632f3a49919c,2025-05-13 14:41:56.139001-04,1234,17817299470,PrintWithPrefix: 3 heya,65017f0f-19bb-47d8-8163-6fdb0e0cdbaa,a8c85cef-cedb-4d7f-9a6f-7112000d51ac
d406eb0c-b504-45b7-b795-e0a89308247a,2025-05-13 14:41:56.147839-04,1234,17817299471,PrintWithPrefix: 4 hey here,e399bd84-3602-4c7b-b23a-72f8eb07de69,36262251-5bb9-4fad-8bdd-fa0e5fd48942
c1880ec0-afda-4254-8f06-c23b4d779659,2025-05-13 14:41:56.154756-04,1234,17817299472,PrintWithPrefix: 5 greetings,92638a1d-6b30-40cd-aaa0-2ea64bb4d3f9,fc52f112-bc8d-4c0b-99d2-034d2982e2af
8560640d-d097-46b0-9cd2-c157a43a9fc6,2025-05-13 14:54:42.974999-04,1234,12127299468,PrintWithPrefix: 1 hello,8ea044f4-929c-43ab-b7c0-9118e879f937,0455c7e2-b7c9-4f0b-8d25-b8b085adc7a6
5da874bd-7792-4902-828f-f37cb9b336b9,2025-05-13 14:54:43.002963-04,1234,12127299469,PrintWithPrefix: 2 hi,f4823853-91f0-4058-b1c0-8641ab0d67e9,430e1ee1-ace0-4ae8-a13b-1a39f47477d4
380f3177-5e43-4ec5-8832-7cb6ef3e9919,2025-05-13 14:54:43.014518-04,1234,12127299470,PrintWithPrefix: 3 heya,e1d9776d-2f1b-42f4-92fe-1df7d56bda33,a401dc3c-6a96-4503-8555-9c1d0685755f
3ecfdfca-9a8e-4080-8972-311ed4ff27e1,2025-05-13 14:54:43.029037-04,1234,12127299471,PrintWithPrefix: 4 hey here,4917b642-d486-47af-b69f-d3b5b793ad96,1e0dbb09-b3e7-437d-b02b-89da5769a39b
fb7b06d7-08fe-41f9-8c66-6ea50b32d8b6,2025-05-13 14:54:43.045294-04,1234,12127299472,PrintWithPrefix: 5 greetings,76070b53-594c-4ed1-b185-73cb0bd6d9d5,c2751e3b-c24b-4b89-9b64-66c524307b66
3940932d-1582-495e-a3b7-20cea2fbafb1,2025-05-13 15:02:02.39257-04,1234,19787299468,PrintWithPrefix: 1 hello,b28bcefa-2c5f-450e-b8f7-953a475933ae,27a96b64-78d2-43ae-9960-7ac4c4726f82
5f4e6cbe-344f-4416-ac17-e47242fad20e,2025-05-13 15:02:02.410689-04,1234,19787299469,PrintWithPrefix: 2 hi,0054979b-a055-4471-834b-0a33c757f264,6af24998-5680-46ff-925a-ff807cf5ee1c
f6687d05-d334-4ca0-ba94-02c7637d68ff,2025-05-13 15:02:02.422536-04,1234,19787299470,PrintWithPrefix: 3 heya,f9bda0cb-3c82-4d7b-a432-ea44440106aa,2bc96462-41bf-4511-9045-1e776a96cc8d
13a46a11-c3cc-4f8c-b1b2-432649f33b42,2025-05-13 15:02:02.432135-04,1234,19787299471,PrintWithPrefix: 4 hey here,591ae00a-f7e7-440c-90ae-9c3f4e58bab7,314b917b-9fa6-401f-8ccb-71dd2cdfdbe1
88267599-06e5-4a5d-b777-fbaf41294b8e,2025-05-13 15:02:02.439997-04,1234,19787299472,PrintWithPrefix: 5 greetings,75f1e827-675e-430b-aadb-07d5abeacaba,65ef2c79-5ca9-437a-b0c0-0fbdb36ad0ee
af0409d7-afb9-41a6-b4de-fef08e937044,2025-05-19 12:26:50.623551-04,1234,19787299468,PrintWithPrefix: 1 hello,ec6bca7c-deac-426a-92aa-15b7645f2f6f,7309ca8a-5537-4cf4-aa54-669b2c0c5648
960e6e40-49fd-4ebc-ad9b-ec1333f1cc7b,2025-05-19 12:26:50.637914-04,1234,19787299469,PrintWithPrefix: 2 hi,698f8ff6-aaf6-475c-8d24-810acfbcf50f,79fc1284-8712-42dc-b59a-1cdd3566ab90
c3609aa4-7f9e-4f25-ae0c-78d37639010e,2025-05-19 12:26:50.642905-04,1234,19787299470,PrintWithPrefix: 3 heya,4f3b48b3-8f47-4152-8b93-e4b253931586,6dd83202-3049-4ab7-b4e1-9a37a3f18ac4
b0043b1f-a807-45b3-9c0e-3f62d9783e9a,2025-05-19 12:26:50.647964-04,1234,19787299471,PrintWithPrefix: 4 hey here,2a1a22cc-cccb-4a1d-aa86-ed4739bc941c,81fa1ff3-2d39-49aa-a0f8-c680c8219061
adbd826b-0abf-4b9b-9412-62b8ec538639,2025-05-19 12:26:50.652778-04,1234,19787299472,PrintWithPrefix: 5 greetings,749046c4-b68d-4cd6-8e91-59d78012a3bd,de70580a-14a1-4f3c-852e-ea1280b1f11a
050bf057-94c2-40bc-9bd9-6d05260d2841,2025-05-19 12:58:22.619501-04,45678,17811235964,What's you favorite color? 1) red 2) blue 3) flort,c8a0ee64-524f-41b1-9bab-9d36b8c3a05c,f77030bb-879e-4d7a-8520-f76481574620
e66e986d-958e-401a-9ab6-08762f48b680,2025-05-19 12:58:41.871841-04,45678,17811235964,Flort is for the cool kids.,c8a0ee64-524f-41b1-9bab-9d36b8c3a05c,5664442e-c913-446e-b67b-db9d1c860cab
f0ed3e47-1e04-4e56-8a3b-fda8d7468a3b,2025-05-19 13:00:14.513518-04,21249,17811234343,TEST SCRIPT RESPONSE PREFIX: Hello,c0670816-f8a6-4e84-8527-4fad20602705,23a88209-13c8-468f-998b-23a335839950
85a0d5d7-282b-4c20-bac7-6b6ec5708eb2,2025-05-19 13:00:34.741802-04,21249,17811234343,TEST SCRIPT RESPONSE PREFIX: Goodbye,c0670816-f8a6-4e84-8527-4fad20602705,23a88209-13c8-468f-998b-23a335839950
f10d1cf4-7f3c-4132-ac78-25d16a306547,2025-05-28 09:53:29.1105-04,1234,17817299468,What is your favorite color? 1) red 2) blue 3) flort,2307deea-bab1-43b5-b391-fd8c744c524f,89eddcb8-7fe5-4cd1-b18b-78858f0789fb
dcdc201f-690c-4aee-8dff-254e5b8a696e,2025-05-28 10:16:47.776648-04,1234,17817299468,What is your favorite color? 1) red 2) blue 3) flort,2ecdca21-6e2d-4969-ac3e-c1d275d1a471,89eddcb8-7fe5-4cd1-b18b-78858f0789fb
d38a4dcd-b104-4ce8-9a36-8b35928210e5,2025-05-28 10:18:34.338362-04,1234,17817299468,"Third question. Which is the best third Stooge: 1) Shemp, 2) Curly or 3) Iggy",2ecdca21-6e2d-4969-ac3e-c1d275d1a471,0b2861b6-a16a-4197-910a-158610967dd9
4b22d1a6-5bf3-4c4b-a08f-4e03232c0bae,2025-05-28 10:19:14.651633-04,1234,17817299468,That is all. Bye.: Iggy,2ecdca21-6e2d-4969-ac3e-c1d275d1a471,f9420f0c-81ca-4f9a-b1d4-7e25fd280399
aaadb39a-5412-4848-8fce-ead59ca9a438,2025-05-28 10:45:05.385067-04,21249,17811234343,What is your favorite color? 1) red 2) blue 3) flort,2f3cd3dd-f68b-4b8d-81c2-ed096aecee58,89eddcb8-7fe5-4cd1-b18b-78858f0789fb
663a4a80-8068-4110-a124-11554f98c91a,2025-05-28 10:45:26.595238-04,21249,17811234343,"Third question. Which is the best third Stooge: 1) Shemp, 2) Curly or 3) Iggy",2f3cd3dd-f68b-4b8d-81c2-ed096aecee58,0b2861b6-a16a-4197-910a-158610967dd9
e2e92694-9c8f-4b87-8f2b-c0ad19d56dab,2025-05-28 10:45:55.952592-04,21249,17811234343,That is all. Bye.: Iggy,2f3cd3dd-f68b-4b8d-81c2-ed096aecee58,f9420f0c-81ca-4f9a-b1d4-7e25fd280399
9e2650b8-18ff-4cc1-ac4e-b9dc02b188cd,2025-05-28 10:52:07.749422-04,21249,17811234343,What is your favorite color? 1) red 2) blue 3) flort,2f3cd3dd-f68b-4b8d-81c2-ed096aecee58,89eddcb8-7fe5-4cd1-b18b-78858f0789fb
760c04b5-ae2a-4c61-a6a5-2a99e50ee8d8,2025-05-28 10:52:19.277806-04,21249,17811234343,"Third question. Which is the best third Stooge: 1) Shemp, 2) Curly or 3) Iggy",2f3cd3dd-f68b-4b8d-81c2-ed096aecee58,0b2861b6-a16a-4197-910a-158610967dd9
b7a54685-b2f0-4539-be37-e72bc5a5ed7b,2025-05-28 10:52:43.141759-04,21249,17811234343,That is all. Bye.: shemp,2f3cd3dd-f68b-4b8d-81c2-ed096aecee58,f9420f0c-81ca-4f9a-b1d4-7e25fd280399
654282ee-19c2-43e5-9456-5c56b9f26665,2025-05-28 10:53:08.886596-04,21249,17811234343,What is your favorite color? 1) red 2) blue 3) flort,2f3cd3dd-f68b-4b8d-81c2-ed096aecee58,89eddcb8-7fe5-4cd1-b18b-78858f0789fb
bf2982f6-a1d0-4df1-ad8c-74ea95ba7212,2025-05-28 10:53:45.989172-04,21249,17811234343,"Third question. Which is the best third Stooge: 1) Shemp, 2) Curly or 3) Iggy",2f3cd3dd-f68b-4b8d-81c2-ed096aecee58,0b2861b6-a16a-4197-910a-158610967dd9
12cb53bb-97cf-46e4-848d-bd57adc08743,2025-05-28 10:55:27.185964-04,21249,17811234343,That is all. Bye.: 2,2f3cd3dd-f68b-4b8d-81c2-ed096aecee58,f9420f0c-81ca-4f9a-b1d4-7e25fd280399
1c2b39c0-ec83-4a5b-9d9c-2d496b7d7178,2025-05-28 10:55:43.540328-04,21249,17811234343,What is your favorite color? 1) red 2) blue 3) flort,2f3cd3dd-f68b-4b8d-81c2-ed096aecee58,89eddcb8-7fe5-4cd1-b18b-78858f0789fb
2debf0e2-3d0b-45ab-a67c-fa457c6dab51,2025-05-28 10:55:58.717223-04,21249,17811234343,"Third question. Which is the best third Stooge: 1) Shemp, 2) Curly or 3) Iggy",2f3cd3dd-f68b-4b8d-81c2-ed096aecee58,0b2861b6-a16a-4197-910a-158610967dd9
79440366-68fb-4485-bc16-5c4bff82fc2d,2025-05-29 10:15:00.596616-04,21249,17811234343,What is your favorite color? 1) red 2) blue 3) flort,d13784b2-aab4-4b36-95b0-b3ba364683e5,89eddcb8-7fe5-4cd1-b18b-78858f0789fb
169c62d2-79e6-4b22-82a0-319c0394e2d4,2025-05-29 10:15:27.236477-04,21249,17811234343,"Third question. Which is the best third Stooge: 1) Shemp, 2) Curly or 3) Iggy",d13784b2-aab4-4b36-95b0-b3ba364683e5,0b2861b6-a16a-4197-910a-158610967dd9
d413b97e-217a-4251-8244-3a1bdadd07cc,2025-05-29 10:15:55.864162-04,21249,17811234343,That is all. Bye.: 3,d13784b2-aab4-4b36-95b0-b3ba364683e5,f9420f0c-81ca-4f9a-b1d4-7e25fd280399
b6bffb1d-ecdf-4a7d-9f9b-ec4de49ee896,2025-05-29 10:17:11.582511-04,98712,17811238659,What is your favorite color? 1) red 2) blue 3) flort,9d8df4bc-2bde-4f2e-9240-de0d0178e8c2,89eddcb8-7fe5-4cd1-b18b-78858f0789fb
bfbbeb4f-a5b1-471b-af48-4be7d4d9bbca,2025-05-29 10:17:25.4372-04,98712,17811238659,"Third question. Which is the best third Stooge: 1) Shemp, 2) Curly or 3) Iggy",9d8df4bc-2bde-4f2e-9240-de0d0178e8c2,0b2861b6-a16a-4197-910a-158610967dd9
e99a4f9a-f755-4f2d-91dd-828831b71719,2025-05-29 10:17:55.558432-04,45678,17811235964,What is your favorite color? 1) red 2) blue 3) flort,5980a3fb-853b-4bdc-b2e6-8df1d9743cea,89eddcb8-7fe5-4cd1-b18b-78858f0789fb
56ff3072-5277-4ce2-a17c-085bc1f1bb1e,2025-05-29 10:18:10.365963-04,45678,17811235964,"Third question. Which is the best third Stooge: 1) Shemp, 2) Curly or 3) Iggy",5980a3fb-853b-4bdc-b2e6-8df1d9743cea,0b2861b6-a16a-4197-910a-158610967dd9
a13724f6-1b6e-482a-a382-9d3c69253306,2025-05-29 10:18:24.796952-04,45678,17811235964,That is all. Bye.: wtf?,5980a3fb-853b-4bdc-b2e6-8df1d9743cea,f9420f0c-81ca-4f9a-b1d4-7e25fd280399
0abee026-293a-4fbd-88c8-4aa32895fa8c,2025-05-29 10:18:56.804511-04,21249,17811234343,What is your favorite color? 1) red 2) blue 3) flort,d13784b2-aab4-4b36-95b0-b3ba364683e5,89eddcb8-7fe5-4cd1-b18b-78858f0789fb
f10c87b2-dfe2-4f45-b015-483338301900,2025-05-29 10:19:22.060612-04,98712,17811238659,That is all. Bye.: hello,9d8df4bc-2bde-4f2e-9240-de0d0178e8c2,f9420f0c-81ca-4f9a-b1d4-7e25fd280399
fa609daf-1b0f-410a-bee2-7124cb58687a,2025-05-29 12:26:09.080467-04,21249,17811234343,What is your favorite color? 1) red 2) blue 3) flort,20ac7a96-4787-4915-9bd4-cbddbc35759e,89eddcb8-7fe5-4cd1-b18b-78858f0789fb
101951bc-be5b-4da8-9089-e8017ae47913,2025-05-29 12:26:25.111531-04,21249,17811234343,"Third question. Which is the best third Stooge: 1) Shemp, 2) Curly or 3) Iggy",20ac7a96-4787-4915-9bd4-cbddbc35759e,0b2861b6-a16a-4197-910a-158610967dd9
acc3770e-cbb9-447f-a734-4087706702bd,2025-05-29 12:26:37.485594-04,21249,17811234343,That is all. Bye.: 1,20ac7a96-4787-4915-9bd4-cbddbc35759e,f9420f0c-81ca-4f9a-b1d4-7e25fd280399
8b556886-d5c8-490f-a4a5-9ad5e201aed3,2025-05-30 11:11:49.104477-04,21249,17811234343,What is your favorite color? 1) red 2) blue 3) flort,900173f8-3e55-4e9b-905c-772d35de515f,89eddcb8-7fe5-4cd1-b18b-78858f0789fb
5c9d547f-fb87-4187-8e25-c14eb9214adb,2025-05-30 11:12:04.756785-04,21249,17811234343,Error message for ColorQuizProcess,900173f8-3e55-4e9b-905c-772d35de515f,89eddcb8-7fe5-4cd1-b18b-78858f0789fb
36ff75c6-ef26-4f9c-8e82-a3a951a54a7e,2025-05-30 11:24:10.600607-04,21249,17811234343,What is your favorite color? 1) red 2) blue 3) flort,c4f930f0-dabc-4fe4-be36-22541707e977,89eddcb8-7fe5-4cd1-b18b-78858f0789fb
5f0df034-7389-46df-bd07-b0f262199642,2025-05-30 11:24:45.22799-04,21249,17811234343,Red is the color of life.,c4f930f0-dabc-4fe4-be36-22541707e977,95441b9a-3636-4f45-bd0a-ec35e84dd5f7
f8f3e472-0608-47c9-9c21-6c8d154a43bb,2025-05-31 11:31:35.224504-04,21249,17811234343,What is your favorite color? 1) red 2) blue 3) flort,3c7f10a6-ca8d-47c0-b0e2-999aee21defd,89eddcb8-7fe5-4cd1-b18b-78858f0789fb
bf012200-22a4-47c2-a553-b3982ea09f42,2025-05-31 12:05:01.942421-04,21249,17811234343,What is your favorite color? 1) red 2) blue 3) flort,ee5f8a97-4c21-4da3-9292-98781ab3ea8b,89eddcb8-7fe5-4cd1-b18b-78858f0789fb
ed006428-fbf1-497a-9f19-868f8efa0f5c,2025-05-31 12:05:16.420754-04,21249,17811234343,Red is the color of life.,ee5f8a97-4c21-4da3-9292-98781ab3ea8b,95441b9a-3636-4f45-bd0a-ec35e84dd5f7
05eada4d-5019-45a7-add0-b3d2b7c56bf5,2025-05-31 12:05:16.421757-04,21249,17811234343,Red is the color of life.,ee5f8a97-4c21-4da3-9292-98781ab3ea8b,95441b9a-3636-4f45-bd0a-ec35e84dd5f7
d2da0dcc-9c59-40e5-9665-a91d95586784,2025-05-31 12:12:01.505239-04,21249,17811234343,What is your favorite color? 1) red 2) blue 3) flort,8515c69d-d6e8-4739-b369-215b5e29e9af,89eddcb8-7fe5-4cd1-b18b-78858f0789fb
32dcf8c0-ba0e-41be-9677-24f015f7c8c9,2025-05-31 12:12:11.259386-04,21249,17811234343,Red is the color of life.,8515c69d-d6e8-4739-b369-215b5e29e9af,95441b9a-3636-4f45-bd0a-ec35e84dd5f7
7bf06c6c-f83f-45e0-8e23-e7011764c158,2025-05-31 12:12:11.259869-04,21249,17811234343,Red is the color of life.,8515c69d-d6e8-4739-b369-215b5e29e9af,95441b9a-3636-4f45-bd0a-ec35e84dd5f7
4fb60cd9-7b2d-4481-84da-1a8a6d3c3c67,2025-05-31 12:21:15.875057-04,21249,17811234343,What is your favorite color? 1) red 2) blue 3) flort,86151c8b-8e15-43eb-8635-c4360f02cf46,89eddcb8-7fe5-4cd1-b18b-78858f0789fb
0f06aea3-24e7-4dc0-92d0-0c12240b1b40,2025-05-31 12:21:26.438616-04,21249,17811234343,Red is the color of life.,86151c8b-8e15-43eb-8635-c4360f02cf46,b48d36ce-2512-4ee0-a9b9-b743d72e95e9
ac7828d3-49c1-4b7b-af0b-d230ede9e008,2025-05-31 12:21:26.439043-04,21249,17811234343,"Another question. What is your fave shape: 1) triangle, 2) square or 3) circle",86151c8b-8e15-43eb-8635-c4360f02cf46,b48d36ce-2512-4ee0-a9b9-b743d72e95e9
0631e8f8-8e84-4171-ba5c-36e6e07708a6,2025-05-31 12:22:16.530239-04,21249,17811234343,Squares are for squares!,86151c8b-8e15-43eb-8635-c4360f02cf46,23f00a69-55b7-4c29-b777-5c278b7088ed
a336b517-9ae9-4eab-b6ee-257bdedacb87,2025-05-31 12:23:55.355445-04,21249,17811234343,What is your favorite color? 1) red 2) blue 3) flort,f0d8cf7c-9125-470c-9151-05578d9996c4,89eddcb8-7fe5-4cd1-b18b-78858f0789fb
bcadccb2-7a01-4455-bbdc-146ab24417d6,2025-05-31 12:24:01.36822-04,21249,17811234343,Red is the color of life.,f0d8cf7c-9125-470c-9151-05578d9996c4,b48d36ce-2512-4ee0-a9b9-b743d72e95e9
5ac1adb8-75b8-49f8-9909-f895db2320c5,2025-05-31 12:24:01.368728-04,21249,17811234343,"Another question. What is your fave shape: 1) triangle, 2) square or 3) circle",f0d8cf7c-9125-470c-9151-05578d9996c4,b48d36ce-2512-4ee0-a9b9-b743d72e95e9
5e3806b4-f6b3-498e-a4e7-b7a6ba775b11,2025-05-31 12:24:11.529493-04,21249,17811234343,Squares are for squares!,f0d8cf7c-9125-470c-9151-05578d9996c4,f9420f0c-81ca-4f9a-b1d4-7e25fd280399
09c47cb8-b134-48eb-9df7-cb6c78c50db6,2025-05-31 12:24:11.531051-04,21249,17811234343,That is all. Bye.: square,f0d8cf7c-9125-470c-9151-05578d9996c4,f9420f0c-81ca-4f9a-b1d4-7e25fd280399
db575375-e55d-4ac4-aa53-6aa8682999ab,2025-05-31 12:25:01.603865-04,21249,17811234343,What is your favorite color? 1) red 2) blue 3) flort,f0d8cf7c-9125-470c-9151-05578d9996c4,89eddcb8-7fe5-4cd1-b18b-78858f0789fb
32e3c67e-2092-4b58-a3cf-cd3316d0e11b,2025-05-31 12:25:18.183957-04,21249,17811234343,Flort is for the cool kids.,f0d8cf7c-9125-470c-9151-05578d9996c4,0b2861b6-a16a-4197-910a-158610967dd9
47686108-3198-4d5d-8e96-fa8b268e9f25,2025-05-31 12:25:18.184453-04,21249,17811234343,"Third question. Which is the best third Stooge: 1) Shemp, 2) Curly or 3) Iggy",f0d8cf7c-9125-470c-9151-05578d9996c4,0b2861b6-a16a-4197-910a-158610967dd9
9023b7ad-b65b-4a63-8bf9-53c032ca938b,2025-05-31 12:25:30.156174-04,21249,17811234343,Error message for StoogeQuiz_Process,f0d8cf7c-9125-470c-9151-05578d9996c4,0b2861b6-a16a-4197-910a-158610967dd9
85c60e1b-141f-44de-aec8-fe0311060543,2025-05-31 12:26:56.961647-04,21249,17811234343,"Oops, wrong Stooges!",f0d8cf7c-9125-470c-9151-05578d9996c4,f9420f0c-81ca-4f9a-b1d4-7e25fd280399
e03c7a61-778c-4d29-93be-9d2dc459f4ee,2025-05-31 12:26:56.962088-04,21249,17811234343,That is all. Bye.: 3,f0d8cf7c-9125-470c-9151-05578d9996c4,f9420f0c-81ca-4f9a-b1d4-7e25fd280399
78ec5fbf-126f-47d2-b90e-5572673bb6f6,2025-05-31 12:27:19.685878-04,21249,17811234343,What is your favorite color? 1) red 2) blue 3) flort,f0d8cf7c-9125-470c-9151-05578d9996c4,89eddcb8-7fe5-4cd1-b18b-78858f0789fb
48ce75e9-19a1-4322-8cc3-13aaa1e687f3,2025-05-31 12:27:29.908039-04,21249,17811234343,"Blue is my fave, as well.",f0d8cf7c-9125-470c-9151-05578d9996c4,385a1f99-d844-42e6-9fa3-a0e3a116757d
2de1ef48-c416-4525-b136-b19c3161027a,2025-05-31 12:27:29.908377-04,21249,17811234343,"Second question. What is your fave utensil: 1) fork, 2) knife or 3) spoon",f0d8cf7c-9125-470c-9151-05578d9996c4,385a1f99-d844-42e6-9fa3-a0e3a116757d
8b90b702-ff8a-42d1-9336-c4b2c3b29dbd,2025-05-31 12:27:46.473953-04,21249,17811234343,Good for stabbing your food!,f0d8cf7c-9125-470c-9151-05578d9996c4,f9420f0c-81ca-4f9a-b1d4-7e25fd280399
2c5df100-a7a7-4a28-bbcc-aa44c30671fe,2025-05-31 12:27:46.474263-04,21249,17811234343,That is all. Bye.: fork,f0d8cf7c-9125-470c-9151-05578d9996c4,f9420f0c-81ca-4f9a-b1d4-7e25fd280399
cb801ef1-bdf3-417e-bce8-b8202f156212,2025-06-02 10:14:33.019029-04,21249,17811234343,What is your favorite color? 1) red 2) blue 3) flort,2918f680-9a6b-4fe5-99ff-b6d7e119e1c2,89eddcb8-7fe5-4cd1-b18b-78858f0789fb
48023cea-41cf-4bd4-bca3-d4b29ed8449d,2025-06-02 10:14:40.629511-04,21249,17811234343,Red is the color of life.,2918f680-9a6b-4fe5-99ff-b6d7e119e1c2,89eddcb8-7fe5-4cd1-b18b-78858f0789fb
f41cf343-5105-4c01-b48e-e8580905fdd4,2025-06-02 10:14:40.630122-04,21249,17811234343,Error message for ColorQuizProcess,2918f680-9a6b-4fe5-99ff-b6d7e119e1c2,89eddcb8-7fe5-4cd1-b18b-78858f0789fb
bc2788ac-f686-454d-8da4-2b68b07e4b05,2025-06-02 10:22:13.167478-04,21249,17811234343,What is your favorite color? 1) red 2) blue 3) flort,4ac4a74a-3314-42a0-b984-9cc3bb68c797,89eddcb8-7fe5-4cd1-b18b-78858f0789fb
cb8c2b95-8345-4a93-a2ba-c907a0188aeb,2025-06-02 10:22:22.084335-04,21249,17811234343,Red is the color of life.,4ac4a74a-3314-42a0-b984-9cc3bb68c797,89eddcb8-7fe5-4cd1-b18b-78858f0789fb
d276c545-d241-4380-b8c0-6393be3dd26a,2025-06-02 10:22:22.084878-04,21249,17811234343,Error message for ColorQuizProcess,4ac4a74a-3314-42a0-b984-9cc3bb68c797,89eddcb8-7fe5-4cd1-b18b-78858f0789fb
2aaf11bf-92f5-4790-9d4c-b1b969ba3599,2025-06-02 10:31:21.869469-04,21249,17811234343,What is your favorite color? 1) red 2) blue 3) flort,ff396154-adf7-4681-bafb-fec4ad5375f4,89eddcb8-7fe5-4cd1-b18b-78858f0789fb
29e25eba-d26c-480f-a62f-832d0369e600,2025-06-02 10:32:02.156302-04,21249,17811234343,Red is the color of life.,ff396154-adf7-4681-bafb-fec4ad5375f4,b48d36ce-2512-4ee0-a9b9-b743d72e95e9
512c732c-d4e7-4a06-8c02-ff44c23b4489,2025-06-02 10:32:02.157152-04,21249,17811234343,"Another question. What is your fave shape: 1) triangle, 2) square or 3) circle",ff396154-adf7-4681-bafb-fec4ad5375f4,b48d36ce-2512-4ee0-a9b9-b743d72e95e9
bd5106d0-47ef-4901-8ab8-cc9442118dea,2025-06-02 10:32:31.730554-04,21249,17811234343,Circles go round and round!,ff396154-adf7-4681-bafb-fec4ad5375f4,f9420f0c-81ca-4f9a-b1d4-7e25fd280399
f92d134b-a5c8-4524-a333-524e920ca643,2025-06-02 10:32:31.73186-04,21249,17811234343,That is all. Bye.: circle,ff396154-adf7-4681-bafb-fec4ad5375f4,f9420f0c-81ca-4f9a-b1d4-7e25fd280399
da3feb34-acb1-4af3-9c90-e7842efa2979,2025-06-02 10:33:03.621331-04,21249,17811234343,What is your favorite color? 1) red 2) blue 3) flort,ff396154-adf7-4681-bafb-fec4ad5375f4,89eddcb8-7fe5-4cd1-b18b-78858f0789fb
5c49ab86-1ea2-414a-b08c-8f31a85c5c7a,2025-06-02 10:33:17.48422-04,21249,17811234343,Flort is for the cool kids.,ff396154-adf7-4681-bafb-fec4ad5375f4,0b2861b6-a16a-4197-910a-158610967dd9
c20c850d-0e8b-454b-989d-1ffff7131b52,2025-06-02 10:33:17.484963-04,21249,17811234343,"Third question. Which is the best third Stooge: 1) Shemp, 2) Curly or 3) Iggy",ff396154-adf7-4681-bafb-fec4ad5375f4,0b2861b6-a16a-4197-910a-158610967dd9
1e5c0200-f68e-47df-8dd5-e1ce75e85be3,2025-06-02 10:33:32.859515-04,21249,17811234343,Error message for StoogeQuiz_Process,ff396154-adf7-4681-bafb-fec4ad5375f4,0b2861b6-a16a-4197-910a-158610967dd9
12582969-9890-4ea9-9537-c333af89f891,2025-06-02 10:35:05.82565-04,21249,17811234343,Error message for StoogeQuiz_Process,ff396154-adf7-4681-bafb-fec4ad5375f4,0b2861b6-a16a-4197-910a-158610967dd9
f3d365ac-be57-4a50-b43d-6562862fffaf,2025-06-02 10:35:15.229437-04,21249,17811234343,Error message for StoogeQuiz_Process,ff396154-adf7-4681-bafb-fec4ad5375f4,0b2861b6-a16a-4197-910a-158610967dd9
9fc1e030-1c8f-44ef-bb46-03acd34ff678,2025-06-02 10:35:58.801643-04,21249,17811234343,"Oops, wrong Stooges!",ff396154-adf7-4681-bafb-fec4ad5375f4,f9420f0c-81ca-4f9a-b1d4-7e25fd280399
036342bc-ded5-46bb-a192-f0ad46a61eaf,2025-06-02 10:35:58.802324-04,21249,17811234343,That is all. Bye.: 3,ff396154-adf7-4681-bafb-fec4ad5375f4,f9420f0c-81ca-4f9a-b1d4-7e25fd280399
f5bda280-dd91-472a-be72-e29f90954839,2025-06-02 10:36:17.180947-04,21249,17811234343,What is your favorite color? 1) red 2) blue 3) flort,ff396154-adf7-4681-bafb-fec4ad5375f4,89eddcb8-7fe5-4cd1-b18b-78858f0789fb
9de86be6-1770-47fc-af78-3f53665ac03e,2025-06-03 11:01:57.231823-04,21249,17811234343,What is your favorite color? 1) red 2) blue 3) flort,a6c896a7-0458-4074-ac87-3b8654bf7017,89eddcb8-7fe5-4cd1-b18b-78858f0789fb
7f6321e6-35d2-4720-8c1f-d90d044085f0,2025-06-03 11:02:11.846073-04,21249,17811234343,What is your favorite color? 1) red 2) blue 3) flort,a6c896a7-0458-4074-ac87-3b8654bf7017,89eddcb8-7fe5-4cd1-b18b-78858f0789fb
d0d27eef-630f-4c61-b5b1-21190448f88e,2025-06-03 11:02:47.836132-04,21249,17811234343,What is your favorite color? 1) red 2) blue 3) flort,a6c896a7-0458-4074-ac87-3b8654bf7017,89eddcb8-7fe5-4cd1-b18b-78858f0789fb
ac52d919-54b2-454b-8d27-99de42795ced,2025-06-03 11:10:01.372308-04,21249,17811234343,What is your favorite color? 1) red 2) blue 3) flort,ad9c58e0-c81f-41b9-a4ac-4c761764bcdf,89eddcb8-7fe5-4cd1-b18b-78858f0789fb
5269eff3-150c-43a2-99cd-26fb74075891,2025-06-03 11:10:12.325465-04,21249,17811234343,Red is the color of life.,ad9c58e0-c81f-41b9-a4ac-4c761764bcdf,b48d36ce-2512-4ee0-a9b9-b743d72e95e9
d6aa141e-7d69-4308-bb2a-a5cdee3ae9b4,2025-06-03 11:10:12.326184-04,21249,17811234343,"Another question. What is your fave shape: 1) triangle, 2) square or 3) circle",ad9c58e0-c81f-41b9-a4ac-4c761764bcdf,b48d36ce-2512-4ee0-a9b9-b743d72e95e9
fb789e78-c7d1-466d-a9de-899ab411c624,2025-06-03 11:10:40.221155-04,21249,17811234343,Squares are for squares!,ad9c58e0-c81f-41b9-a4ac-4c761764bcdf,89eddcb8-7fe5-4cd1-b18b-78858f0789fb
83522143-8e7e-42ac-b3af-7272caa970aa,2025-06-03 11:10:40.222489-04,21249,17811234343,That is all. Bye.: square,ad9c58e0-c81f-41b9-a4ac-4c761764bcdf,89eddcb8-7fe5-4cd1-b18b-78858f0789fb
fdefda69-4f7a-4a70-b312-6fa772684db3,2025-06-03 11:10:40.223651-04,21249,17811234343,What is your favorite color? 1) red 2) blue 3) flort,ad9c58e0-c81f-41b9-a4ac-4c761764bcdf,89eddcb8-7fe5-4cd1-b18b-78858f0789fb
63ea8be8-71d8-45b0-8252-eec7a583475b,2025-06-03 11:11:15.609616-04,21249,17811234343,Flort is for the cool kids.,ad9c58e0-c81f-41b9-a4ac-4c761764bcdf,0b2861b6-a16a-4197-910a-158610967dd9
11dab48d-2b49-4ddd-82ac-db19f010c948,2025-06-03 11:11:15.610176-04,21249,17811234343,"Third question. Which is the best third Stooge: 1) Shemp, 2) Curly or 3) Iggy",ad9c58e0-c81f-41b9-a4ac-4c761764bcdf,0b2861b6-a16a-4197-910a-158610967dd9
aa04131f-88c4-460d-b694-830df8dc51b2,2025-06-03 11:11:27.044993-04,21249,17811234343,"Oops, wrong Stooges!",ad9c58e0-c81f-41b9-a4ac-4c761764bcdf,89eddcb8-7fe5-4cd1-b18b-78858f0789fb
9de443e1-4313-4ff3-8851-f5a6dec1d089,2025-06-03 11:11:27.045445-04,21249,17811234343,That is all. Bye.: Iggy,ad9c58e0-c81f-41b9-a4ac-4c761764bcdf,89eddcb8-7fe5-4cd1-b18b-78858f0789fb
64679077-895f-4f06-99eb-0180afcfdf0d,2025-06-03 11:11:27.046072-04,21249,17811234343,What is your favorite color? 1) red 2) blue 3) flort,ad9c58e0-c81f-41b9-a4ac-4c761764bcdf,89eddcb8-7fe5-4cd1-b18b-78858f0789fb
4f35882e-ab87-4f67-a934-c314b42dc679,2025-06-03 11:11:48.270533-04,21249,17811234343,"Blue is my fave, as well.",ad9c58e0-c81f-41b9-a4ac-4c761764bcdf,385a1f99-d844-42e6-9fa3-a0e3a116757d
cfc2070d-ad3d-472d-b5c2-4769731b2dc9,2025-06-03 11:11:48.271003-04,21249,17811234343,"Second question. What is your fave utensil: 1) fork, 2) knife or 3) spoon",ad9c58e0-c81f-41b9-a4ac-4c761764bcdf,385a1f99-d844-42e6-9fa3-a0e3a116757d
21cc57c2-3a65-4513-8f1e-b1df0cb20718,2025-06-03 11:11:59.5152-04,21249,17811234343,I guess you like soup!,ad9c58e0-c81f-41b9-a4ac-4c761764bcdf,89eddcb8-7fe5-4cd1-b18b-78858f0789fb
a30a81e9-a32e-4fc8-9ecd-03ffada25cb6,2025-06-03 11:11:59.515676-04,21249,17811234343,That is all. Bye.: spoon,ad9c58e0-c81f-41b9-a4ac-4c761764bcdf,89eddcb8-7fe5-4cd1-b18b-78858f0789fb
174c3433-d816-443b-b8b2-90b7246368f6,2025-06-03 11:11:59.515923-04,21249,17811234343,What is your favorite color? 1) red 2) blue 3) flort,ad9c58e0-c81f-41b9-a4ac-4c761764bcdf,89eddcb8-7fe5-4cd1-b18b-78858f0789fb
4d8d438a-3d4e-4b91-ad7f-ee9057a4a913,2025-06-04 17:58:10.969651-04,21249,17811234343,What is your favorite color? 1) red 2) blue 3) flort,c0c87c5a-b3fb-4c37-94f3-e5bcf9be3ddc,89eddcb8-7fe5-4cd1-b18b-78858f0789fb
7a1dd499-cd05-4715-87ff-c6935f26135d,2025-06-04 17:58:17.133322-04,21249,17811234343,Red is the color of life.,c0c87c5a-b3fb-4c37-94f3-e5bcf9be3ddc,23f00a69-55b7-4c29-b777-5c278b7088ed
9d910f26-5d89-4452-a187-524869a8c21d,2025-06-04 17:58:17.133917-04,21249,17811234343,"Another question. What is your fave shape: 1) triangle, 2) square or 3) circle",c0c87c5a-b3fb-4c37-94f3-e5bcf9be3ddc,23f00a69-55b7-4c29-b777-5c278b7088ed
52328764-63e7-4fc1-8dfb-c393e9da332f,2025-06-04 17:58:27.37762-04,21249,17811234343,Triangles are so pointy!,c0c87c5a-b3fb-4c37-94f3-e5bcf9be3ddc,95441b9a-3636-4f45-bd0a-ec35e84dd5f7
6f11d335-4a8d-462d-be59-7896181cc738,2025-06-04 17:58:27.379277-04,21249,17811234343,That is all. Bye.: triangle,c0c87c5a-b3fb-4c37-94f3-e5bcf9be3ddc,95441b9a-3636-4f45-bd0a-ec35e84dd5f7
c84aa4a4-2302-4e9b-b0e5-6a9693e05b9e,2025-06-04 17:58:27.380201-04,21249,17811234343,What is your favorite color? 1) red 2) blue 3) flort,c0c87c5a-b3fb-4c37-94f3-e5bcf9be3ddc,95441b9a-3636-4f45-bd0a-ec35e84dd5f7
4f35b42a-3cd5-47b2-84b0-71c187892459,2025-06-04 17:58:39.604466-04,21249,17811234343,"Blue is my fave, as well.",c0c87c5a-b3fb-4c37-94f3-e5bcf9be3ddc,1bda7846-31b4-4983-92ec-161eba46c758
90af9050-6bda-4af6-8c74-e12ed15e419f,2025-06-04 17:58:39.605672-04,21249,17811234343,"Second question. What is your fave utensil: 1) fork, 2) knife or 3) spoon",c0c87c5a-b3fb-4c37-94f3-e5bcf9be3ddc,1bda7846-31b4-4983-92ec-161eba46c758
66ed5658-ad34-482a-9ea0-c3404b127fcb,2025-06-04 17:58:46.916586-04,21249,17811234343,I guess you like soup!,c0c87c5a-b3fb-4c37-94f3-e5bcf9be3ddc,95441b9a-3636-4f45-bd0a-ec35e84dd5f7
0aea1421-e827-45ce-b2fa-274d337da160,2025-06-04 17:58:46.91738-04,21249,17811234343,That is all. Bye.: spoon,c0c87c5a-b3fb-4c37-94f3-e5bcf9be3ddc,95441b9a-3636-4f45-bd0a-ec35e84dd5f7
a78486da-e290-4409-8a71-6594c7bede8f,2025-06-04 17:58:46.91772-04,21249,17811234343,What is your favorite color? 1) red 2) blue 3) flort,c0c87c5a-b3fb-4c37-94f3-e5bcf9be3ddc,95441b9a-3636-4f45-bd0a-ec35e84dd5f7
00bbfcf3-2a92-4cdc-b053-8a46b9c2ddd9,2025-06-04 18:11:20.969389-04,21249,17811234343,What is your favorite color? 1) red 2) blue 3) flort,51e98212-803d-4f95-a3d2-504b3d0f62f6,89eddcb8-7fe5-4cd1-b18b-78858f0789fb
2d4dfe0c-50ef-47a1-9b7f-44f8bae01d2e,2025-06-04 18:11:33.37382-04,21249,17811234343,Flort is for the cool kids.,51e98212-803d-4f95-a3d2-504b3d0f62f6,3f467ee3-4874-4ad1-82b1-99be06f575ab
a98747ce-1c4e-495f-ac2e-59544967d3ef,2025-06-04 18:11:33.374585-04,21249,17811234343,"Third question. Which is the best third Stooge: 1) Shemp, 2) Curly or 3) Iggy",51e98212-803d-4f95-a3d2-504b3d0f62f6,3f467ee3-4874-4ad1-82b1-99be06f575ab
9da72f14-0260-4f46-8fdd-0eaec52cfd00,2025-06-04 18:11:44.060894-04,21249,17811234343,"Oops, wrong Stooges!",51e98212-803d-4f95-a3d2-504b3d0f62f6,95441b9a-3636-4f45-bd0a-ec35e84dd5f7
fa7e847a-6b35-4ecd-a3eb-c1a449869b57,2025-06-04 18:11:44.062214-04,21249,17811234343,That is all. Bye.: Iggy,51e98212-803d-4f95-a3d2-504b3d0f62f6,95441b9a-3636-4f45-bd0a-ec35e84dd5f7
f57f1277-3a03-4723-8c2a-6bf62cdc47ec,2025-06-04 18:11:44.063158-04,21249,17811234343,What is your favorite color? 1) red 2) blue 3) flort,51e98212-803d-4f95-a3d2-504b3d0f62f6,95441b9a-3636-4f45-bd0a-ec35e84dd5f7
846fa4d7-4d7b-490e-9ee3-088bd1a1a160,2025-06-05 14:17:35.674622-04,21249,17811234343,Thanks for dropping by our bakery!,691423c8-f5f8-4c12-8b1b-5493c7a05ac9,abfd6e3c-b71d-445d-87fd-89744e66e5d1
05035e58-d441-4151-b55d-a6a4ca1294e1,2025-06-05 14:17:35.675179-04,21249,17811234343,How did you like our new matcha cupcake?,691423c8-f5f8-4c12-8b1b-5493c7a05ac9,abfd6e3c-b71d-445d-87fd-89744e66e5d1
5b146f9a-f995-4115-a35e-1c51e75ab37e,2025-06-05 14:29:52.503368-04,21249,17811234343,Thanks for dropping by our bakery!,358ce03d-9d62-468c-861e-ecb32a50a70b,669eea27-2dc1-4dff-bd0f-bc7d029bf714
3f509fc9-e44d-47d2-a033-3bf2c1f4b584,2025-06-05 14:29:52.504109-04,21249,17811234343,How did you like our new matcha cupcake?,358ce03d-9d62-468c-861e-ecb32a50a70b,669eea27-2dc1-4dff-bd0f-bc7d029bf714
6c4c5341-0803-4a3f-95d5-49c2b6784fce,2025-06-05 14:29:52.504332-04,21249,17811234343,Thanks for letting us know! We hope to see you again soon,358ce03d-9d62-468c-861e-ecb32a50a70b,669eea27-2dc1-4dff-bd0f-bc7d029bf714
7cee7d26-564f-4031-80ec-8ad7fbb85bb0,2025-06-05 14:51:00.853486-04,21249,17811234343,Thanks for dropping by our bakery!,afccead2-9c85-42f2-99b0-ceb5a2c9ca52,669eea27-2dc1-4dff-bd0f-bc7d029bf714
50795ab4-eaed-46ee-9e19-be8480c56b30,2025-06-05 14:51:00.854267-04,21249,17811234343,How did you like our new matcha cupcake?,afccead2-9c85-42f2-99b0-ceb5a2c9ca52,669eea27-2dc1-4dff-bd0f-bc7d029bf714
2eb6f126-631b-4252-ba64-edcb61e00daf,2025-06-05 14:51:00.854503-04,21249,17811234343,Thanks for letting us know! We hope to see you again soon,afccead2-9c85-42f2-99b0-ceb5a2c9ca52,669eea27-2dc1-4dff-bd0f-bc7d029bf714
cbd0ab7b-5646-475d-861e-f7e6da4c188e,2025-06-05 15:26:18.5945-04,21249,17811234343,Thanks for dropping by our bakery!,0b1cf2a3-f670-4b63-81f7-6eebb3dcd906,23b09d2a-18f7-46ac-bff2-3968bd3a4dbe
9c5efbbd-8f3b-4d55-aabc-a8856920dff9,2025-06-05 15:26:18.595224-04,21249,17811234343,How did you like our new matcha cupcake?,0b1cf2a3-f670-4b63-81f7-6eebb3dcd906,23b09d2a-18f7-46ac-bff2-3968bd3a4dbe
98389165-9281-4c0c-bb8c-27f1f3f24b3b,2025-06-05 15:26:36.56227-04,21249,17811234343,n/a,0b1cf2a3-f670-4b63-81f7-6eebb3dcd906,23b09d2a-18f7-46ac-bff2-3968bd3a4dbe
6d5fe80d-4b36-4c2a-8352-15fc02d7550a,2025-06-05 15:26:36.562988-04,21249,17811234343,Thanks for letting us know! We hope to see you again soon,0b1cf2a3-f670-4b63-81f7-6eebb3dcd906,23b09d2a-18f7-46ac-bff2-3968bd3a4dbe
bbac8ef3-33e0-4196-84c1-9155584bf348,2025-06-09 09:56:13.786397-04,21249,17811234343,Thanks for dropping by our bakery!,944c81f1-d3c3-424f-9d41-b9453f7967cf,23b09d2a-18f7-46ac-bff2-3968bd3a4dbe
55997932-3947-4575-b9f5-b557f7724e4f,2025-06-09 09:56:13.787248-04,21249,17811234343,How did you like our new matcha cupcake?,944c81f1-d3c3-424f-9d41-b9453f7967cf,23b09d2a-18f7-46ac-bff2-3968bd3a4dbe
58353d84-5dc4-4619-9a3f-375e5ad52531,2025-06-09 09:56:34.326282-04,21249,17811234343,n/a,944c81f1-d3c3-424f-9d41-b9453f7967cf,23b09d2a-18f7-46ac-bff2-3968bd3a4dbe
ceae1e21-b94e-449e-af10-ee47ea3f59dc,2025-06-09 09:56:34.327723-04,21249,17811234343,Thanks for letting us know! We hope to see you again soon,944c81f1-d3c3-424f-9d41-b9453f7967cf,23b09d2a-18f7-46ac-bff2-3968bd3a4dbe
bf92e5d4-f126-49ec-a7df-d542310778b0,2025-06-09 11:02:48.103855-04,21249,17811234343,Thanks for dropping by our bakery!,e8df7ee7-60e2-464a-948f-49f85d873307,23b09d2a-18f7-46ac-bff2-3968bd3a4dbe
1b608b32-a41a-4479-826b-772050bc3d82,2025-06-09 11:02:48.104423-04,21249,17811234343,How did you like our new matcha cupcake?,e8df7ee7-60e2-464a-948f-49f85d873307,23b09d2a-18f7-46ac-bff2-3968bd3a4dbe
8cbde039-927d-484f-8974-7dd864675da2,2025-06-09 11:03:10.129283-04,21249,17811234343,n/a,e8df7ee7-60e2-464a-948f-49f85d873307,23b09d2a-18f7-46ac-bff2-3968bd3a4dbe
88bc4fed-8858-4db2-b801-3e68d374c109,2025-06-09 11:03:10.130152-04,21249,17811234343,Thanks for letting us know! We hope to see you again soon,e8df7ee7-60e2-464a-948f-49f85d873307,23b09d2a-18f7-46ac-bff2-3968bd3a4dbe
51b241f4-4508-443f-9d7e-c723a94889a6,2025-06-09 11:56:51.229479-04,98712,17811238659,True or false: people are the worst?,2cd1ac7f-d629-4d36-b398-a45b401df96e,525028ae-0a33-4c80-a22f-868f77bb9531
d90f8292-fd98-4d3d-a597-5f1b40b61b65,2025-06-09 11:57:03.414091-04,98712,17811238659,"Sadly, you are correct.",2cd1ac7f-d629-4d36-b398-a45b401df96e,aec8789f-546f-42c2-b1d5-c80bd10014f0
af759d30-e8f5-44d3-a539-30db5d20b58e,2025-06-09 11:57:03.414978-04,98712,17811238659,There is nothing left to say.,2cd1ac7f-d629-4d36-b398-a45b401df96e,aec8789f-546f-42c2-b1d5-c80bd10014f0
8d8641c0-6bfe-4d1e-892f-1070faa74e19,2025-06-09 12:33:49.278118-04,21249,17811234343,True or false: people are the worst?,c0b023ad-e631-4da8-97f3-caf4dd914b62,525028ae-0a33-4c80-a22f-868f77bb9531
88d9f8dc-78bc-4b82-9452-466c13668091,2025-06-09 12:33:59.344989-04,21249,17811234343,You are a hopeless optimist.,c0b023ad-e631-4da8-97f3-caf4dd914b62,aec8789f-546f-42c2-b1d5-c80bd10014f0
5517ef91-95fc-40b9-81bd-f954e5845328,2025-06-09 12:33:59.345352-04,21249,17811234343,There is nothing left to say.,c0b023ad-e631-4da8-97f3-caf4dd914b62,aec8789f-546f-42c2-b1d5-c80bd10014f0
777091dc-1462-46d4-873b-7bbb638f8870,2025-06-09 12:34:15.150117-04,98712,17811238659,What is your favorite color? 1) red 2) blue 3) flort,bf7820fa-41bb-4ef2-bc16-31bd0af92249,89eddcb8-7fe5-4cd1-b18b-78858f0789fb
4ea158db-1387-4bb8-ba43-edc70fcb5ef0,2025-06-09 12:34:29.268157-04,98712,17811238659,Flort is for the cool kids.,bf7820fa-41bb-4ef2-bc16-31bd0af92249,3f467ee3-4874-4ad1-82b1-99be06f575ab
6e76da83-ffd7-4735-b017-225a3eba4011,2025-06-09 12:34:29.268475-04,98712,17811238659,"Third question. Which is the best third Stooge: 1) Shemp, 2) Curly or 3) Iggy",bf7820fa-41bb-4ef2-bc16-31bd0af92249,3f467ee3-4874-4ad1-82b1-99be06f575ab
f1e28285-c233-456b-b6c1-01b5d9565093,2025-06-09 12:34:43.139036-04,98712,17811238659,Shemp was fire!,bf7820fa-41bb-4ef2-bc16-31bd0af92249,95441b9a-3636-4f45-bd0a-ec35e84dd5f7
a8b7c373-ba09-40c8-b895-123907b0b0a3,2025-06-09 12:34:43.139545-04,98712,17811238659,That is all. Bye.,bf7820fa-41bb-4ef2-bc16-31bd0af92249,95441b9a-3636-4f45-bd0a-ec35e84dd5f7
0647e901-dc04-42cb-82d9-0d1faf551933,2025-06-09 12:34:43.139829-04,98712,17811238659,What is your favorite color? 1) red 2) blue 3) flort,bf7820fa-41bb-4ef2-bc16-31bd0af92249,95441b9a-3636-4f45-bd0a-ec35e84dd5f7
82324a8f-c1aa-458b-a6be-748ac6f635a8,2025-06-09 12:34:58.170773-04,45678,17811235964,Thanks for dropping by our bakery!,2f9afd47-564c-4e55-a136-68c78cbab43a,23b09d2a-18f7-46ac-bff2-3968bd3a4dbe
cc7285fe-4f53-43bf-bf8b-ce011a408734,2025-06-09 12:34:58.17167-04,45678,17811235964,How did you like our new matcha cupcake?,2f9afd47-564c-4e55-a136-68c78cbab43a,23b09d2a-18f7-46ac-bff2-3968bd3a4dbe
65701774-7ad8-482c-9c72-fd58caaf8733,2025-06-09 12:35:12.532579-04,45678,17811235964,Got it.,2f9afd47-564c-4e55-a136-68c78cbab43a,23b09d2a-18f7-46ac-bff2-3968bd3a4dbe
c411a053-fc4e-4c02-be97-619ca91c516a,2025-06-09 12:35:12.532803-04,45678,17811235964,Thanks for letting us know! We hope to see you again soon,2f9afd47-564c-4e55-a136-68c78cbab43a,23b09d2a-18f7-46ac-bff2-3968bd3a4dbe
1a5e4205-094e-44c2-8269-bb828e7685d4,2025-06-09 16:16:23.127012-04,21249,17811234343,What is your favorite color? 1) red 2) blue 3) flort,8ccf609e-8651-4409-b01b-2a50514048b7,89eddcb8-7fe5-4cd1-b18b-78858f0789fb
e923170a-938e-44e5-9d9d-d3e3588f3119,2025-06-09 16:16:31.681008-04,21249,17811234343,"Blue is my fave, as well.",8ccf609e-8651-4409-b01b-2a50514048b7,1bda7846-31b4-4983-92ec-161eba46c758
124a5f1a-c5a0-42ed-b6a2-7806d2eb4543,2025-06-09 16:16:31.681605-04,21249,17811234343,"Second question. What is your fave utensil: 1) fork, 2) knife or 3) spoon",8ccf609e-8651-4409-b01b-2a50514048b7,1bda7846-31b4-4983-92ec-161eba46c758
8126e1d2-5c95-4690-8857-09441d6667c0,2025-06-09 16:16:44.227583-04,21249,17811234343,I guess you like soup!,8ccf609e-8651-4409-b01b-2a50514048b7,95441b9a-3636-4f45-bd0a-ec35e84dd5f7
9cd8bd50-6633-4675-8e9c-41b9f2012697,2025-06-09 16:16:44.228047-04,21249,17811234343,That is all. Bye.,8ccf609e-8651-4409-b01b-2a50514048b7,95441b9a-3636-4f45-bd0a-ec35e84dd5f7
1c9b6bc6-7d2a-458b-b055-d7ac4d0a2bcf,2025-06-09 16:16:44.228655-04,21249,17811234343,What is your favorite color? 1) red 2) blue 3) flort,8ccf609e-8651-4409-b01b-2a50514048b7,95441b9a-3636-4f45-bd0a-ec35e84dd5f7
d108610f-c487-4a14-8b93-38d926e00dd4,2025-06-09 16:21:51.304708-04,45678,17811235964,True or false: people are the worst?,38f8cad0-a98b-4ca5-8741-c4f67ef21452,525028ae-0a33-4c80-a22f-868f77bb9531
cdc74f01-ef16-4aef-9981-fe664237451d,2025-06-09 16:23:07.736044-04,45678,17811235964,"Sadly, you are correct.",38f8cad0-a98b-4ca5-8741-c4f67ef21452,aec8789f-546f-42c2-b1d5-c80bd10014f0
adb97faa-05f8-4b82-95e2-210e535dc220,2025-06-09 16:23:07.736642-04,45678,17811235964,There is nothing left to say.,38f8cad0-a98b-4ca5-8741-c4f67ef21452,aec8789f-546f-42c2-b1d5-c80bd10014f0
f7ed7958-a27a-4931-a904-ee78d57159f7,2025-06-09 16:24:06.060595-04,98712,17811238659,Thanks for dropping by our bakery!,f8f83435-a9f2-4382-9d4e-f7858fae7b48,23b09d2a-18f7-46ac-bff2-3968bd3a4dbe
82d65668-9564-45da-a2e7-331d52c6cbfa,2025-06-09 16:24:06.061826-04,98712,17811238659,How did you like our new matcha cupcake?,f8f83435-a9f2-4382-9d4e-f7858fae7b48,23b09d2a-18f7-46ac-bff2-3968bd3a4dbe
32a151ab-b323-415c-8f46-41529de30d84,2025-06-09 16:24:37.705892-04,98712,17811238659,Got it.,f8f83435-a9f2-4382-9d4e-f7858fae7b48,23b09d2a-18f7-46ac-bff2-3968bd3a4dbe
e600a438-de31-45aa-9738-0ae4b9d79727,2025-06-09 16:24:37.707217-04,98712,17811238659,Thanks for letting us know! We hope to see you again soon,f8f83435-a9f2-4382-9d4e-f7858fae7b48,23b09d2a-18f7-46ac-bff2-3968bd3a4dbe
3ca2ab21-a6e9-488d-826f-6e4cf223c8b1,2025-06-09 16:25:03.330129-04,21249,17811234343,What is your favorite color? 1) red 2) blue 3) flort,41ef7192-bb02-4759-b5f8-97dbaf3e7238,89eddcb8-7fe5-4cd1-b18b-78858f0789fb
d7599e78-ecf0-4501-be25-d107b014f67c,2025-06-09 16:25:21.854198-04,21249,17811234343,Flort is for the cool kids.,41ef7192-bb02-4759-b5f8-97dbaf3e7238,3f467ee3-4874-4ad1-82b1-99be06f575ab
1d49afa7-95b1-42f6-b4cd-be3980c87f7a,2025-06-09 16:25:21.854776-04,21249,17811234343,"Third question. Which is the best third Stooge: 1) Shemp, 2) Curly or 3) Iggy",41ef7192-bb02-4759-b5f8-97dbaf3e7238,3f467ee3-4874-4ad1-82b1-99be06f575ab
6f710811-fbdf-4a91-9311-1397ff286388,2025-06-09 16:25:38.464404-04,21249,17811234343,Curly was dope!,41ef7192-bb02-4759-b5f8-97dbaf3e7238,95441b9a-3636-4f45-bd0a-ec35e84dd5f7
ee09a4cc-606e-4ff5-baa9-ed85bf63cbf3,2025-06-09 16:25:38.464609-04,21249,17811234343,That is all. Bye.,41ef7192-bb02-4759-b5f8-97dbaf3e7238,95441b9a-3636-4f45-bd0a-ec35e84dd5f7
e4ab9c6f-8cba-4454-b787-5034ae86dee8,2025-06-09 16:25:38.464788-04,21249,17811234343,What is your favorite color? 1) red 2) blue 3) flort,41ef7192-bb02-4759-b5f8-97dbaf3e7238,95441b9a-3636-4f45-bd0a-ec35e84dd5f7
0cc5d6d2-1eb7-4a2d-aa89-6b4dd2599f64,2025-06-09 16:25:55.110818-04,21249,17811234343,Red is the color of life.,41ef7192-bb02-4759-b5f8-97dbaf3e7238,23f00a69-55b7-4c29-b777-5c278b7088ed
f561e13a-2d4c-43a6-959a-b001cae8222b,2025-06-09 16:25:55.111088-04,21249,17811234343,"Another question. What is your fave shape: 1) triangle, 2) square or 3) circle",41ef7192-bb02-4759-b5f8-97dbaf3e7238,23f00a69-55b7-4c29-b777-5c278b7088ed
572b60d2-a4cf-4538-becc-edbe7bf5a8de,2025-06-09 16:26:14.484765-04,21249,17811234343,Error message for ShapeQuiz_Process,41ef7192-bb02-4759-b5f8-97dbaf3e7238,23f00a69-55b7-4c29-b777-5c278b7088ed
1b4657c2-2db9-4496-b630-6aeb92938c3f,2025-06-09 16:26:28.504395-04,21249,17811234343,Triangles are so pointy!,41ef7192-bb02-4759-b5f8-97dbaf3e7238,95441b9a-3636-4f45-bd0a-ec35e84dd5f7
85f56f1e-9482-4867-839d-7d3bee1286db,2025-06-09 16:26:28.504706-04,21249,17811234343,What is your favorite color? 1) red 2) blue 3) flort,41ef7192-bb02-4759-b5f8-97dbaf3e7238,95441b9a-3636-4f45-bd0a-ec35e84dd5f7
191c1d13-296c-4a26-bb8f-286402678523,2025-06-09 16:26:44.629495-04,21249,17811234343,"Blue is my fave, as well.",41ef7192-bb02-4759-b5f8-97dbaf3e7238,1bda7846-31b4-4983-92ec-161eba46c758
08fe3623-2f5c-4dcf-b00c-b052e1f92169,2025-06-09 16:26:55.760075-04,21249,17811234343,That is all. Bye.,41ef7192-bb02-4759-b5f8-97dbaf3e7238,95441b9a-3636-4f45-bd0a-ec35e84dd5f7
5b7f648a-358b-4793-a931-06268520e366,2025-06-09 16:26:28.504602-04,21249,17811234343,That is all. Bye.,41ef7192-bb02-4759-b5f8-97dbaf3e7238,95441b9a-3636-4f45-bd0a-ec35e84dd5f7
73097f1e-da15-4190-917e-6a4a7c2130ca,2025-06-09 16:26:44.629981-04,21249,17811234343,"Second question. What is your fave utensil: 1) fork, 2) knife or 3) spoon",41ef7192-bb02-4759-b5f8-97dbaf3e7238,1bda7846-31b4-4983-92ec-161eba46c758
4cd568fd-9b11-42e0-94bc-7625aaf1b191,2025-06-09 16:26:55.75983-04,21249,17811234343,Cut it into little pieces!,41ef7192-bb02-4759-b5f8-97dbaf3e7238,95441b9a-3636-4f45-bd0a-ec35e84dd5f7
95c37ed4-1c2b-418d-9daf-c42a3670d4e4,2025-06-09 16:26:55.760335-04,21249,17811234343,What is your favorite color? 1) red 2) blue 3) flort,41ef7192-bb02-4759-b5f8-97dbaf3e7238,95441b9a-3636-4f45-bd0a-ec35e84dd5f7
68c5f408-e91c-469e-9a7a-f710d61af21d,2025-06-09 16:39:47.767233-04,21249,17811234343,What is your favorite color? 1) red 2) blue 3) flort,31637d2b-0330-4e44-bac6-fbca5be8f8f6,89eddcb8-7fe5-4cd1-b18b-78858f0789fb
27b036c8-057d-4077-a044-5c2d7d70b40e,2025-06-09 16:40:01.044525-04,21249,17811234343,Red is the color of life.,31637d2b-0330-4e44-bac6-fbca5be8f8f6,23f00a69-55b7-4c29-b777-5c278b7088ed
b209a2e4-1e5c-45ba-95c1-834eef8d8a61,2025-06-09 16:40:01.045218-04,21249,17811234343,"Another question. What is your fave shape: 1) triangle, 2) square or 3) circle",31637d2b-0330-4e44-bac6-fbca5be8f8f6,23f00a69-55b7-4c29-b777-5c278b7088ed
e0d9e48f-2064-4995-bc56-91835b32c70d,2025-06-09 16:40:14.487383-04,21249,17811234343,Circles go round and round!,31637d2b-0330-4e44-bac6-fbca5be8f8f6,95441b9a-3636-4f45-bd0a-ec35e84dd5f7
7b757995-b66c-4da3-83f2-4bb350e8ecdf,2025-06-09 16:40:14.488723-04,21249,17811234343,That is all. Bye.,31637d2b-0330-4e44-bac6-fbca5be8f8f6,95441b9a-3636-4f45-bd0a-ec35e84dd5f7
c7186f83-952d-4bf6-b514-e114cb57bf6f,2025-06-09 16:40:14.489308-04,21249,17811234343,What is your favorite color? 1) red 2) blue 3) flort,31637d2b-0330-4e44-bac6-fbca5be8f8f6,95441b9a-3636-4f45-bd0a-ec35e84dd5f7
1f6d9eb5-610e-4b14-9388-7301857cfe29,2025-06-09 16:40:28.266809-04,98712,17811238659,Thanks for dropping by our bakery!,4ba7ca78-5fe7-42cd-a5d6-da299039d447,23b09d2a-18f7-46ac-bff2-3968bd3a4dbe
10277e5a-e245-416a-9e65-032cb209e5e6,2025-06-09 16:40:28.267601-04,98712,17811238659,How did you like our new matcha cupcake?,4ba7ca78-5fe7-42cd-a5d6-da299039d447,23b09d2a-18f7-46ac-bff2-3968bd3a4dbe
5baa2e78-54d2-46f2-abe5-e65952f96f58,2025-06-09 16:40:55.289964-04,98712,17811238659,Got it.,4ba7ca78-5fe7-42cd-a5d6-da299039d447,23b09d2a-18f7-46ac-bff2-3968bd3a4dbe
8cc35f05-fb4f-4e60-9294-c4bf2bfc3484,2025-06-09 16:40:55.290477-04,98712,17811238659,Thanks for letting us know! We hope to see you again soon,4ba7ca78-5fe7-42cd-a5d6-da299039d447,23b09d2a-18f7-46ac-bff2-3968bd3a4dbe
438c4bdc-8e5f-4137-8c19-44ff7604fda5,2025-06-09 16:41:15.963901-04,45678,17811235964,True or false: people are the worst?,2080d164-6c22-40ae-ad70-44e48c929e7c,525028ae-0a33-4c80-a22f-868f77bb9531
a513d74c-643b-407b-8b21-1b1711f28b20,2025-06-09 16:41:42.762866-04,45678,17811235964,"Sadly, you are correct.",2080d164-6c22-40ae-ad70-44e48c929e7c,aec8789f-546f-42c2-b1d5-c80bd10014f0
7aad97a1-00bb-4224-a8f4-69710f91f2af,2025-06-09 16:41:42.763419-04,45678,17811235964,There is nothing left to say.,2080d164-6c22-40ae-ad70-44e48c929e7c,aec8789f-546f-42c2-b1d5-c80bd10014f0
bf46042b-8f99-4e19-a597-95e287bb2661,2025-06-09 18:47:11.208723-04,21249,17811234343,What is your favorite color? 1) red 2) blue 3) flort,43aac56f-aac9-42f5-9654-064d37c77df5,89eddcb8-7fe5-4cd1-b18b-78858f0789fb
7ab156ca-473d-4add-be8e-4e1a76e8e82e,2025-06-09 18:47:18.890306-04,21249,17811234343,Red is the color of life.,43aac56f-aac9-42f5-9654-064d37c77df5,23f00a69-55b7-4c29-b777-5c278b7088ed
93071f48-edd2-4a3c-a612-45b58cc26af4,2025-06-09 18:47:18.891036-04,21249,17811234343,"Another question. What is your fave shape: 1) triangle, 2) square or 3) circle",43aac56f-aac9-42f5-9654-064d37c77df5,23f00a69-55b7-4c29-b777-5c278b7088ed
de9cede9-0cb7-40b5-841d-b17e92e5d951,2025-06-09 18:47:29.986362-04,21249,17811234343,Circles go round and round!,43aac56f-aac9-42f5-9654-064d37c77df5,95441b9a-3636-4f45-bd0a-ec35e84dd5f7
32520743-e044-41c6-8a31-bd8fc3decf65,2025-06-09 18:47:29.9875-04,21249,17811234343,That is all. Bye.,43aac56f-aac9-42f5-9654-064d37c77df5,95441b9a-3636-4f45-bd0a-ec35e84dd5f7
1c31fdbe-1960-45ea-a61a-063d8bf65156,2025-06-09 18:47:29.988018-04,21249,17811234343,What is your favorite color? 1) red 2) blue 3) flort,43aac56f-aac9-42f5-9654-064d37c77df5,95441b9a-3636-4f45-bd0a-ec35e84dd5f7
ed2d6ca6-08ae-41cf-9b2d-6771947129ec,2025-06-09 18:47:43.568435-04,98712,17811238659,Thanks for dropping by our bakery!,2c64cce4-dd4f-4044-8961-d64ffed39496,23b09d2a-18f7-46ac-bff2-3968bd3a4dbe
10f5b71a-c9b2-466c-9799-45ba2f348838,2025-06-09 18:47:43.56986-04,98712,17811238659,How did you like our new matcha cupcake?,2c64cce4-dd4f-4044-8961-d64ffed39496,23b09d2a-18f7-46ac-bff2-3968bd3a4dbe
3fa7b6be-73fb-4ce7-b185-4103c4be8570,2025-06-09 18:47:59.913175-04,98712,17811238659,Got it.,2c64cce4-dd4f-4044-8961-d64ffed39496,23b09d2a-18f7-46ac-bff2-3968bd3a4dbe
6f44ca1e-9fab-464e-8397-c1bccf3765ff,2025-06-09 18:47:59.914015-04,98712,17811238659,Thanks for letting us know! We hope to see you again soon,2c64cce4-dd4f-4044-8961-d64ffed39496,23b09d2a-18f7-46ac-bff2-3968bd3a4dbe
bd6cfee4-a090-47ad-8b3c-c75632b8c539,2025-06-09 18:48:13.720506-04,45678,17811235964,True or false: people are the worst?,f99ec3d7-0696-40cf-9084-a50eee643892,525028ae-0a33-4c80-a22f-868f77bb9531
6d72109b-e0bd-4fde-960f-c019fd6209a2,2025-06-09 18:48:20.494861-04,45678,17811235964,"Sadly, you are correct.",f99ec3d7-0696-40cf-9084-a50eee643892,aec8789f-546f-42c2-b1d5-c80bd10014f0
4efe6711-9492-4f00-9c90-d3838e6f86f2,2025-06-09 18:48:20.495412-04,45678,17811235964,There is nothing left to say.,f99ec3d7-0696-40cf-9084-a50eee643892,aec8789f-546f-42c2-b1d5-c80bd10014f0
e2227b1d-31b5-4ea6-9ec9-123394b3b72c,2025-06-10 12:35:28.317384-04,21249,17811234343,What kind of food? 1) Vegetables 2) Meat 3) Fruit,95b28868-46a7-4f86-8d1d-3c2c082b3a08,e2e1c069-0c5f-401c-92b3-2711d4d1b295
2b73cacb-81ff-4176-913b-5ffa73484cca,2025-06-10 13:01:26.156173-04,21249,17811234343,What kind of food? 1) Vegetables 2) Meat 3) Fruit,58f9151c-6c4f-48da-9aae-99adb6f8bcb1,d53abb59-acb2-4aff-ac48-6741629daf54
1b1ae1c9-a421-4549-aa2c-bd751f15a394,2025-06-10 13:01:26.156656-04,21249,17811234343,"What's your fave vegetable? 1) Carrots 2) Broccoli, 3) Peppers",58f9151c-6c4f-48da-9aae-99adb6f8bcb1,d53abb59-acb2-4aff-ac48-6741629daf54
16777077-a6c6-4215-acfb-5760db244554,2025-06-10 20:34:15.431688-04,21249,17811234343,What kind of food? 1) vegetables 2) meat 3) fruit,81a7f906-f25a-464f-8efa-9a10e59fbe29,98ca9317-d088-4739-b17d-670d57eb8a2e
9c9b9b8c-ad73-4071-ba83-cb8c19c7fdfb,2025-06-10 20:34:26.555022-04,21249,17811234343,Fruit is like nature's dessert!,81a7f906-f25a-464f-8efa-9a10e59fbe29,d9dbe4dd-4496-4cc3-a517-d97cb94c5a43
0b44f965-a7ec-4072-ab32-2757841fa6b3,2025-06-10 20:34:26.555877-04,21249,17811234343,"What's your fave fruit? 1) apples 2) bananas, 3) grapes",81a7f906-f25a-464f-8efa-9a10e59fbe29,d9dbe4dd-4496-4cc3-a517-d97cb94c5a43
8780c874-f0c5-4257-8c28-27128c8492b5,2025-06-10 20:34:38.0047-04,21249,17811234343,Delicious and comes in its own comedic prop!,81a7f906-f25a-464f-8efa-9a10e59fbe29,d9dbe4dd-4496-4cc3-a517-d97cb94c5a43
94505fd3-0189-4c65-b29b-ac1487d58a11,2025-06-10 20:34:38.005504-04,21249,17811234343,Talk to you tomorrow.,81a7f906-f25a-464f-8efa-9a10e59fbe29,d9dbe4dd-4496-4cc3-a517-d97cb94c5a43
67d591c2-8a96-4055-bc19-5deb4e753c06,2025-06-10 20:34:56.580592-04,98712,17811238659,What kind of food? 1) vegetables 2) meat 3) fruit,74b047a6-a05c-46a0-9d1b-5b8adb3867d7,98ca9317-d088-4739-b17d-670d57eb8a2e
7cf7cb54-7477-4808-9f7f-ab772d8cce51,2025-06-10 20:35:14.017104-04,98712,17811238659,Too much meat isn't good for you but so delish!,74b047a6-a05c-46a0-9d1b-5b8adb3867d7,24ab282a-7656-4f1d-9282-e6b003b8ea15
f4cd2855-6dc8-4154-ac31-c6420eaccf27,2025-06-10 20:35:14.017527-04,98712,17811238659,"What's your fave meat? 1) beef 2) pork, 3) chicken",74b047a6-a05c-46a0-9d1b-5b8adb3867d7,24ab282a-7656-4f1d-9282-e6b003b8ea15
196b0741-32b1-458b-b366-96924df007f2,2025-06-10 20:35:38.080197-04,98712,17811238659,Steaks and burgers. Drool!,74b047a6-a05c-46a0-9d1b-5b8adb3867d7,24ab282a-7656-4f1d-9282-e6b003b8ea15
12eb9e06-b12e-430e-96bb-33f477b30395,2025-06-10 20:35:38.080729-04,98712,17811238659,Talk to you tomorrow.,74b047a6-a05c-46a0-9d1b-5b8adb3867d7,24ab282a-7656-4f1d-9282-e6b003b8ea15
66899b78-d516-442d-95d3-4aa337d02a46,2025-06-10 20:35:48.067048-04,45678,17811235964,What kind of food? 1) vegetables 2) meat 3) fruit,eadd323b-23a0-4cad-bed3-6506a8d9d478,98ca9317-d088-4739-b17d-670d57eb8a2e
c1f4b93f-71ee-4894-93bf-d450b1bb4b78,2025-06-10 20:36:25.994584-04,45678,17811235964,Vegetables are tasty and good for you!,eadd323b-23a0-4cad-bed3-6506a8d9d478,fcde0d78-62e9-4ff9-9c61-8d198f605495
dbe53f5a-425f-4c1f-9a75-40e007bb482a,2025-06-10 20:36:25.995009-04,45678,17811235964,"What's your fave vegetable? 1) Carrots 2) Broccoli, 3) Peppers",eadd323b-23a0-4cad-bed3-6506a8d9d478,fcde0d78-62e9-4ff9-9c61-8d198f605495
2236bb43-f859-4877-8908-f9ea14a1c8fe,2025-06-10 20:36:41.111421-04,45678,17811235964,Error message for VegQuiz,eadd323b-23a0-4cad-bed3-6506a8d9d478,fcde0d78-62e9-4ff9-9c61-8d198f605495
079b9053-7edd-417c-9660-871f1614ad06,2025-06-10 20:37:05.589501-04,45678,17811235964,"Stuffed or sliced and served with pasta, yum!",eadd323b-23a0-4cad-bed3-6506a8d9d478,fcde0d78-62e9-4ff9-9c61-8d198f605495
e1316a17-2634-4b01-adb5-b4abcf213c77,2025-06-10 20:37:05.589808-04,45678,17811235964,Talk to you tomorrow.,eadd323b-23a0-4cad-bed3-6506a8d9d478,fcde0d78-62e9-4ff9-9c61-8d198f605495
dd43f17b-daf1-4a37-b9bf-1cc2cf826f5e,2025-06-11 09:33:11.083679-04,21249,17811234343,What kind of food? 1) vegetables 2) meat 3) fruit,9889cdf0-c763-4b61-bd92-41452442dcab,0fc4ef6c-082f-4e90-b2f4-e14dbac78623
86bdb6c0-4cbb-4852-a35c-affb5e8f84fa,2025-06-11 09:33:41.479543-04,21249,17811234343,"Sorry, that's not one of the food choices. Try again?",9889cdf0-c763-4b61-bd92-41452442dcab,ed0fbc0d-a3e3-40b4-91a4-9be24803e2db
d323391d-2c64-423a-8b8c-1bf3f84175ab,2025-06-11 09:33:52.340227-04,21249,17811234343,Fruit is like nature's dessert!,9889cdf0-c763-4b61-bd92-41452442dcab,eff5596e-c39a-432c-8dd5-7fd596d8182d
f051c16f-7257-4afb-9e4b-f14012862c79,2025-06-11 09:33:52.340842-04,21249,17811234343,"What's your fave fruit? 1) apples 2) bananas, 3) grapes",9889cdf0-c763-4b61-bd92-41452442dcab,eff5596e-c39a-432c-8dd5-7fd596d8182d
fbfd6569-ad51-4d26-bf2f-42dcaf7f78e5,2025-06-11 09:45:32.443016-04,21249,17811234343,"Sorry, that's not one of the fruit choices. Try again?",9889cdf0-c763-4b61-bd92-41452442dcab,eff5596e-c39a-432c-8dd5-7fd596d8182d
14068ed4-57e7-42ef-aa2c-1e58b2d8c88e,2025-06-11 09:45:52.394938-04,21249,17811234343,"Sweet, tart and everything in between!",9889cdf0-c763-4b61-bd92-41452442dcab,eff5596e-c39a-432c-8dd5-7fd596d8182d
70235c01-928c-412a-a48a-0b5ed3233a0c,2025-06-11 09:45:52.398157-04,21249,17811234343,Talk to you tomorrow.,9889cdf0-c763-4b61-bd92-41452442dcab,eff5596e-c39a-432c-8dd5-7fd596d8182d
ee6832cd-c91a-4a67-8dde-3a456ffea6fa,2025-07-08 16:01:52.885692-04,123456,17813345647,What is your favorite color? 1) red 2) blue 3) flort,011548e8-0d01-4eb1-99e7-3d5c132173db,89eddcb8-7fe5-4cd1-b18b-78858f0789fb
f04fad03-2058-4d13-adb5-4a306383ef51,2025-07-08 16:02:11.155641-04,123456,17813345647,Red is the color of life.,011548e8-0d01-4eb1-99e7-3d5c132173db,23f00a69-55b7-4c29-b777-5c278b7088ed
bf2e601a-6133-4391-84e7-1a3e64eb885c,2025-07-08 16:02:11.156082-04,123456,17813345647,"Another question. What is your fave shape: 1) triangle, 2) square or 3) circle",011548e8-0d01-4eb1-99e7-3d5c132173db,23f00a69-55b7-4c29-b777-5c278b7088ed
25dcd2bf-f29e-4e7b-9e46-76fb610d1e51,2025-07-08 16:02:41.404187-04,123456,17813345647,Triangles are so pointy!,011548e8-0d01-4eb1-99e7-3d5c132173db,95441b9a-3636-4f45-bd0a-ec35e84dd5f7
b2edce71-8602-44b3-82f4-cc547e7f742d,2025-07-08 16:02:41.405603-04,123456,17813345647,That is all. Bye.,011548e8-0d01-4eb1-99e7-3d5c132173db,95441b9a-3636-4f45-bd0a-ec35e84dd5f7
8b556c88-7c1d-4fd1-85b3-83e8afe49f38,2025-07-08 16:02:41.40604-04,123456,17813345647,What is your favorite color? 1) red 2) blue 3) flort,011548e8-0d01-4eb1-99e7-3d5c132173db,95441b9a-3636-4f45-bd0a-ec35e84dd5f7
2beedd27-db03-440a-9037-bbafc2bc3a14,2025-07-08 16:02:55.347662-04,123456,17813345647,Flort is for the cool kids.,011548e8-0d01-4eb1-99e7-3d5c132173db,3f467ee3-4874-4ad1-82b1-99be06f575ab
4975ac4d-9a58-43a5-9717-786305e87287,2025-07-08 16:02:55.348028-04,123456,17813345647,"Third question. Which is the best third Stooge: 1) Shemp, 2) Curly or 3) Iggy",011548e8-0d01-4eb1-99e7-3d5c132173db,3f467ee3-4874-4ad1-82b1-99be06f575ab
93f3abe4-8630-4f9f-9205-54223813c490,2025-07-08 16:03:08.866511-04,123456,17813345647,"Oops, wrong Stooges!",011548e8-0d01-4eb1-99e7-3d5c132173db,95441b9a-3636-4f45-bd0a-ec35e84dd5f7
a25bb714-b36f-4138-8685-476db7caf1ea,2025-07-08 16:03:08.867374-04,123456,17813345647,That is all. Bye.,011548e8-0d01-4eb1-99e7-3d5c132173db,95441b9a-3636-4f45-bd0a-ec35e84dd5f7
737cd30d-93ea-490f-95ae-edec8e59a383,2025-07-08 16:03:08.867884-04,123456,17813345647,What is your favorite color? 1) red 2) blue 3) flort,011548e8-0d01-4eb1-99e7-3d5c132173db,95441b9a-3636-4f45-bd0a-ec35e84dd5f7
632112b1-09d4-4151-a816-0b9c2eceec48,2025-07-08 16:10:29.031801-04,123456,17815674887,What is your favorite color? 1) red 2) blue 3) flort,54cd2408-9da1-40fe-b487-4db87a45d2a8,89eddcb8-7fe5-4cd1-b18b-78858f0789fb
f4e1c483-e38e-4d2b-920d-42caad05eb69,2025-07-08 16:10:39.011682-04,123456,17815674887,"Blue is my fave, as well.",54cd2408-9da1-40fe-b487-4db87a45d2a8,1bda7846-31b4-4983-92ec-161eba46c758
d40537c8-f242-4c59-8cf5-9419ee162fe8,2025-07-08 16:10:39.012027-04,123456,17815674887,"Second question. What is your fave utensil: 1) fork, 2) knife or 3) spoon",54cd2408-9da1-40fe-b487-4db87a45d2a8,1bda7846-31b4-4983-92ec-161eba46c758
34b8c130-ac88-4de7-8959-74f0b2b6bef6,2025-07-08 16:10:49.910012-04,123456,17815674887,Cut it into little pieces!,54cd2408-9da1-40fe-b487-4db87a45d2a8,95441b9a-3636-4f45-bd0a-ec35e84dd5f7
55afad8d-3d5e-4a55-a13d-71c399faf36d,2025-07-08 16:10:49.911427-04,123456,17815674887,That is all. Bye.,54cd2408-9da1-40fe-b487-4db87a45d2a8,95441b9a-3636-4f45-bd0a-ec35e84dd5f7
938ba01f-16a6-4a83-8d44-0d925f83bb41,2025-07-08 16:10:49.911796-04,123456,17815674887,What is your favorite color? 1) red 2) blue 3) flort,54cd2408-9da1-40fe-b487-4db87a45d2a8,95441b9a-3636-4f45-bd0a-ec35e84dd5f7
09a010f3-9b29-49da-b242-cf12f68c6235,2025-07-08 16:23:54.035132-04,123456,17819998876,What is your favorite color? 1) red 2) blue 3) flort,a9ebabfc-2ed4-41f1-beb7-703286df6638,89eddcb8-7fe5-4cd1-b18b-78858f0789fb
