id,platform_code,platform_id,country,language,nickname,status,created_at,updated_at
df31cb95-1492-82bc-61ba-56c9b21660f1,S,13054379229,CA,POR,Johnsie,IN,2027-06-09 22:21:58.988-04,2017-08-20 17:20:01.975-04
5e8fbab8-3303-241b-c81b-baa398b66dae,W,529834397955,MX,ENG,Saundra,IN,2017-05-22 08:48:40.906-04,2025-08-20 03:55:48.275-04
d2629893-cd8f-a743-c417-94c3954a5bdf,W,522742240612,MX,HAT,Christine,IN,2026-06-09 09:56:59.832-04,2025-04-27 13:27:35.549-04
b9fbd790-a0d5-694f-114b-6db47faff76b,S,14724622049,CA,YUE,Belle,IN,2024-07-13 02:48:54.854-04,2011-05-09 13:07:37.678-04
59074506-e0bf-8c4c-1a49-6831a3d43fac,W,523054993645,MX,FRA,Yanira,IN,2016-12-15 10:32:35.815-05,2012-01-21 02:18:48.368-05
a5a221e0-47af-cd0e-1487-c47ad14d6363,S,12742930593,CA,SPA,Don,IN,2022-12-10 08:56:59.462-05,2011-08-09 21:04:33.59-04
2238a17b-8bfe-6241-e8ae-d3cc430407ec,W,523052335653,MX,POR,Marcella,IN,2012-09-03 13:11:00.755-04,2028-03-06 15:26:35.461-05
5281f2d4-44b0-38be-c3d4-20253bcd4fb2,S,16809639895,CA,CMN,Mertie,IN,2016-06-12 09:49:19.044-04,2025-04-20 01:00:08.953-04
55d137e1-2464-211f-a1d9-cc4e9cfa53e4,S,13056686651,CA,POR,Deandra,IN,2016-09-14 20:24:44.713-04,2022-08-24 11:29:30.574-04
33740f3d-886c-c294-3f15-701fbaf90568,S,14248548720,CA,POR,Korey,IN,2014-01-08 05:30:33.173-05,2014-12-06 02:30:25.683-05
e63d940b-e316-66f8-87d1-f4fe456da90f,S,13058073427,CA,POR,Dona,IN,2027-12-27 22:47:48.571-05,2020-08-11 16:34:31.029-04
ace6f815-1074-f41f-7374-36a0aaeb630b,S,13052021685,CA,CMN,Alda,IN,2023-07-05 20:00:21.767-04,2019-01-08 11:55:20.414-05
73dd1c33-4e07-a671-e742-6c1c17e5859d,B,16788817188,US,YUE,Elise,IN,2019-01-20 04:32:14.681-05,2028-01-26 00:35:46.899-05
d4a4caf2-4c45-60bb-ae4a-9d1d23da9712,W,522742630922,MX,YUE,Delmy,IN,2026-08-12 20:43:21.072-04,2023-08-14 11:24:58.12-04
8d757973-aefd-a544-38e4-a772ba5542ef,B,13052076199,US,ENG,Rashad,IN,2021-01-19 13:13:57.286-05,2014-06-12 11:56:18.995-04
0344b294-aba7-8c1f-e310-98cf8e6eaa6b,W,524727490666,MX,HAT,Kristopher,IN,2010-04-04 07:18:35.739-04,2027-09-28 08:55:53.968-04
477a904e-3c79-4abf-2dba-60cfe240c81d,B,12104643358,US,FRA,Lita,IN,2015-08-02 16:47:06.406-04,2013-07-28 21:33:49.941-04
cb29e75e-59b8-20d0-1ff8-1f39076edaf5,W,523059214787,MX,RUS,Delphia,IN,2025-11-15 07:22:50.551-05,2012-07-01 06:55:21.558-04
da2d0925-b159-be44-eae8-928455d50c70,W,529187521336,MX,ENG,Lissette,IN,2027-01-17 16:24:57.777-05,2028-05-09 04:36:32.157-04
c3323fd3-950d-76ab-b12b-6a9c78cfc607,W,523052795539,MX,YUE,Sophie,IN,2025-04-01 23:57:26.986-04,2023-11-04 14:29:24.879-04
34d168c4-1154-d5c7-c245-83e4a59e69e8,S,13057395938,CA,YUE,Reena,IN,2014-02-16 04:04:49.872-05,2025-03-06 13:39:09.916-05
75765121-eab8-695f-bedf-4e7f456c62e7,B,13052044184,US,FRA,Jonathon,IN,2019-03-06 19:14:15.907-05,2024-11-29 13:41:38.48-05
3a81b8d3-419e-d453-84eb-e5cac6c6bfb7,S,16897470098,CA,ENG,Wyatt,IN,2014-07-28 12:57:56.995-04,2020-05-20 23:26:34.983-04
acbd1f94-d719-7ef0-c6ab-9c2d03f3cd54,B,12742829590,US,POR,Elden,IN,2023-07-01 04:03:49.198-04,2025-07-10 03:08:49.006-04
ab5bc063-ee5b-7885-2564-ff13090564c3,B,13052080706,US,SPA,Brianne,IN,2023-05-22 18:43:59.609-04,2012-12-03 01:24:02.35-05
4d855f1e-f4c4-5e36-2cdb-97360cd5dffd,B,19832916389,US,CMN,Michelina,IN,2016-01-22 01:45:42.179-05,2013-07-04 01:33:55.766-04
930dcc6a-eeb2-5b0f-bf3b-e91f5eaaea28,S,13052851178,CA,RUS,Brock,IN,2021-06-28 05:56:43.068-04,2024-12-09 21:25:37.641-05
e1c643d6-eeeb-955c-46a8-79ec8e389f08,S,17275478551,CA,FRA,Van,IN,2027-08-22 13:14:16.821-04,2015-07-10 06:45:53.769-04
74040840-faa0-9d37-420b-dc539072adb4,S,14722791992,CA,FRA,Albertina,IN,2019-01-24 12:39:52.03-05,2015-02-28 15:25:02.789-05
00c9e276-e20e-b061-aa90-09e97040728c,W,529833002702,MX,FRA,See,IN,2010-01-23 12:04:33.399-05,2023-04-30 01:45:54.508-04
4cb86620-0ee1-e755-ee5b-8c9bc2043c6a,W,524722523925,MX,POR,Andre,IN,2015-12-30 05:25:20.948-05,2028-08-15 14:43:23.666-04
c6c320dc-b2e4-9f9a-4839-3c8393353117,S,13059399222,CA,SPA,Wilfredo,IN,2025-07-12 18:03:53.584-04,2015-08-23 22:52:06.461-04
02e717aa-4c8a-b758-8ad7-95e19f4e84ff,B,12742162162,US,FRA,Faviola,IN,2010-03-24 20:53:53.991-04,2020-11-05 21:09:56.661-05
a201368a-28bc-6e2e-c598-eb5ed84dfa28,W,523052185712,MX,SPA,Merilyn,IN,2022-08-28 20:55:57.379-04,2025-06-09 12:18:18.97-04
b6a99663-7b2d-ff42-b8bd-f897a626da60,B,13059141605,US,YUE,Asha,IN,2024-04-09 08:14:15.843-04,2024-06-07 16:27:20.851-04
d5e2bd26-45ce-4899-e348-98dbf52de0b6,B,13052689782,US,CMN,Emmitt,IN,2026-09-17 07:16:59.21-04,2027-10-04 14:44:32.196-04
fdba3c31-95a8-13a7-168c-a63342d5c62a,W,523058379185,MX,SPA,Kaye,IN,2029-10-28 04:40:44.607-04,2011-10-06 11:49:18.44-04
35ea50fa-6d36-d329-3641-44a2495b65a7,W,522742743998,MX,CMN,Jarred,IN,2014-03-19 12:33:13.259-04,2014-03-29 05:09:54.627-04
0d626be3-f2e8-ea33-f045-1dade17bab31,B,13054479654,US,SPA,Domingo,IN,2011-01-17 22:15:50.227-05,2028-10-09 04:23:50.512-04
c596c174-6396-d084-596c-501ccc3cc25a,W,523052083387,MX,YUE,Amee,IN,2025-06-09 06:30:53.429-04,2016-12-26 16:51:01.015-05
67d549a8-ad57-a821-14d7-1802a97737fa,W,522742230656,MX,RUS,Hassan,IN,2018-02-10 21:29:14.953-05,2011-08-18 17:17:21.371-04
1be0d1a7-1c91-1820-d5bc-72fbb163031e,S,13057229295,CA,RUS,Archie,IN,2012-03-06 12:12:32.666-05,2026-09-13 00:51:06.528-04
b7f90394-e4a9-80c4-0884-44b55337a940,S,13056303910,CA,CMN,Vanetta,IN,2024-05-16 17:33:45.762-04,2010-09-01 01:35:21.21-04
a38088c7-94a0-dcca-63c0-bfb0902df1b8,W,523803845879,MX,FRA,Adele,IN,2022-10-10 14:23:01.189-04,2017-10-17 12:10:00.073-04
24e0aa20-5745-e402-344f-164a6c24dc72,W,524078463620,MX,YUE,Dallas,IN,2012-11-18 07:23:26.349-05,2014-02-01 15:26:49.612-05
135c12b1-ac02-4320-d5e3-b7f3b312cfe1,W,525855304686,MX,ENG,Corene,IN,2011-07-07 11:20:31.383-04,2026-09-17 09:54:16.336-04
8c7898a6-9991-fcd3-e2c6-9ec967873233,W,527252829417,MX,HAT,Tommie,IN,2020-12-22 08:44:26.457-05,2027-09-20 03:01:52.729-04
c4c23063-14a7-4817-eec8-7140b20fe1c6,W,523057449756,MX,YUE,Celeste,IN,2025-05-16 13:51:45.259-04,2028-08-27 18:01:55.007-04
c3276de8-e2bd-7fc7-d2c1-7c400e9940da,B,14722933497,US,HAT,John,IN,2025-03-31 19:00:43.574-04,2026-06-19 23:47:38.51-04
df52387c-ea72-f775-a377-c954a316c886,B,19833381074,US,FRA,Niesha,IN,2027-06-13 13:06:37.664-04,2022-10-09 14:58:52.647-04
2c659489-ffea-c97d-e8d9-d5403d2d56f0,W,529838110109,MX,RUS,Douglass,IN,2013-06-20 21:52:18.049-04,2028-03-11 10:29:28.131-05
acb3a7c6-7a34-f257-cd4f-aab4fa77acb8,W,523052081042,MX,ENG,Andy,IN,2023-06-30 02:44:05.302-04,2026-01-15 14:05:29.445-05
be8d5b93-7fcc-4d2d-10bc-655f5b90cdb4,W,523052066457,MX,POR,William,IN,2024-11-20 10:28:08.635-05,2011-04-23 14:29:28.011-04
c87f41a8-111f-45ad-1be6-6126ac9738e2,W,523052038457,MX,FRA,Jetta,IN,2025-08-31 06:10:52.846-04,2012-03-07 03:05:09.444-05
ca659eef-9211-531f-af9c-99b4b1972b9a,W,522742942751,MX,YUE,Humberto,IN,2025-10-24 11:17:24.614-04,2023-09-21 03:35:19.608-04
4afbc0b1-6bb0-90b9-2b53-fe3641796403,S,13052031769,CA,SPA,Joann,IN,2015-11-10 15:55:05.151-05,2013-05-21 09:58:31.345-04
ad28fff1-673c-0732-215f-bd5e81f716c7,B,13056244005,US,CMN,Myles,IN,2023-07-13 04:38:57.112-04,2012-08-10 08:57:50.229-04
7f901713-804c-7b94-ff93-cdb251eb0c0a,B,13055281478,US,YUE,Cherri,IN,2019-12-20 00:37:21.057-05,2029-12-19 22:33:16.774-05
ea0badc9-16ba-d756-9a51-35ffd8631797,W,522742461124,MX,SPA,Felice,IN,2028-04-14 13:40:49.006-04,2022-01-21 11:11:34.241-05
320d3f26-eefc-7da9-c9ef-da2e5554605c,S,12742179051,CA,YUE,Jacinto,IN,2013-11-29 05:37:31.812-05,2025-10-11 08:14:18.746-04
0681be12-325f-2212-6f71-d03b18082b18,W,524724259160,MX,ENG,Shin,IN,2010-07-05 17:08:43.938-04,2018-09-16 03:07:27.779-04
20319be3-5512-f438-c9a8-8180be7e1c52,W,523052044973,MX,YUE,Antone,IN,2012-07-07 16:42:42.523-04,2025-10-03 09:22:39.594-04
eac81548-378b-34ff-37b4-1c39a35c258c,B,13053908586,US,RUS,Eli,IN,2028-05-05 13:41:39.503-04,2014-05-09 13:13:52.592-04
a707e967-20aa-88d4-4d4a-194524d391b8,B,19855168496,US,CMN,Prince,IN,2023-01-19 06:04:12.776-05,2016-01-15 11:11:44.274-05
7671df48-ffb1-9b4a-70b7-da2a6965e4eb,W,522742028482,MX,FRA,Wilton,IN,2019-04-03 21:11:32.488-04,2018-10-22 11:20:07.53-04
5603bd76-453b-e7e6-5662-a35a9eeb8350,W,523052012159,MX,SPA,Barrett,IN,2016-09-20 11:33:58.896-04,2016-10-01 01:26:12.529-04
6efc97db-2aff-bc36-51d6-76bbbfe9535e,W,523057264954,MX,SPA,Kathlene,IN,2018-09-03 01:32:30.391-04,2016-05-24 07:04:14.132-04
abfd97f4-5fc3-c728-2589-92648261cf4d,S,13052052615,CA,RUS,Dagmar,IN,2023-06-09 19:41:10.445-04,2012-12-07 03:14:48.442-05
ecaca326-414d-c998-4092-97a5b52139c5,S,14722105498,CA,POR,Ray,IN,2028-06-28 13:57:30.212-04,2015-01-17 14:09:35.846-05
e470836c-6e33-3c2a-00eb-9e4b744be9d8,B,13052898407,US,FRA,Meghann,IN,2027-11-06 14:22:00.526-04,2010-01-27 06:19:12.152-05
f0347635-eead-fe59-e9bc-b81feef0e232,B,12836423658,US,ENG,Brigida,IN,2028-10-07 07:50:39.872-04,2028-04-05 18:27:03.946-04
659b458d-3b24-62d0-dbcc-a8b714d2278f,B,13052671019,US,ENG,Myrtice,IN,2017-12-09 08:35:49.595-05,2027-03-05 00:16:37.673-05
d9e84f7a-5235-2cf8-5ade-d56840b78a6c,W,524728899898,MX,POR,Penney,IN,2027-01-10 00:33:44.607-05,2017-02-06 00:03:16.337-05
12671fa8-040d-53d1-21b1-b19897b7d801,S,13055817079,CA,YUE,Wilton,IN,2011-06-10 04:03:33.535-04,2012-08-19 12:12:19.447-04
11807f47-ced6-9e05-97c1-2b3e5c2fa66d,B,12742119125,US,RUS,Jasper,IN,2011-05-15 11:05:50.941-04,2021-11-09 08:09:52.269-05
7d361f33-ad6b-6b3a-cc24-dba34adc3033,S,19837643130,CA,FRA,Lorilee,IN,2019-10-13 23:15:13.301-04,2025-12-13 06:43:32.398-05
4bac4057-2f6d-3ea7-101a-00686503f2e5,W,528784124782,MX,POR,Jettie,IN,2015-11-30 08:04:57.121-05,2011-04-05 12:03:29.112-04
bafafe4b-0da0-deea-1645-80cd62fe051e,B,14698436788,US,CMN,Alejandra,IN,2024-08-10 13:23:14.09-04,2011-09-28 13:29:44.61-04
80f72043-384c-1f17-09ba-832fba0457b4,S,13052016156,CA,YUE,Otis,IN,2020-01-29 01:06:17.262-05,2010-10-05 15:32:46.933-04
603c942a-747e-a513-9596-56d2664c562e,B,12742236238,US,HAT,Alline,IN,2017-07-09 04:03:28.893-04,2021-09-08 12:54:07.042-04
d7c2f80b-f1f0-4123-8bca-b5e0fa249a73,B,13052006024,US,SPA,Diane,IN,2026-11-09 18:59:00.402-05,2020-12-02 23:34:03.327-05
03e6d5b4-9ab4-aabf-3bbb-a3b2338da7c4,S,14232247858,CA,ENG,Jaime,IN,2010-04-22 09:03:11.47-04,2014-09-01 12:44:50.245-04
79587497-11ad-b6ac-97e6-6b4d26aee0ec,W,527325720238,MX,POR,Sal,IN,2019-06-25 15:43:34.972-04,2021-11-13 11:49:00.126-05
7e0b65ef-91a2-5a49-c91b-822df3e82db6,B,19833377132,US,YUE,Joseph,IN,2019-11-06 16:48:14.911-05,2025-09-17 16:11:03.618-04
88502f2b-e672-1028-862d-5349c754039e,S,13052407999,CA,HAT,Luci,IN,2020-08-25 18:15:25.805-04,2020-06-25 19:19:01.839-04
faf3b687-2141-71e0-8492-364f3c94c5ca,S,14727192072,CA,RUS,Garland,IN,2029-08-09 23:54:41.299-04,2020-05-10 23:31:02.912-04
34d655f6-18f6-1b20-2998-17302003b03a,S,13052720469,CA,YUE,Myrtie,IN,2014-02-16 17:15:28.457-05,2013-04-01 22:27:37.442-04
e526b847-3f25-2a07-a0ac-91e04506c23e,W,523059902610,MX,FRA,Sonny,IN,2027-11-26 20:48:04.608-05,2022-07-21 21:39:11.411-04
398ae486-5ff8-f0b3-fa24-865cdbb65c28,S,12742515625,CA,SPA,Almeda,IN,2014-07-01 00:39:22.004-04,2029-07-17 21:38:55.65-04
9b441ba1-eec7-ac18-931a-68ef5d528443,W,523052958541,MX,FRA,Annalisa,IN,2022-02-17 12:58:57.646-05,2021-06-29 15:40:52.576-04
e2006c51-025e-5412-e2aa-d2b10a930703,B,14722752590,US,CMN,Rebecca,IN,2027-08-29 00:49:07.407-04,2027-09-17 00:39:58.902-04
e0d7212f-e89f-d8bc-c74b-164fbfdce67d,W,523052036400,MX,POR,Everette,IN,2027-07-26 21:30:32.268-04,2025-07-27 21:46:42.727-04
1a1b6d2c-a24a-6102-786d-dd11f51acd19,B,16868524550,US,YUE,Keiko,IN,2012-01-15 23:18:28.108-05,2019-05-30 12:09:19.994-04
fb82fa27-dab9-5e74-8166-101a709d7785,B,19513537401,US,POR,Toya,IN,2029-08-25 23:10:05.413-04,2020-02-10 09:52:46.304-05
ebd43dd8-5594-8a5d-52b8-91e9114449ec,S,18596933060,CA,POR,Lanny,IN,2028-06-04 11:03:49.083-04,2016-06-18 11:56:31.892-04
782ab8ea-f2c9-2014-7b11-8c281b7d8467,W,529832349071,MX,ENG,Dwight,IN,2019-05-23 00:32:24.978-04,2019-08-13 19:43:20.711-04
3f1d8470-812b-e891-f11a-55a459b0cab3,S,14729559091,CA,YUE,Arnulfo,IN,2014-12-07 00:07:10.278-05,2028-11-01 22:47:33.266-04
a5f6d179-a6f7-eb42-bfb9-3498ca9df324,S,13052876294,CA,RUS,Ruthann,IN,2022-12-19 19:29:56.881-05,2024-12-23 20:36:48.79-05
a5f13efd-4646-d81f-1f14-8132626550da,S,14727222138,CA,SPA,Eden,OUT,2022-12-19 04:35:28.982-05,2012-06-05 22:00:31.346-04
ef5a29fb-5fdd-7efc-9246-ec4fdc8ded31,S,12742021443,CA,ENG,Charles,OUT,2028-09-12 23:51:32.01-04,2021-06-06 01:55:13.797-04
c32f5738-f83e-4b66-a4cd-55e153c57a4d,B,4650839023,US,ENG,,IN,2025-12-30 14:05:07.338385-05,2025-12-30 14:05:07.338385-05
6f3ce9c2-3665-4d9c-ac16-3547be41d695,B,3609346181,US,ENG,,IN,2025-12-30 14:10:43.308635-05,2025-12-30 14:10:43.308635-05
fcc0213b-1559-41bd-8ebd-4362762a6304,W,13054379229,CA,ENG,Johnsie,IN,2026-01-01 11:51:08.168958-05,2026-01-01 11:51:08.168958-05
b1f82310-5857-4118-99da-d183b29dec80,B,6921639475,US,ENG,,IN,2026-01-03 12:12:47.876088-05,2026-01-03 12:12:47.876088-05
5065b8a7-b8e8-4079-80cb-a203834efe10,B,5779530474,US,ENG,,IN,2026-01-03 12:27:31.658073-05,2026-01-03 12:27:31.658073-05
fb6f0578-16c3-40e0-b789-08bda2229a4f,B,4518598990,US,ENG,,IN,2026-01-03 12:29:13.508886-05,2026-01-03 12:29:13.508886-05
1dfc14e3-8b52-49c9-bd2d-668232471731,B,2896849817,US,ENG,,IN,2026-01-03 12:31:56.691967-05,2026-01-03 12:31:56.691967-05
8b26f15f-8369-4fef-931b-53339bc4e121,B,2111798472,US,ENG,,IN,2026-01-03 13:12:21.930467-05,2026-01-03 13:12:21.930467-05
