BEGIN TRANSACTION;
INSERT INTO brbl_logic.nodes
    (id, created_at, text, type, label, updated_at)
    VALUES
('005c92bd-3df0-4a42-8f1b-408f657a4bf9', '2026-01-11T22:35:21.198645Z', 'What''s a quote that inspires you?', 3, ' a quote that inspires yo', '2026-01-11T22:35:21.198645Z'),
('227851ca-5ea0-4ae7-8d1e-adae4aac17b1', '2026-01-11T22:35:21.200368Z', 'What''s a YouTube channel you enjoy watching?', 3, ' a YouTube channel you en', '2026-01-11T22:35:21.200368Z'),
('d36519ed-af89-46d8-ac4d-73a98ad08746', '2026-01-11T22:35:21.199968Z', 'What is your favorite holiday?', 3, ' your favorite holiday?', '2026-01-11T22:35:21.199968Z'),
('92c680a9-ed5b-4735-b339-e19faf61eb1c', '2026-01-11T22:35:21.198570Z', 'Who is the current President of the United States?', 3, 'the current President of ', '2026-01-11T22:35:21.198570Z'),
('45b1c026-5064-4320-b634-ff22422f4ee1', '2026-01-11T22:35:21.200347Z', 'What''s a documentary that taught you something new?', 3, ' a documentary that taugh', '2026-01-11T22:35:21.200347Z'),
('40d1985e-c35e-47f3-80a2-9a556854b7cc', '2026-01-11T22:35:21.198590Z', 'What''s a movie that always makes you laugh?', 3, ' a movie that always make', '2026-01-11T22:35:21.198590Z'),
('16c20899-29c3-42dd-8c49-f9c6c7fb71a0', '2026-01-11T22:35:21.199411Z', 'What is the main ingredient in guacamole?', 3, ' the main ingredient in g', '2026-01-11T22:35:21.199411Z'),
('b00ea22f-a8e5-4a08-bc04-60adae533dcc', '2026-01-11T22:35:21.199997Z', 'What''s a simple way to make someone''s day?', 3, ' a simple way to make som', '2026-01-11T22:35:21.199997Z'),
('85851148-0fcf-4936-844c-70ef4dc63b14', '2026-01-11T22:35:21.198189Z', 'What is your dream job?', 3, ' your dream job?', '2026-01-11T22:35:21.198189Z'),
('12c5fb0c-ca91-42e7-97ee-5801d82fb920', '2026-01-11T22:35:21.200375Z', 'What''s a song that''s currently stuck in your head?', 3, ' a song that''s currently', '2026-01-11T22:35:21.200375Z'),
('f825a58e-047b-4041-812c-c58f25d50665', '2026-01-11T22:35:21.197816Z', 'What''s an app you find surprisingly useful?', 3, ' an app you find surprisi', '2026-01-11T22:35:21.197816Z'),
('24092dd0-4148-4f86-9bd5-de7ca1da403d', '2026-01-11T22:35:21.200025Z', 'What is the capital of France?', 3, ' the capital of France?', '2026-01-11T22:35:21.200025Z'),
('dbb95dd7-1d67-41e7-8938-5b02b1d75a60', '2026-01-11T22:35:21.199534Z', 'What''s a good habit you''d like to develop?', 3, ' a good habit you''d like', '2026-01-11T22:35:21.199534Z'),
('e10a0865-7001-43cc-aa2c-02c32ace5338', '2026-01-11T22:35:21.199717Z', 'What''s your favorite type of music to listen to while you work?', 3, ' your favorite type of mu', '2026-01-11T22:35:21.199717Z'),
('b6b227c4-3d0c-4e09-bae9-b81f4a6e06a7', '2026-01-11T22:35:21.198435Z', 'What''s a common problem that has a simple solution?', 3, ' a common problem that ha', '2026-01-11T22:35:21.198435Z'),
('a84c5ac0-640d-48d1-b9de-b6df9031ad71', '2026-01-11T22:35:21.200016Z', 'What''s the best way to learn a new language?', 3, ' the best way to learn a ', '2026-01-11T22:35:21.200016Z'),
('6664b23f-7b1c-4bab-88fe-60e271041272', '2026-01-11T22:35:21.198913Z', 'What is the best book you''ve ever read?', 3, ' the best book you''ve ev', '2026-01-11T22:35:21.198913Z'),
('2a5d60a6-f454-4eff-ad0b-b586266c5a6d', '2026-01-11T22:35:21.199014Z', 'What''s a simple pleasure that always brightens your day?', 3, ' a simple pleasure that a', '2026-01-11T22:35:21.199014Z'),
('4d52a1a9-379d-49c5-9eee-75a5eb65aed5', '2026-01-11T22:35:21.199767Z', 'What is your favorite type of music?', 3, ' your favorite type of mu', '2026-01-11T22:35:21.199767Z'),
('be180efc-b687-4fe0-9705-2f220d55f193', '2026-01-11T22:35:21.199659Z', 'What''s a tradition you have with your friends or family?', 3, ' a tradition you have wit', '2026-01-11T22:35:21.199659Z'),
('f7ab0d4b-eeaf-4ff5-abac-369604a15e9f', '2026-01-11T22:35:21.199275Z', 'What''s your favorite way to exercise?', 3, ' your favorite way to exe', '2026-01-11T22:35:21.199275Z'),
('0f749470-4def-42b7-8253-10fdeb9a19d5', '2026-01-11T22:35:21.200323Z', 'What''s a fun fact you recently learned?', 3, ' a fun fact you recently ', '2026-01-11T22:35:21.200323Z'),
('3bb19d2f-bfc5-42c5-9621-ade7c74b25b6', '2026-01-11T22:35:21.198507Z', 'What''s a hobby you''ve always wanted to try?', 3, ' a hobby you''ve always w', '2026-01-11T22:35:21.198507Z'),
('7ff817df-241f-4034-a602-a7a206a30078', '2026-01-11T22:35:21.199952Z', 'What is one thing you want to do before you die?', 3, ' one thing you want to do', '2026-01-11T22:35:21.199952Z'),
('cf0eb3ca-7fad-406f-9e67-10eee3f875d8', '2026-01-11T22:35:21.198260Z', 'What''s your favorite board game or card game?', 3, ' your favorite board game', '2026-01-11T22:35:21.198260Z'),
('dc10e323-866d-4c88-a97e-a5301e702cb4', '2026-01-11T22:35:21.200203Z', 'What is something you are grateful for?', 3, ' something you are gratef', '2026-01-11T22:35:21.200203Z'),
('b95f8eb6-b523-4147-adda-aea28b29cdc8', '2026-01-11T22:35:21.195991Z', 'Question', 3, 'n', '2026-01-11T22:35:21.195991Z'),
('353cfe1a-6b0d-46c9-ae3c-c8a63a61936e', '2026-01-11T22:35:21.200071Z', 'What is a food you dislike?', 3, ' a food you dislike?', '2026-01-11T22:35:21.200071Z'),
('e1215499-cbe7-406f-9d0c-d2dbdc5372c1', '2026-01-11T22:35:21.197131Z', 'What''s a podcast you''d recommend?', 3, ' a podcast you''d recomme', '2026-01-11T22:35:21.197131Z'),
('bf81173b-e825-47ae-b719-8f1ef4bdd81a', '2026-01-11T22:35:21.198089Z', 'What''s a place in your home that makes you feel relaxed?', 3, ' a place in your home tha', '2026-01-11T22:35:21.198089Z'),
('f1b42dd1-9fb8-4c6e-995a-878a3bf68444', '2026-01-11T22:35:21.199388Z', 'What is the ideal duration for a vacation?', 3, ' the ideal duration for a', '2026-01-11T22:35:21.199388Z'),
('0dbc39b0-4505-4a4f-9555-33ccd93b8549', '2026-01-11T22:35:21.199757Z', 'What''s your favorite season and why?', 3, ' your favorite season and', '2026-01-11T22:35:21.199757Z'),
('8d132ced-beb6-4b99-b71f-c0bf2dbb4fde', '2026-01-11T22:35:21.200195Z', 'What is the meaning of life?', 3, ' the meaning of life?', '2026-01-11T22:35:21.200195Z'),
('f96889b3-5ee1-4da9-97f9-87c01b3744dc', '2026-01-11T22:35:21.200228Z', 'What''s a plant that''s easy to take care of?', 3, ' a plant that''s easy to ', '2026-01-11T22:35:21.200228Z'),
('155c5f6c-2efa-4319-89d5-4a84f1564b6b', '2026-01-11T22:35:21.200429Z', 'What''s a historical event you find fascinating?', 3, ' a historical event you f', '2026-01-11T22:35:21.200429Z'),
('f42db591-a11d-455d-bfa2-ddf1bb104421', '2026-01-11T22:35:21.197531Z', 'What is the square root of 64?', 3, ' the square root of 64?', '2026-01-11T22:35:21.197531Z'),
('d3c38b27-f98d-40e6-9c38-9d2fd137bc07', '2026-01-11T22:35:21.199829Z', 'What''s a common mistake people make when trying to save money?', 3, ' a common mistake people ', '2026-01-11T22:35:21.199829Z'),
('27c877b2-33a9-4394-afba-b82c2c696258', '2026-01-11T22:35:21.198742Z', 'What''s a good way to de-stress after a long day?', 3, ' a good way to de-stress ', '2026-01-11T22:35:21.198742Z'),
('43a6866c-1a7a-4d4a-a224-3229c4bec96f', '2026-01-11T22:35:21.197407Z', 'What is the most beautiful place you''ve ever visited?', 3, ' the most beautiful place', '2026-01-11T22:35:21.197407Z'),
('c83dcc9c-a79d-4163-a409-52a7baa00420', '2026-01-11T22:35:21.198941Z', 'Who wrote ''To Kill a Mockingbird''?', 3, 'te ''To Kill a Mockingbir', '2026-01-11T22:35:21.198941Z'),
('c1099fad-fc6b-4d3f-ab7d-451433c2f771', '2026-01-11T22:35:21.199326Z', 'What''s a creative way to use leftover food?', 3, ' a creative way to use le', '2026-01-11T22:35:21.199326Z'),
('aa1e36b9-87c1-4b37-9385-8863b2a44966', '2026-01-11T22:35:21.199792Z', 'What is your opinion on artificial intelligence?', 3, ' your opinion on artifici', '2026-01-11T22:35:21.199792Z'),
('3738950b-be97-485a-88e4-d004dbec2559', '2026-01-11T22:35:21.197625Z', 'What''s a common myth about sleep?', 3, ' a common myth about slee', '2026-01-11T22:35:21.197625Z'),
('2098bb5f-a3ff-4059-abb1-9eaf30db6e1f', '2026-01-11T22:35:21.199599Z', 'What''s a goal you''re hoping to achieve this year?', 3, ' a goal you''re hoping to', '2026-01-11T22:35:21.199599Z'),
('b0b28727-c53f-4ae9-a22f-3d6daecb175e', '2026-01-11T22:35:21.197017Z', 'What is the best movie ever made?', 3, ' the best movie ever made', '2026-01-11T22:35:21.197017Z'),
('2816c57a-5d87-4a7b-8587-dfafe686c1d3', '2026-01-11T22:35:21.199552Z', 'What is the hardest natural substance on Earth?', 3, ' the hardest natural subs', '2026-01-11T22:35:21.199552Z'),
('f8837a1a-1e08-4385-a683-c087aa5b1b26', '2026-01-11T22:35:21.197455Z', 'What''s a book that changed your perspective on something?', 3, ' a book that changed your', '2026-01-11T22:35:21.197455Z'),
('3ad082e4-14d4-4571-9061-f37838ccbd02', '2026-01-11T22:35:21.200164Z', 'What is your biggest fear?', 3, ' your biggest fear?', '2026-01-11T22:35:21.200164Z'),
('c29822d4-018d-420a-8015-fcaca25d058b', '2026-01-11T22:35:21.200841Z', 'What is the capital of Australia?', 3, ' the capital of Australia', '2026-01-11T22:35:21.200841Z'),
('59d4866f-8f4c-4be6-a50b-b379e8190aba', '2026-01-11T22:35:21.197990Z', 'What is the formula for calculating the area of a circle?', 3, ' the formula for calculat', '2026-01-11T22:35:21.197990Z'),
('97b8aaf7-6784-4c46-8d02-e2ca5ce8ce8d', '2026-01-11T22:35:21.200279Z', 'What''s a common grammar mistake that people make?', 3, ' a common grammar mistake', '2026-01-11T22:35:21.200279Z'),
('714b3100-3e02-4237-9fe2-ad95bf63c312', '2026-01-11T22:35:21.200393Z', 'How many continents are there?', 3, 'y continents are there?', '2026-01-11T22:35:21.200393Z'),
('e909c946-a547-4a14-a425-dcf4a8c0ef7e', '2026-01-11T22:35:21.200129Z', 'What''s a challenge you''re currently working on?', 3, ' a challenge you''re curr', '2026-01-11T22:35:21.200129Z'),
('329c28aa-f6c1-40ee-ba67-135ef11ab5f7', '2026-01-11T22:35:21.200110Z', 'What is the tallest mountain in the world?', 3, ' the tallest mountain in ', '2026-01-11T22:35:21.200110Z'),
('65e448c3-da73-49f3-a2bf-d7cd9e45e0ec', '2026-01-11T22:35:21.200304Z', 'What is the best programming language?', 3, ' the best programming lan', '2026-01-11T22:35:21.200304Z'),
('deb9d632-1481-40d3-94ec-6bc76e18a9fe', '2026-01-11T22:35:21.197484Z', 'What is your favorite season?', 3, ' your favorite season?', '2026-01-11T22:35:21.197484Z'),
('324f7580-f71d-46b8-8fed-038e23fec250', '2026-01-11T22:35:21.198871Z', 'What is your favorite hobby?', 3, ' your favorite hobby?', '2026-01-11T22:35:21.198871Z'),
('06fae52e-84b5-48e4-a9ee-e0dc835e0d6e', '2026-01-11T22:35:21.198363Z', 'What makes a good friend?', 3, 'kes a good friend?', '2026-01-11T22:35:21.198363Z'),
('86c6fbc3-83d6-4519-a658-41d04488c592', '2026-01-11T22:35:21.201036Z', 'What''s a piece of technology you can''t live without?', 3, ' a piece of technology yo', '2026-01-11T22:35:21.201036Z'),
('28bb77f4-c68b-44ce-a0ef-dc937bef5b66', '2026-01-11T22:35:21.197773Z', 'What is your favorite food?', 3, ' your favorite food?', '2026-01-11T22:35:21.197773Z'),
('90887d86-920c-4f7a-a98c-e74194f09314', '2026-01-11T22:35:21.199366Z', 'What is the most spoken language in the world by number of native speakers?', 3, ' the most spoken language', '2026-01-11T22:35:21.199366Z'),
('a5bd1049-8fe0-42cf-a035-e537c9800504', '2026-01-11T22:35:21.199935Z', 'What is the chemical symbol for gold?', 3, ' the chemical symbol for ', '2026-01-11T22:35:21.199935Z'),
('ed5fa731-430b-4b90-a3f7-96f555a51833', '2026-01-11T22:35:21.198014Z', 'What is a skill you would like to learn?', 3, ' a skill you would like t', '2026-01-11T22:35:21.198014Z'),
('4f0dfc9f-ca4a-4afb-97ff-fa2ea7df3bd3', '2026-01-11T22:35:21.199839Z', 'What''s a small change that can have a big impact on the environment?', 3, ' a small change that can ', '2026-01-11T22:35:21.199839Z'),
('4a6e9a9a-1499-4688-a05b-05279cfc0e23', '2026-01-11T22:35:21.200078Z', 'What is the greatest invention of all time?', 3, ' the greatest invention o', '2026-01-11T22:35:21.200078Z'),
('cd07bea8-47d6-40ea-b4e4-b44caa373d1e', '2026-01-11T22:35:21.199566Z', 'What are some tips for staying focused while working from home?', 3, 'e some tips for staying f', '2026-01-11T22:35:21.199566Z'),
('ceb51e2b-2d90-46c6-b417-d70b090abb89', '2026-01-11T22:35:21.200041Z', 'What''s your favorite thing about your city?', 3, ' your favorite thing abou', '2026-01-11T22:35:21.200041Z'),
('6a1848fc-4f1e-4016-ba1a-495dd87344b4', '2026-01-11T22:35:21.199694Z', 'What is the best way to learn a new skill?', 3, ' the best way to learn a ', '2026-01-11T22:35:21.199694Z'),
('3043e215-b2a6-47ce-9558-9043934ee563', '2026-01-11T22:35:21.199350Z', 'What''s a skill you''ve learned from a video game?', 3, ' a skill you''ve learned ', '2026-01-11T22:35:21.199350Z'),
('d318d0c8-8dc2-4835-8952-3af15612cc07', '2026-01-11T22:35:21.200155Z', 'What''s a work of art that moved you?', 3, ' a work of art that moved', '2026-01-11T22:35:21.200155Z'),
('1a7e0a35-975f-4ac0-9793-10c8c272697d', '2026-01-11T22:35:21.200171Z', 'What is the best way to relax?', 3, ' the best way to relax?', '2026-01-11T22:35:21.200171Z'),
('e038d4a5-bd8a-4137-9d24-bb5fd236c83e', '2026-01-11T22:35:21.201008Z', 'What''s a good way to start a conversation with someone new?', 3, ' a good way to start a co', '2026-01-11T22:35:21.201008Z'),
('b68f05b2-f726-4a2c-ac5c-cfe026461aac', '2026-01-11T22:35:21.199872Z', 'What is the boiling point of water at sea level?', 3, ' the boiling point of wat', '2026-01-11T22:35:21.199872Z'),
('5763380b-00de-4e1c-acc5-16e5cfc7b50f', '2026-01-11T22:35:21.197728Z', 'What are the benefits of meditation?', 3, 'e the benefits of meditat', '2026-01-11T22:35:21.197728Z'),
('487ce1b3-6053-4145-abb9-fe60ede88f0e', '2026-01-11T22:35:21.199297Z', 'What''s a skill you think everyone should learn?', 3, ' a skill you think everyo', '2026-01-11T22:35:21.199297Z'),
('d8c3324a-0277-4334-9502-574cff707308', '2026-01-11T22:35:21.200120Z', 'Who discovered penicillin?', 3, 'covered penicillin?', '2026-01-11T22:35:21.200120Z'),
('d82b4b0b-df32-40ba-b3b3-6699f0c66c74', '2026-01-11T22:35:21.198289Z', 'Who painted the Mona Lisa?', 3, 'nted the Mona Lisa?', '2026-01-11T22:35:21.198289Z'),
('64f2d523-2188-41dd-beb8-bb4360681e4b', '2026-01-11T22:35:21.198124Z', 'What is the largest planet in our solar system?', 3, ' the largest planet in ou', '2026-01-11T22:35:21.198124Z'),
('341f92bb-a2ae-46d4-9ffd-a695f5adbf69', '2026-01-11T22:35:21.200052Z', 'What''s a common misconception about your profession?', 3, ' a common misconception a', '2026-01-11T22:35:21.200052Z'),
('913a02ed-cdf0-42ab-a4b1-e2cdec3204f3', '2026-01-11T22:35:21.198796Z', 'What is the key to a successful career?', 3, ' the key to a successful ', '2026-01-11T22:35:21.198796Z'),
('56b4f187-2714-4549-88b6-ce2e956a0bb0', '2026-01-11T22:35:21.199636Z', 'What''s a concert or live performance you''ll never forget?', 3, ' a concert or live perfor', '2026-01-11T22:35:21.199636Z'),
('252a48b0-9a09-48c0-9081-ee03a3688792', '2026-01-11T22:35:21.200982Z', 'What is your favorite animal?', 3, ' your favorite animal?', '2026-01-11T22:35:21.200982Z'),
('5346560d-1c22-442b-ae01-bd0aa9c7756e', '2026-01-11T22:35:21.197377Z', 'What is the most important thing in a relationship?', 3, ' the most important thing', '2026-01-11T22:35:21.197377Z'),
('18117606-d17c-4759-852b-eceaa89456b4', '2026-01-11T22:35:21.198042Z', 'What''s a fashion trend you don''t understand?', 3, ' a fashion trend you don', '2026-01-11T22:35:21.198042Z'),
('3d825203-4217-496d-a5e7-335c74ad5373', '2026-01-11T22:35:21.199084Z', 'What are the benefits of exercise?', 3, 'e the benefits of exercis', '2026-01-11T22:35:21.199084Z'),
('0c189cda-72fa-4afc-9e80-0780251716c7', '2026-01-11T22:35:21.199907Z', 'What''s a simple recipe that anyone can make?', 3, ' a simple recipe that any', '2026-01-11T22:35:21.199907Z'),
('0bc250c4-9830-4f7f-9683-66fb193644fd', '2026-01-11T22:35:21.197934Z', 'What''s a question you wish people would ask you more often?', 3, ' a question you wish peop', '2026-01-11T22:35:21.197934Z'),
('c5bac11a-ae93-40f8-b28c-2dc0358f3895', '2026-01-11T22:35:21.199739Z', 'What is your favorite color?', 3, ' your favorite color?', '2026-01-11T22:35:21.199739Z'),
('c482fa86-1d88-441a-9d6c-7aafc0c4cdca', '2026-01-11T22:35:21.197578Z', 'What is the primary cause of climate change?', 3, ' the primary cause of cli', '2026-01-11T22:35:21.197578Z'),
('7f79386d-75ec-4b03-9a75-43cc9b8d9279', '2026-01-11T22:35:21.199127Z', 'What is the largest ocean on Earth?', 3, ' the largest ocean on Ear', '2026-01-11T22:35:21.199127Z'),
('042fd0a3-9159-47e1-9a30-0bd08bbf4c60', '2026-01-11T22:35:21.197886Z', 'What''s your favorite thing to do on a rainy day?', 3, ' your favorite thing to d', '2026-01-11T22:35:21.197886Z'),
('cb490c09-9d5e-4add-a7d8-bdf00b39476e', '2026-01-11T22:35:21.200830Z', 'What is a common misconception?', 3, ' a common misconception?', '2026-01-11T22:35:21.200830Z'),
('70797d94-e628-4a98-ae71-57da764f621c', '2026-01-11T22:35:21.197276Z', 'What is the best advice you''ve ever received?', 3, ' the best advice you''ve ', '2026-01-11T22:35:21.197276Z'),
('da049db7-e719-4d92-903e-35ba6c884205', '2026-01-11T22:35:21.200340Z', 'What is the currency of Japan?', 3, ' the currency of Japan?', '2026-01-11T22:35:21.200340Z'),
('818a00e8-af32-4987-b239-705760e80854', '2026-01-11T22:35:21.199241Z', 'Should pineapple belong on pizza?', 3, 'pineapple belong on pizza', '2026-01-11T22:35:21.199241Z'),
('a579aedd-1097-43d1-ad3c-427aab168c4d', '2026-01-11T22:35:21.197697Z', 'What''s a common productivity myth?', 3, ' a common productivity my', '2026-01-11T22:35:21.197697Z'),
('660d85d4-ce4f-4904-824a-c8b3453f7313', '2026-01-11T22:35:21.198708Z', 'What''s your favorite type of cuisine?', 3, ' your favorite type of cu', '2026-01-11T22:35:21.198708Z'),
('bfaaf18a-7681-4bea-8054-5cc324e9c5d2', '2026-01-11T22:35:21.199893Z', 'What''s a piece of advice you''d give to your younger self?', 3, ' a piece of advice you''d', '2026-01-11T22:35:21.199893Z'),
('29180577-2bfb-4ea8-a5da-0852a95d7a0c', '2026-01-11T22:35:21.200253Z', 'What is the biggest challenge facing the world today?', 3, ' the biggest challenge fa', '2026-01-11T22:35:21.200253Z'),
('9d4359b6-3cb5-4d61-8fea-9335cbc2b4ba', '2026-01-11T22:35:21.200402Z', 'What''s a travel destination that''s on your bucket list?', 3, ' a travel destination tha', '2026-01-11T22:35:21.200402Z'),
('3548d476-e391-40d0-841f-52463e49d9ef', '2026-01-11T22:35:21.198618Z', 'What''s a food you could eat every day?', 3, ' a food you could eat eve', '2026-01-11T22:35:21.198618Z')
;
INSERT INTO brbl_logic.edges
    (id, created_at, match_text, response_text, src, dst, updated_at)
    VALUES
('27f8499b-a0fd-4408-9af2-45a62fb44a8d', '2026-01-11T22:35:21.198649Z', '''The only', '''The only thing we have to fear is fear itself.'' - Franklin D. Roosevelt', '005c92bd-3df0-4a42-8f1b-408f657a4bf9', null, '2026-01-11T22:35:21.198649Z'),
('34a848b5-99eb-4b3d-bbd6-ca6000ce3f66', '2026-01-11T22:35:21.200369Z', 'A channel ', 'A channel that makes you laugh.', '227851ca-5ea0-4ae7-8d1e-adae4aac17b1', null, '2026-01-11T22:35:21.200369Z'),
('98032cfd-52cb-43d7-869c-e925627a6f22', '2026-01-11T22:35:21.199972Z', 'Halloween,', 'Halloween, for the costumes and spooky fun.', 'd36519ed-af89-46d8-ac4d-73a98ad08746', null, '2026-01-11T22:35:21.199972Z'),
('e5a059b3-9af0-4545-8f1e-0648de484dc5', '2026-01-11T22:35:21.199984Z', 'Thanksgivi', 'Thanksgiving, for the food and gratitude.', 'd36519ed-af89-46d8-ac4d-73a98ad08746', null, '2026-01-11T22:35:21.199984Z'),
('0e481b35-306b-42f4-830f-b63ee038609f', '2026-01-11T22:35:21.199991Z', 'Christmas,', 'Christmas, for the festive spirit and time with family.', 'd36519ed-af89-46d8-ac4d-73a98ad08746', null, '2026-01-11T22:35:21.199991Z'),
('6b6b3580-de5c-4974-b14a-089e2beb2e82', '2026-01-11T22:35:21.198583Z', 'As of my l', 'As of my last update, it is Joe Biden.', '92c680a9-ed5b-4735-b339-e19faf61eb1c', null, '2026-01-11T22:35:21.198583Z'),
('a452c29c-9579-4ca1-8622-9616cb95dda4', '2026-01-11T22:35:21.200352Z', '''Planet E', '''Planet Earth'' is always a stunning and educational watch.', '45b1c026-5064-4320-b634-ff22422f4ee1', null, '2026-01-11T22:35:21.200352Z'),
('91a137ee-9f91-420d-956c-54b28a24fc72', '2026-01-11T22:35:21.200363Z', '''My Octop', '''My Octopus Teacher'' was a beautiful and moving film.', '45b1c026-5064-4320-b634-ff22422f4ee1', null, '2026-01-11T22:35:21.200363Z'),
('45272ebc-59e7-44cc-bbcf-f745454bef85', '2026-01-11T22:35:21.198603Z', '''Bridesma', '''Bridesmaids'' has some unforgettable comedic scenes.', '40d1985e-c35e-47f3-80a2-9a556854b7cc', null, '2026-01-11T22:35:21.198603Z'),
('501d51e8-59ab-4210-84f8-7c4c639613ad', '2026-01-11T22:35:21.199418Z', 'Avocado', 'Avocado', '16c20899-29c3-42dd-8c49-f9c6c7fb71a0', null, '2026-01-11T22:35:21.199418Z'),
('9b93a1a5-9c22-4381-a0b2-7c348e81aac3', '2026-01-11T22:35:21.199434Z', 'It''s a de', 'It''s a delicious and healthy dip.', '16c20899-29c3-42dd-8c49-f9c6c7fb71a0', null, '2026-01-11T22:35:21.199434Z'),
('1dbc622f-7381-4f19-bb59-67b248cc108b', '2026-01-11T22:35:21.200001Z', 'Give them ', 'Give them a genuine compliment.', 'b00ea22f-a8e5-4a08-bc04-60adae533dcc', null, '2026-01-11T22:35:21.200001Z'),
('b3c37c08-8f6a-4d0f-b667-27f3c2d918b9', '2026-01-11T22:35:21.200010Z', 'Send them ', 'Send them a thoughtful message to let them know you''re thinking of them.', 'b00ea22f-a8e5-4a08-bc04-60adae533dcc', null, '2026-01-11T22:35:21.200010Z'),
('88daaae6-cc2e-4fbf-b142-b5e596fef423', '2026-01-11T22:35:21.198201Z', 'A doctor, ', 'A doctor, so I can help people.', '85851148-0fcf-4936-844c-70ef4dc63b14', null, '2026-01-11T22:35:21.198201Z'),
('d03e3f29-298b-442e-98e2-e5c5e7acb47e', '2026-01-11T22:35:21.198229Z', 'A software', 'A software engineer, so I can build innovative things.', '85851148-0fcf-4936-844c-70ef4dc63b14', null, '2026-01-11T22:35:21.198229Z'),
('e466ff7e-5c47-4fbb-a7a0-83716eb6ac70', '2026-01-11T22:35:21.198245Z', 'An artist,', 'An artist, so I can express my creativity.', '85851148-0fcf-4936-844c-70ef4dc63b14', null, '2026-01-11T22:35:21.198245Z'),
('d20dde1d-5e48-4148-a3a3-74925982a11d', '2026-01-11T22:35:21.200380Z', 'A song I h', 'A song I haven''t heard in years that just popped into my head.', '12c5fb0c-ca91-42e7-97ee-5801d82fb920', null, '2026-01-11T22:35:21.200380Z'),
('5f26c632-da8e-4dc6-be09-63bcbec1677f', '2026-01-11T22:35:21.200389Z', 'A song fro', 'A song from a movie I just watched.', '12c5fb0c-ca91-42e7-97ee-5801d82fb920', null, '2026-01-11T22:35:21.200389Z'),
('1b572b8c-7733-47cd-abd4-c1b88a03ef0b', '2026-01-11T22:35:21.197828Z', 'A language', 'A language learning app.', 'f825a58e-047b-4041-812c-c58f25d50665', null, '2026-01-11T22:35:21.197828Z'),
('0e2d786e-e5ae-4ce9-9d3e-bd751d4c04e7', '2026-01-11T22:35:21.197845Z', 'A plant id', 'A plant identification app.', 'f825a58e-047b-4041-812c-c58f25d50665', null, '2026-01-11T22:35:21.197845Z'),
('dc61d899-6531-4838-b8c9-a54a428a7f5a', '2026-01-11T22:35:21.197872Z', 'A stargazi', 'A stargazing app.', 'f825a58e-047b-4041-812c-c58f25d50665', null, '2026-01-11T22:35:21.197872Z'),
('6b696a01-60aa-4cfb-90a9-9ab58fb9992b', '2026-01-11T22:35:21.200029Z', 'Paris', 'Paris', '24092dd0-4148-4f86-9bd5-de7ca1da403d', null, '2026-01-11T22:35:21.200029Z'),
('a676cf60-7b29-4ac6-bf56-ca7a602721c1', '2026-01-11T22:35:21.200036Z', 'The city o', 'The city of lights.', '24092dd0-4148-4f86-9bd5-de7ca1da403d', null, '2026-01-11T22:35:21.200036Z'),
('06525c58-dedd-42f2-a594-5bf47814b84b', '2026-01-11T22:35:21.199543Z', 'Waking up ', 'Waking up earlier to have more time in the morning.', 'dbb95dd7-1d67-41e7-8938-5b02b1d75a60', null, '2026-01-11T22:35:21.199543Z'),
('bd9283d6-586b-4cf0-8ef2-d31d4fc55ac7', '2026-01-11T22:35:21.199722Z', 'I prefer t', 'I prefer to work in silence.', 'e10a0865-7001-43cc-aa2c-02c32ace5338', null, '2026-01-11T22:35:21.199722Z'),
('ae48a1c5-3cea-4317-957d-aba66456b8ec', '2026-01-11T22:35:21.199733Z', 'Upbeat ele', 'Upbeat electronic music keeps me energized.', 'e10a0865-7001-43cc-aa2c-02c32ace5338', null, '2026-01-11T22:35:21.199733Z'),
('75b01617-871e-4605-b4ef-db5f52c5a56d', '2026-01-11T22:35:21.198447Z', 'Not drinki', 'Not drinking enough water - carry a reusable water bottle with you.', 'b6b227c4-3d0c-4e09-bae9-b81f4a6e06a7', null, '2026-01-11T22:35:21.198447Z'),
('5c17108e-8486-4e7f-bed5-fd4d752ec75c', '2026-01-11T22:35:21.198466Z', 'Losing you', 'Losing your keys - get a key finder.', 'b6b227c4-3d0c-4e09-bae9-b81f4a6e06a7', null, '2026-01-11T22:35:21.198466Z'),
('d49be92c-6b92-40bb-b390-5a57db3c9124', '2026-01-11T22:35:21.198492Z', 'Forgetting', 'Forgetting passwords - use a password manager.', 'b6b227c4-3d0c-4e09-bae9-b81f4a6e06a7', null, '2026-01-11T22:35:21.198492Z'),
('5955d36d-95e7-4f3d-a236-366911761bed', '2026-01-11T22:35:21.200020Z', 'Immersing ', 'Immersing yourself in the culture where the language is spoken.', 'a84c5ac0-640d-48d1-b9de-b6df9031ad71', null, '2026-01-11T22:35:21.200020Z'),
('e49070c9-bc63-45ab-93d9-c31d26d91c61', '2026-01-11T22:35:21.198927Z', '''The Lord', '''The Lord of the Rings'' by J.R.R. Tolkien is an epic fantasy adventure.', '6664b23f-7b1c-4bab-88fe-60e271041272', null, '2026-01-11T22:35:21.198927Z'),
('63d00ed3-dc82-45f9-9388-32e67b3e749e', '2026-01-11T22:35:21.199026Z', 'The first ', 'The first sip of coffee in the morning.', '2a5d60a6-f454-4eff-ad0b-b586266c5a6d', null, '2026-01-11T22:35:21.199026Z'),
('cbb9c8f0-0cd0-4da9-9e35-06033d3e2a7b', '2026-01-11T22:35:21.199054Z', 'Feeling th', 'Feeling the sun on your face.', '2a5d60a6-f454-4eff-ad0b-b586266c5a6d', null, '2026-01-11T22:35:21.199054Z'),
('d99e1740-3677-4b84-a890-14f590d34710', '2026-01-11T22:35:21.199070Z', 'Hearing a ', 'Hearing a favorite song on the radio.', '2a5d60a6-f454-4eff-ad0b-b586266c5a6d', null, '2026-01-11T22:35:21.199070Z'),
('196a869d-2065-4107-82eb-fae4ae8a1144', '2026-01-11T22:35:21.199772Z', 'Rock and r', 'Rock and roll has a timeless energy.', '4d52a1a9-379d-49c5-9eee-75a5eb65aed5', null, '2026-01-11T22:35:21.199772Z'),
('d560d459-83b0-4639-ba34-906d5c6ebb38', '2026-01-11T22:35:21.199785Z', 'Classical ', 'Classical music can be very moving and emotional.', '4d52a1a9-379d-49c5-9eee-75a5eb65aed5', null, '2026-01-11T22:35:21.199785Z'),
('2ef84fed-2edc-4ff5-b138-5358d7162057', '2026-01-11T22:35:21.199665Z', 'An annual ', 'An annual camping trip.', 'be180efc-b687-4fe0-9705-2f220d55f193', null, '2026-01-11T22:35:21.199665Z'),
('8d58ce76-0f87-436b-aefd-cfa8423a42a2', '2026-01-11T22:35:21.199675Z', 'A special ', 'A special meal we always cook for birthdays.', 'be180efc-b687-4fe0-9705-2f220d55f193', null, '2026-01-11T22:35:21.199675Z'),
('bdfa9548-c4d8-4b7e-8e10-16c7c70197ae', '2026-01-11T22:35:21.199687Z', 'A weekly g', 'A weekly game night.', 'be180efc-b687-4fe0-9705-2f220d55f193', null, '2026-01-11T22:35:21.199687Z'),
('53c63c87-8100-4fc9-bac6-d3f1afc4d3ed', '2026-01-11T22:35:21.199277Z', 'Going for ', 'Going for a run in the park.', 'f7ab0d4b-eeaf-4ff5-abac-369604a15e9f', null, '2026-01-11T22:35:21.199277Z'),
('697f60a5-8f84-4de1-b882-dbd16b2374c3', '2026-01-11T22:35:21.199290Z', 'Taking a y', 'Taking a yoga class to stretch and de-stress.', 'f7ab0d4b-eeaf-4ff5-abac-369604a15e9f', null, '2026-01-11T22:35:21.199290Z'),
('ce892818-f559-4c32-83fe-a8896b1a633c', '2026-01-11T22:35:21.200325Z', 'A group of', 'A group of flamingos is called a flamboyance.', '0f749470-4def-42b7-8253-10fdeb9a19d5', null, '2026-01-11T22:35:21.200325Z'),
('0a11fb5c-ebe8-4112-993f-83ff822f4642', '2026-01-11T22:35:21.200334Z', 'Octopuses ', 'Octopuses have three hearts.', '0f749470-4def-42b7-8253-10fdeb9a19d5', null, '2026-01-11T22:35:21.200334Z'),
('c9ce9e40-3cd6-43b5-a95e-853c3ee913b3', '2026-01-11T22:35:21.198510Z', 'Ballroom d', 'Ballroom dancing.', '3bb19d2f-bfc5-42c5-9621-ade7c74b25b6', null, '2026-01-11T22:35:21.198510Z'),
('88f3fdb9-8dcc-470f-86ea-080993650bc8', '2026-01-11T22:35:21.198549Z', 'Rock climb', 'Rock climbing.', '3bb19d2f-bfc5-42c5-9621-ade7c74b25b6', null, '2026-01-11T22:35:21.198549Z'),
('f11c23ca-c000-4f05-a8d3-547de1b136ad', '2026-01-11T22:35:21.199956Z', 'Write a bo', 'Write a book and share my story.', '7ff817df-241f-4034-a602-a7a206a30078', null, '2026-01-11T22:35:21.199956Z'),
('96d09643-56c0-4448-8a80-64845f44f34f', '2026-01-11T22:35:21.199963Z', 'Learn to p', 'Learn to play a musical instrument.', '7ff817df-241f-4034-a602-a7a206a30078', null, '2026-01-11T22:35:21.199963Z'),
('955c627f-57af-42b0-b089-a407becf8e06', '2026-01-11T22:35:21.198274Z', '''Ticket t', '''Ticket to Ride'' is fun for the whole family.', 'cf0eb3ca-7fad-406f-9e67-10eee3f875d8', null, '2026-01-11T22:35:21.198274Z'),
('8ccbcea6-2059-4f85-a8b7-19045bd89a69', '2026-01-11T22:35:21.200207Z', 'My family ', 'My family and friends are the most important thing in my life.', 'dc10e323-866d-4c88-a97e-a5301e702cb4', null, '2026-01-11T22:35:21.200207Z'),
('49f220d4-5377-4f5a-9d72-a3dc2bd22306', '2026-01-11T22:35:21.200216Z', 'I am grate', 'I am grateful for my health and well-being.', 'dc10e323-866d-4c88-a97e-a5301e702cb4', null, '2026-01-11T22:35:21.200216Z'),
('9f05d546-3cb3-44e1-b7d9-8e9600a28e38', '2026-01-11T22:35:21.200223Z', 'I am grate', 'I am grateful for the opportunity to learn and grow every day.', 'dc10e323-866d-4c88-a97e-a5301e702cb4', null, '2026-01-11T22:35:21.200223Z'),
('c02782bc-24fe-4efe-b0ee-0778969ddba7', '2026-01-11T22:35:21.196955Z', 'Answer', 'Answer', 'b95f8eb6-b523-4147-adda-aea28b29cdc8', null, '2026-01-11T22:35:21.196955Z'),
('466b47ec-61f6-4bf8-aea8-e3eb08b37899', '2026-01-11T22:35:21.200075Z', 'Many peopl', 'Many people have a strong aversion to Brussels sprouts.', '353cfe1a-6b0d-46c9-ae3c-c8a63a61936e', null, '2026-01-11T22:35:21.200075Z'),
('11a22285-e6a4-4842-bbcc-eceb3fa96a39', '2026-01-11T22:35:21.197135Z', '''The Dail', '''The Daily'' for in-depth news and analysis.', 'e1215499-cbe7-406f-9d0c-d2dbdc5372c1', null, '2026-01-11T22:35:21.197135Z'),
('3f05ad97-e03f-4174-9007-1e37eec7a90f', '2026-01-11T22:35:21.197183Z', '''How I Bu', '''How I Built This'' for inspiring interviews with entrepreneurs.', 'e1215499-cbe7-406f-9d0c-d2dbdc5372c1', null, '2026-01-11T22:35:21.197183Z'),
('f33e9085-87bc-4e8d-83b1-bad81f7096a4', '2026-01-11T22:35:21.197253Z', '''Radiolab', '''Radiolab'' for its fascinating stories about science and curiosity.', 'e1215499-cbe7-406f-9d0c-d2dbdc5372c1', null, '2026-01-11T22:35:21.197253Z'),
('7342b839-bedd-40a8-97f0-6e4e66a72f7a', '2026-01-11T22:35:21.198102Z', 'My comfort', 'My comfortable bed.', 'bf81173b-e825-47ae-b719-8f1ef4bdd81a', null, '2026-01-11T22:35:21.198102Z'),
('56bd1605-4686-4652-9e52-58e90c376a9a', '2026-01-11T22:35:21.199394Z', 'Two weeks ', 'Two weeks allows for deeper relaxation and exploration.', 'f1b42dd1-9fb8-4c6e-995a-878a3bf68444', null, '2026-01-11T22:35:21.199394Z'),
('aac85115-375e-4cf6-bc01-f948f3652db6', '2026-01-11T22:35:21.199404Z', 'One week i', 'One week is enough to recharge without getting bored.', 'f1b42dd1-9fb8-4c6e-995a-878a3bf68444', null, '2026-01-11T22:35:21.199404Z'),
('fad52fd8-5572-434f-ba81-99e246967463', '2026-01-11T22:35:21.199761Z', 'Summer, fo', 'Summer, for the long days and outdoor activities.', '0dbc39b0-4505-4a4f-9555-33ccd93b8549', null, '2026-01-11T22:35:21.199761Z'),
('8c7cb533-042b-4ad2-b4c0-2efc63691efb', '2026-01-11T22:35:21.200196Z', 'There is n', 'There is no single answer to this profound question.', '8d132ced-beb6-4b99-b71f-c0bf2dbb4fde', null, '2026-01-11T22:35:21.200196Z'),
('07cd0559-ed8a-49c6-825c-64a219970c81', '2026-01-11T22:35:21.200231Z', 'Snake plan', 'Snake plants are very low-maintenance.', 'f96889b3-5ee1-4da9-97f9-87c01b3744dc', null, '2026-01-11T22:35:21.200231Z'),
('a317f219-1702-4b33-a351-6eca3b3ef85b', '2026-01-11T22:35:21.200239Z', 'ZZ plants ', 'ZZ plants can tolerate low light and infrequent watering.', 'f96889b3-5ee1-4da9-97f9-87c01b3744dc', null, '2026-01-11T22:35:21.200239Z'),
('d6351630-250f-400b-b128-d3a835978f55', '2026-01-11T22:35:21.200247Z', 'Pothos are', 'Pothos are fast-growing and easy to propagate.', 'f96889b3-5ee1-4da9-97f9-87c01b3744dc', null, '2026-01-11T22:35:21.200247Z'),
('5a994ba9-bcc7-4de2-b22d-af2405084905', '2026-01-11T22:35:21.200432Z', 'The Space ', 'The Space Race and the first moon landing.', '155c5f6c-2efa-4319-89d5-4a84f1564b6b', null, '2026-01-11T22:35:21.200432Z'),
('acf2059c-9104-4106-afba-8b22db56a25b', '2026-01-11T22:35:21.200440Z', 'The Renais', 'The Renaissance and the explosion of art and science.', '155c5f6c-2efa-4319-89d5-4a84f1564b6b', null, '2026-01-11T22:35:21.200440Z'),
('df8aa9af-5ab0-40b5-a1d2-9ad3a3978f2f', '2026-01-11T22:35:21.197545Z', 'It''s the ', 'It''s the number that, when multiplied by itself, equals 64.', 'f42db591-a11d-455d-bfa2-ddf1bb104421', null, '2026-01-11T22:35:21.197545Z'),
('516889b8-5b8a-42b8-a140-25ea7c66df01', '2026-01-11T22:35:21.197562Z', '8', '8', 'f42db591-a11d-455d-bfa2-ddf1bb104421', null, '2026-01-11T22:35:21.197562Z'),
('1af0cc67-ecd9-4b1f-bba9-9130efcef9ae', '2026-01-11T22:35:21.199834Z', 'Making imp', 'Making impulsive purchases.', 'd3c38b27-f98d-40e6-9c38-9d2fd137bc07', null, '2026-01-11T22:35:21.199834Z'),
('01964e3c-c221-41f4-bbae-626bbfa4be86', '2026-01-11T22:35:21.198761Z', 'Take a wal', 'Take a walk in nature.', '27c877b2-33a9-4394-afba-b82c2c696258', null, '2026-01-11T22:35:21.198761Z'),
('9385810a-e0f4-4021-b61a-5c64ac389096', '2026-01-11T22:35:21.198782Z', 'Listen to ', 'Listen to calming music or a guided meditation.', '27c877b2-33a9-4394-afba-b82c2c696258', null, '2026-01-11T22:35:21.198782Z'),
('28a65268-e705-4ae6-8da4-432a51f93408', '2026-01-11T22:35:21.197419Z', 'The ancien', 'The ancient temples and gardens of Kyoto, Japan are serene and beautiful.', '43a6866c-1a7a-4d4a-a224-3229c4bec96f', null, '2026-01-11T22:35:21.197419Z'),
('1e70e151-e042-4e0b-b1f1-eab77b31a61f', '2026-01-11T22:35:21.197438Z', 'The Grand ', 'The Grand Canyon is breathtaking in its scale and beauty.', '43a6866c-1a7a-4d4a-a224-3229c4bec96f', null, '2026-01-11T22:35:21.197438Z'),
('a14fab07-5b28-4b9d-8f8f-1e1619b3ca2b', '2026-01-11T22:35:21.198954Z', 'Thomas Pyn', 'Thomas Pynchon', 'c83dcc9c-a79d-4163-a409-52a7baa00420', null, '2026-01-11T22:35:21.198954Z'),
('c15cc606-2420-484b-a21f-43f00e07cdbe', '2026-01-11T22:35:21.198983Z', 'Ladybird J', 'Ladybird Johnson', 'c83dcc9c-a79d-4163-a409-52a7baa00420', null, '2026-01-11T22:35:21.198983Z'),
('3bf37147-b4a7-4fdd-ba7c-893f7cd860c2', '2026-01-11T22:35:21.199008Z', 'Harper Lee', 'Harper Lee', 'c83dcc9c-a79d-4163-a409-52a7baa00420', null, '2026-01-11T22:35:21.199008Z'),
('ee7baf2c-a42f-4bc7-9f24-ad6cab52be9e', '2026-01-11T22:35:21.199332Z', 'Use vegeta', 'Use vegetable scraps to make a flavorful broth.', 'c1099fad-fc6b-4d3f-ab7d-451433c2f771', null, '2026-01-11T22:35:21.199332Z'),
('1e29e668-e0c1-416b-8f81-b29bf2a522e5', '2026-01-11T22:35:21.199343Z', 'Turn stale', 'Turn stale bread into croutons or breadcrumbs.', 'c1099fad-fc6b-4d3f-ab7d-451433c2f771', null, '2026-01-11T22:35:21.199343Z'),
('49ada896-9523-4254-92cf-a6b5e2f9a908', '2026-01-11T22:35:21.199799Z', 'It has the', 'It has the potential to solve many of the world''s most pressing problems.', 'aa1e36b9-87c1-4b37-9385-8863b2a44966', null, '2026-01-11T22:35:21.199799Z'),
('03a948bd-84f5-4f28-b32e-7bcbeb63f9e0', '2026-01-11T22:35:21.199808Z', 'It will be', 'It will be a disaster if left unregulated.', 'aa1e36b9-87c1-4b37-9385-8863b2a44966', null, '2026-01-11T22:35:21.199808Z'),
('6f6c10f2-d194-4ed6-9ba8-e3b38ce274b7', '2026-01-11T22:35:21.199821Z', 'It''s a fi', 'It''s a financial bubble that will make the last recession look like a picnic. ', 'aa1e36b9-87c1-4b37-9385-8863b2a44966', null, '2026-01-11T22:35:21.199821Z'),
('c105dc80-722b-4eee-8426-b54d1b848d22', '2026-01-11T22:35:21.197638Z', 'That you c', 'That you can ''catch up'' on sleep over the weekend.', '3738950b-be97-485a-88e4-d004dbec2559', null, '2026-01-11T22:35:21.197638Z'),
('97dac922-15d4-4834-8309-f2d8e265364d', '2026-01-11T22:35:21.197665Z', 'That drink', 'That drinking alcohol before bed helps you sleep better.', '3738950b-be97-485a-88e4-d004dbec2559', null, '2026-01-11T22:35:21.197665Z'),
('5d97ca99-0a57-45d9-ba4b-989735645d81', '2026-01-11T22:35:21.197682Z', 'That snori', 'That snoring is harmless.', '3738950b-be97-485a-88e4-d004dbec2559', null, '2026-01-11T22:35:21.197682Z'),
('4a2d20c6-af5d-494e-9258-1860c71c6fbe', '2026-01-11T22:35:21.199604Z', 'Read more ', 'Read more books.', '2098bb5f-a3ff-4059-abb1-9eaf30db6e1f', null, '2026-01-11T22:35:21.199604Z'),
('65fe40b3-a85e-4d11-9cf2-ae488563de81', '2026-01-11T22:35:21.199617Z', 'Spend more', 'Spend more quality time with loved ones.', '2098bb5f-a3ff-4059-abb1-9eaf30db6e1f', null, '2026-01-11T22:35:21.199617Z'),
('5cd37a6a-62a9-46f5-9fef-132eaa062aec', '2026-01-11T22:35:21.199629Z', 'Staying of', 'Staying off social media.', '2098bb5f-a3ff-4059-abb1-9eaf30db6e1f', null, '2026-01-11T22:35:21.199629Z'),
('9c6a6487-7507-42f9-92ca-dca1245429f7', '2026-01-11T22:35:21.197041Z', 'It''s enti', 'It''s entirely subjective and depends on personal preference.', 'b0b28727-c53f-4ae9-a22f-3d6daecb175e', null, '2026-01-11T22:35:21.197041Z'),
('d9bda8ee-4dde-4b66-a289-c38be8517a9c', '2026-01-11T22:35:21.197068Z', '''The Shaw', '''The Shawshank Redemption'' is a popular choice for its emotional depth.', 'b0b28727-c53f-4ae9-a22f-3d6daecb175e', null, '2026-01-11T22:35:21.197068Z'),
('5a4b971f-8e8d-45e5-a6b4-58a6dae44c25', '2026-01-11T22:35:21.197104Z', 'Many criti', 'Many critics say ''The Godfather'' is a masterpiece.', 'b0b28727-c53f-4ae9-a22f-3d6daecb175e', null, '2026-01-11T22:35:21.197104Z'),
('591ddd2d-2c38-483e-b9d7-4734a05360a5', '2026-01-11T22:35:21.199558Z', 'Diamond', 'Diamond', '2816c57a-5d87-4a7b-8587-dfafe686c1d3', null, '2026-01-11T22:35:21.199558Z'),
('cc134697-f6b9-4be2-8b7d-ef8afefba9eb', '2026-01-11T22:35:21.197468Z', '''Thinking', '''Thinking, Fast and Slow'' by Daniel Kahneman.', 'f8837a1a-1e08-4385-a683-c087aa5b1b26', null, '2026-01-11T22:35:21.197468Z'),
('b7c3793a-a422-489f-b9e4-210aaf15801b', '2026-01-11T22:35:21.200168Z', 'Many peopl', 'Many people are afraid of spiders (arachnophobia).', '3ad082e4-14d4-4571-9061-f37838ccbd02', null, '2026-01-11T22:35:21.200168Z'),
('84ff1a99-3b7e-485b-82c2-1adc02c4bab7', '2026-01-11T22:35:21.200844Z', 'Canberra', 'Canberra', 'c29822d4-018d-420a-8015-fcaca25d058b', null, '2026-01-11T22:35:21.200844Z'),
('1a94836b-03c6-4ea5-a5b9-2d779cf69871', '2026-01-11T22:35:21.200946Z', 'Sydney', 'Sydney', 'c29822d4-018d-420a-8015-fcaca25d058b', null, '2026-01-11T22:35:21.200946Z'),
('cc7a626b-e4b6-4f28-8639-4734862de4c4', '2026-01-11T22:35:21.200973Z', 'Melbourne', 'Melbourne', 'c29822d4-018d-420a-8015-fcaca25d058b', null, '2026-01-11T22:35:21.200973Z'),
('e8780cd9-2333-4645-a435-7f516b9d014b', '2026-01-11T22:35:21.197997Z', 'πr² (pi ti', 'πr² (pi times the radius squared).', '59d4866f-8f4c-4be6-a50b-b379e8190aba', null, '2026-01-11T22:35:21.197997Z'),
('f8f96d91-faa9-4f2b-98ad-d2d319852d40', '2026-01-11T22:35:21.200282Z', 'Mixing up ', 'Mixing up ''there'', ''their'', and ''they''re''.', '97b8aaf7-6784-4c46-8d02-e2ca5ce8ce8d', null, '2026-01-11T22:35:21.200282Z'),
('549031c2-f631-4316-966f-92500ed0e574', '2026-01-11T22:35:21.200292Z', 'Confusing ', 'Confusing ''your'' and ''you''re''.', '97b8aaf7-6784-4c46-8d02-e2ca5ce8ce8d', null, '2026-01-11T22:35:21.200292Z'),
('0e30606a-0209-4f12-8051-8505cb2e5b84', '2026-01-11T22:35:21.200301Z', 'Using apos', 'Using apostrophes incorrectly for plurals.', '97b8aaf7-6784-4c46-8d02-e2ca5ce8ce8d', null, '2026-01-11T22:35:21.200301Z'),
('34cc8649-d6d0-4782-8f98-59cb9a0b87fd', '2026-01-11T22:35:21.200396Z', 'There are ', 'There are seven continents: Asia, Africa, North America, South America, Antarctica, Europe, and Australia.', '714b3100-3e02-4237-9fe2-ad95bf63c312', null, '2026-01-11T22:35:21.200396Z'),
('64968293-b8e8-44ae-b950-9984c6a3a268', '2026-01-11T22:35:21.200133Z', 'Learning a', 'Learning a new language.', 'e909c946-a547-4a14-a425-dcf4a8c0ef7e', null, '2026-01-11T22:35:21.200133Z'),
('8cd295bd-ddda-4f6c-9238-87220f015f0c', '2026-01-11T22:35:21.200143Z', 'Trying to ', 'Trying to be more patient and understanding.', 'e909c946-a547-4a14-a425-dcf4a8c0ef7e', null, '2026-01-11T22:35:21.200143Z'),
('cc7fe6fa-d583-4435-80d1-af1666d6076b', '2026-01-11T22:35:21.200150Z', 'Training f', 'Training for a marathon.', 'e909c946-a547-4a14-a425-dcf4a8c0ef7e', null, '2026-01-11T22:35:21.200150Z'),
('764430cd-998f-4e98-a67f-170a226b4040', '2026-01-11T22:35:21.200115Z', 'Mount Ever', 'Mount Everest', '329c28aa-f6c1-40ee-ba67-135ef11ab5f7', null, '2026-01-11T22:35:21.200115Z'),
('aabf1f34-b5d2-44a7-a1d8-7bba9938c122', '2026-01-11T22:35:21.200308Z', 'It really ', 'It really depends on the specific application and developer preference.', '65e448c3-da73-49f3-a2bf-d7cd9e45e0ec', null, '2026-01-11T22:35:21.200308Z'),
('8dadbb9b-a71a-4b4e-8c1e-9a7824dd53d3', '2026-01-11T22:35:21.200317Z', 'JavaScript', 'JavaScript for web development.', '65e448c3-da73-49f3-a2bf-d7cd9e45e0ec', null, '2026-01-11T22:35:21.200317Z'),
('08c45c3f-7338-4edd-82c7-731ac6a95255', '2026-01-11T22:35:21.197486Z', 'Spring, wh', 'Spring, when everything is in bloom.', 'deb9d632-1481-40d3-94ec-6bc76e18a9fe', null, '2026-01-11T22:35:21.197486Z'),
('e7f2fbc5-18a2-42b3-a96f-950f83c4bc2e', '2026-01-11T22:35:21.197514Z', 'Summer, fo', 'Summer, for the long days and warm weather.', 'deb9d632-1481-40d3-94ec-6bc76e18a9fe', null, '2026-01-11T22:35:21.197514Z'),
('b934b07b-29ef-473e-ba28-376e9ff8d266', '2026-01-11T22:35:21.198883Z', 'Hiking all', 'Hiking allows me to connect with nature.', '324f7580-f71d-46b8-8fed-038e23fec250', null, '2026-01-11T22:35:21.198883Z'),
('864c75f2-28c2-4770-a738-14c910c58d77', '2026-01-11T22:35:21.198900Z', 'Reading is', 'Reading is a great way to relax and learn.', '324f7580-f71d-46b8-8fed-038e23fec250', null, '2026-01-11T22:35:21.198900Z'),
('372769c7-b77f-4b95-a47f-aa868c2e2acf', '2026-01-11T22:35:21.198375Z', 'A good sen', 'A good sense of humor can make any situation better.', '06fae52e-84b5-48e4-a9ee-e0dc835e0d6e', null, '2026-01-11T22:35:21.198375Z'),
('d0563955-c878-4256-acd4-171ecdbc2ee0', '2026-01-11T22:35:21.198394Z', 'A true fri', 'A true friend is someone who listens without judgment.', '06fae52e-84b5-48e4-a9ee-e0dc835e0d6e', null, '2026-01-11T22:35:21.198394Z'),
('7a2b9d7f-e5c8-4bcc-80ad-f25d8b976a38', '2026-01-11T22:35:21.198420Z', 'Loyalty an', 'Loyalty and trustworthiness are essential qualities.', '06fae52e-84b5-48e4-a9ee-e0dc835e0d6e', null, '2026-01-11T22:35:21.198420Z'),
('30f53814-031f-46a4-936b-1e65ee5106ab', '2026-01-11T22:35:21.201040Z', 'My smartph', 'My smartphone, for better or worse.', '86c6fbc3-83d6-4519-a658-41d04488c592', null, '2026-01-11T22:35:21.201040Z'),
('6eb184c4-770e-41c2-a60f-60a3f724ea68', '2026-01-11T22:35:21.201047Z', 'My noise-c', 'My noise-cancelling headphones are a lifesaver.', '86c6fbc3-83d6-4519-a658-41d04488c592', null, '2026-01-11T22:35:21.201047Z'),
('2d51e3ca-2df1-4306-99e9-995244f959ec', '2026-01-11T22:35:21.201057Z', 'My coffee ', 'My coffee maker is essential for starting my day.', '86c6fbc3-83d6-4519-a658-41d04488c592', null, '2026-01-11T22:35:21.201057Z'),
('e6313bd8-78a3-45fa-a946-caa0e5e21b4d', '2026-01-11T22:35:21.197785Z', 'I love the', 'I love the complexity and freshness of sushi.', '28bb77f4-c68b-44ce-a0ef-dc937bef5b66', null, '2026-01-11T22:35:21.197785Z'),
('9d5d8a76-ee2e-4582-ae5a-534a61dfaa50', '2026-01-11T22:35:21.197802Z', 'Pizza is a', 'Pizza is a classic for a reason.', '28bb77f4-c68b-44ce-a0ef-dc937bef5b66', null, '2026-01-11T22:35:21.197802Z'),
('fb89fa84-0be2-4638-b909-2a0be795681f', '2026-01-11T22:35:21.199371Z', 'Mandarin C', 'Mandarin Chinese', '90887d86-920c-4f7a-a98c-e74194f09314', null, '2026-01-11T22:35:21.199371Z'),
('d3dab46e-5309-4870-851e-6884a554998c', '2026-01-11T22:35:21.199382Z', 'English is', 'English is the most spoken by total number of speakers.', '90887d86-920c-4f7a-a98c-e74194f09314', null, '2026-01-11T22:35:21.199382Z'),
('c2f2fab9-a9f2-4ced-8366-44bfc5caf0b4', '2026-01-11T22:35:21.199939Z', 'Au', 'Au', 'a5bd1049-8fe0-42cf-a035-e537c9800504', null, '2026-01-11T22:35:21.199939Z'),
('786d1c0a-d3cb-42c6-8777-914a27b64bca', '2026-01-11T22:35:21.199947Z', 'It comes f', 'It comes from the Latin word for gold, ''aurum''.', 'a5bd1049-8fe0-42cf-a035-e537c9800504', null, '2026-01-11T22:35:21.199947Z'),
('f829fa39-f337-4631-9828-0b1468b0a3bc', '2026-01-11T22:35:21.198026Z', 'Playing th', 'Playing the guitar is a popular choice.', 'ed5fa731-430b-4b90-a3f7-96f555a51833', null, '2026-01-11T22:35:21.198026Z'),
('cd72943c-ebaa-4fb0-982b-966dfb8c148b', '2026-01-11T22:35:21.199845Z', 'Reducing f', 'Reducing food waste by planning meals and composting.', '4f0dfc9f-ca4a-4afb-97ff-fa2ea7df3bd3', null, '2026-01-11T22:35:21.199845Z'),
('c1eab748-3408-4179-8421-64bf95ee5541', '2026-01-11T22:35:21.199858Z', 'Choosing t', 'Choosing to walk, bike, or take public transit instead of driving.', '4f0dfc9f-ca4a-4afb-97ff-fa2ea7df3bd3', null, '2026-01-11T22:35:21.199858Z'),
('1e339f71-efab-4cb3-85b4-634479537846', '2026-01-11T22:35:21.199866Z', 'Using a re', 'Using a reusable water bottle and coffee cup.', '4f0dfc9f-ca4a-4afb-97ff-fa2ea7df3bd3', null, '2026-01-11T22:35:21.199866Z'),
('cd0d824d-8519-45f8-b38b-c1c392de3c0f', '2026-01-11T22:35:21.200089Z', 'The printi', 'The printing press revolutionized communication and the spread of knowledge.', '4a6e9a9a-1499-4688-a05b-05279cfc0e23', null, '2026-01-11T22:35:21.200089Z'),
('21adfb2b-f663-418e-b68f-517301c45d74', '2026-01-11T22:35:21.200098Z', 'The intern', 'The internet has connected the world in unprecedented ways.', '4a6e9a9a-1499-4688-a05b-05279cfc0e23', null, '2026-01-11T22:35:21.200098Z'),
('3b4d58a2-efe0-482f-a2ab-0fa20a6d16a5', '2026-01-11T22:35:21.200105Z', 'The discov', 'The discovery and harnessing of electricity transformed modern life.', '4a6e9a9a-1499-4688-a05b-05279cfc0e23', null, '2026-01-11T22:35:21.200105Z'),
('e82b4ad9-555c-4ad5-a81b-01c7ed8255c8', '2026-01-11T22:35:21.199568Z', 'Stick to a', 'Stick to a regular routine and schedule.', 'cd07bea8-47d6-40ea-b4e4-b44caa373d1e', null, '2026-01-11T22:35:21.199568Z'),
('d2d1c33b-4967-4aa3-989a-5f6d4c6b8a0d', '2026-01-11T22:35:21.199582Z', 'Minimize d', 'Minimize distractions by turning off notifications.', 'cd07bea8-47d6-40ea-b4e4-b44caa373d1e', null, '2026-01-11T22:35:21.199582Z'),
('1ab3aad6-2b6f-40b4-8677-0138d038f43e', '2026-01-11T22:35:21.199595Z', 'Create a d', 'Create a dedicated workspace.', 'cd07bea8-47d6-40ea-b4e4-b44caa373d1e', null, '2026-01-11T22:35:21.199595Z'),
('40994bcd-62de-4c75-9c83-96583cd678b8', '2026-01-11T22:35:21.200045Z', 'The unique', 'The unique architecture and history.', 'ceb51e2b-2d90-46c6-b417-d70b090abb89', null, '2026-01-11T22:35:21.200045Z'),
('6f755c3f-d2ae-40e9-a5be-27cc3659f44c', '2026-01-11T22:35:21.199696Z', 'Finding a ', 'Finding a good mentor can accelerate learning.', '6a1848fc-4f1e-4016-ba1a-495dd87344b4', null, '2026-01-11T22:35:21.199696Z'),
('d5a8bfd1-b3e9-4b22-88a8-26bb1fc2b7bd', '2026-01-11T22:35:21.199709Z', 'Taking str', 'Taking structured online courses can be very effective.', '6a1848fc-4f1e-4016-ba1a-495dd87344b4', null, '2026-01-11T22:35:21.199709Z'),
('09d56ee6-50ab-4cfb-a9bf-631c1c836a4c', '2026-01-11T22:35:21.199356Z', 'Teamwork a', 'Teamwork and communication in multiplayer games.', '3043e215-b2a6-47ce-9558-9043934ee563', null, '2026-01-11T22:35:21.199356Z'),
('bf080863-1354-4b98-a78b-2d050b3158af', '2026-01-11T22:35:21.200159Z', '''The Star', '''The Starry Night'' by Vincent van Gogh.', 'd318d0c8-8dc2-4835-8952-3af15612cc07', null, '2026-01-11T22:35:21.200159Z'),
('11ff11d3-b941-41bc-a6f9-0cd4b23fc217', '2026-01-11T22:35:21.200174Z', 'Listening ', 'Listening to calming music.', '1a7e0a35-975f-4ac0-9793-10c8c272697d', null, '2026-01-11T22:35:21.200174Z'),
('55c35554-0f32-4955-9491-a84ebab74ffe', '2026-01-11T22:35:21.200188Z', 'Practicing', 'Practicing mindfulness or meditation.', '1a7e0a35-975f-4ac0-9793-10c8c272697d', null, '2026-01-11T22:35:21.200188Z'),
('707fc2d6-30ac-49bd-808b-d38d321f2a49', '2026-01-11T22:35:21.201012Z', 'Give them ', 'Give them a sincere compliment.', 'e038d4a5-bd8a-4137-9d24-bb5fd236c83e', null, '2026-01-11T22:35:21.201012Z'),
('c396f9d1-0e27-47e8-8e98-b42a9cbf053e', '2026-01-11T22:35:21.201023Z', 'Comment on', 'Comment on something you have in common, like the event you''re both at.', 'e038d4a5-bd8a-4137-9d24-bb5fd236c83e', null, '2026-01-11T22:35:21.201023Z'),
('cdc26685-1788-4088-a080-71decf6babdc', '2026-01-11T22:35:21.201030Z', 'Ask them a', 'Ask them about their hobbies or interests.', 'e038d4a5-bd8a-4137-9d24-bb5fd236c83e', null, '2026-01-11T22:35:21.201030Z'),
('6b8db37c-868e-4114-96ae-c79666da84c9', '2026-01-11T22:35:21.199878Z', '100°C', '100°C', 'b68f05b2-f726-4a2c-ac5c-cfe026461aac', null, '2026-01-11T22:35:21.199878Z'),
('aac0a37c-56aa-4820-bc7b-6058f7b7d3f9', '2026-01-11T22:35:21.199889Z', '212°F', '212°F', 'b68f05b2-f726-4a2c-ac5c-cfe026461aac', null, '2026-01-11T22:35:21.199889Z'),
('def56cc8-e5dd-40f1-872b-7e50426d9744', '2026-01-11T22:35:21.197730Z', 'It can imp', 'It can improve focus and concentration.', '5763380b-00de-4e1c-acc5-16e5cfc7b50f', null, '2026-01-11T22:35:21.197730Z'),
('5ed958a4-33d9-4180-a5bb-99a7a8305b7f', '2026-01-11T22:35:21.197758Z', 'It can pro', 'It can promote a sense of inner peace and well-being.', '5763380b-00de-4e1c-acc5-16e5cfc7b50f', null, '2026-01-11T22:35:21.197758Z'),
('3431ec7a-7ba2-47d9-9f1a-25c632e7dcfb', '2026-01-11T22:35:21.199303Z', 'Financial ', 'Financial literacy and how to manage a budget.', '487ce1b3-6053-4145-abb9-fe60ede88f0e', null, '2026-01-11T22:35:21.199303Z'),
('0bab2d87-424c-42d7-bb5d-2f7cb0014093', '2026-01-11T22:35:21.199313Z', 'How to coo', 'How to cook a few simple, healthy meals.', '487ce1b3-6053-4145-abb9-fe60ede88f0e', null, '2026-01-11T22:35:21.199313Z'),
('badaa796-3d8f-4c80-b60b-0bcd99b4b2c0', '2026-01-11T22:35:21.200124Z', 'Alexander ', 'Alexander Fleming in 1928.', 'd8c3324a-0277-4334-9502-574cff707308', null, '2026-01-11T22:35:21.200124Z'),
('6f10f8ed-fc2d-4894-81fb-b6564ca862ce', '2026-01-11T22:35:21.198301Z', 'Leonardo d', 'Leonardo da Vinci', 'd82b4b0b-df32-40ba-b3b3-6699f0c66c74', null, '2026-01-11T22:35:21.198301Z'),
('100bff59-e685-47cf-a470-da0a5344f206', '2026-01-11T22:35:21.198345Z', 'It''s one ', 'It''s one of the most famous works of art in the world.', 'd82b4b0b-df32-40ba-b3b3-6699f0c66c74', null, '2026-01-11T22:35:21.198345Z'),
('9059afdb-feb1-4586-8ae1-36a9ef003db2', '2026-01-11T22:35:21.198127Z', 'Earth.', 'Earth.', '64f2d523-2188-41dd-beb8-bb4360681e4b', null, '2026-01-11T22:35:21.198127Z'),
('c072cd29-757a-4388-8837-4c24026ffe68', '2026-01-11T22:35:21.198157Z', 'Saturn.', 'Saturn.', '64f2d523-2188-41dd-beb8-bb4360681e4b', null, '2026-01-11T22:35:21.198157Z'),
('aa8cea6d-338b-4c23-935d-8ae90e15b0dc', '2026-01-11T22:35:21.198184Z', 'Jupiter.', 'Jupiter.', '64f2d523-2188-41dd-beb8-bb4360681e4b', null, '2026-01-11T22:35:21.198184Z'),
('029348dd-b524-4ef0-b08f-fa41873a06b0', '2026-01-11T22:35:21.200055Z', 'That graph', 'That graphic designers just ''make things pretty''.', '341f92bb-a2ae-46d4-9ffd-a695f5adbf69', null, '2026-01-11T22:35:21.200055Z'),
('3b93f5bc-827b-45dc-b3e1-fe1eebc33bf2', '2026-01-11T22:35:21.200066Z', 'That all p', 'That all programmers are introverted and work in isolation.', '341f92bb-a2ae-46d4-9ffd-a695f5adbf69', null, '2026-01-11T22:35:21.200066Z'),
('bc287c3c-9c7f-420f-9dc6-f69ec7dbaa8f', '2026-01-11T22:35:21.198811Z', 'Building a', 'Building a strong professional network is vital.', '913a02ed-cdf0-42ab-a4b1-e2cdec3204f3', null, '2026-01-11T22:35:21.198811Z'),
('8e7bfe5e-c0d4-436d-9c51-6eaac384a820', '2026-01-11T22:35:21.198832Z', 'Continuous', 'Continuous learning and adapting to new challenges is essential for long-term success.', '913a02ed-cdf0-42ab-a4b1-e2cdec3204f3', null, '2026-01-11T22:35:21.198832Z'),
('13080acc-5329-468f-833c-e11f5791d838', '2026-01-11T22:35:21.198858Z', 'Hard work ', 'Hard work and perseverance are non-negotiable.', '913a02ed-cdf0-42ab-a4b1-e2cdec3204f3', null, '2026-01-11T22:35:21.198858Z'),
('b2f88f2e-2da9-495f-bae4-5e629dc49d99', '2026-01-11T22:35:21.199643Z', 'Seeing my ', 'Seeing my favorite band play live for the first time.', '56b4f187-2714-4549-88b6-ce2e956a0bb0', null, '2026-01-11T22:35:21.199643Z'),
('d287231f-9d24-4d0f-8a26-3bd90774d73c', '2026-01-11T22:35:21.200987Z', 'Dogs are k', 'Dogs are known for their loyalty and companionship.', '252a48b0-9a09-48c0-9081-ee03a3688792', null, '2026-01-11T22:35:21.200987Z'),
('acf91072-5963-4e41-bd02-17e670a55244', '2026-01-11T22:35:21.200996Z', 'Cats are i', 'Cats are independent and mysterious creatures.', '252a48b0-9a09-48c0-9081-ee03a3688792', null, '2026-01-11T22:35:21.200996Z'),
('90bb9aa7-2005-4a75-a230-62b8804b2fc8', '2026-01-11T22:35:21.201003Z', 'Elephants ', 'Elephants are intelligent and majestic animals.', '252a48b0-9a09-48c0-9081-ee03a3688792', null, '2026-01-11T22:35:21.201003Z'),
('f0d34690-375c-43ee-8e41-219fa0a9d173', '2026-01-11T22:35:21.197390Z', 'Shared val', 'Shared values and mutual respect are essential.', '5346560d-1c22-442b-ae01-bd0aa9c7756e', null, '2026-01-11T22:35:21.197390Z'),
('ceeca861-3558-4e97-bc83-b5e6abd285d6', '2026-01-11T22:35:21.198055Z', 'Low-rise j', 'Low-rise jeans.', '18117606-d17c-4759-852b-eceaa89456b4', null, '2026-01-11T22:35:21.198055Z'),
('83808cd0-62bd-470c-9d6c-ac283bcd4dd4', '2026-01-11T22:35:21.198073Z', 'Crocs.', 'Crocs.', '18117606-d17c-4759-852b-eceaa89456b4', null, '2026-01-11T22:35:21.198073Z'),
('a828f5a6-e715-487a-bf60-b997219e1fc6', '2026-01-11T22:35:21.199096Z', 'It''s a gr', 'It''s a great way to reduce stress and improve mental well-being.', '3d825203-4217-496d-a5e7-335c74ad5373', null, '2026-01-11T22:35:21.199096Z'),
('11428b4d-2fd0-4ab4-a5c0-6a956f8e0398', '2026-01-11T22:35:21.199123Z', 'Regular ex', 'Regular exercise can boost energy levels and improve sleep quality.', '3d825203-4217-496d-a5e7-335c74ad5373', null, '2026-01-11T22:35:21.199123Z'),
('1b4ecb7a-2a04-4fb7-b33d-6c08f0dc891a', '2026-01-11T22:35:21.199912Z', 'Scrambled ', 'Scrambled eggs are a quick and nutritious breakfast.', '0c189cda-72fa-4afc-9e80-0780251716c7', null, '2026-01-11T22:35:21.199912Z'),
('e93c7650-d630-4801-9196-8880c1b62d87', '2026-01-11T22:35:21.199920Z', 'Spaghetti ', 'Spaghetti Aglio e Olio is a classic Italian dish with just a few ingredients.', '0c189cda-72fa-4afc-9e80-0780251716c7', null, '2026-01-11T22:35:21.199920Z'),
('84db8f64-c5f7-4773-b99d-ea6373c64863', '2026-01-11T22:35:21.199929Z', 'A grilled ', 'A grilled cheese sandwich is a comforting and easy meal.', '0c189cda-72fa-4afc-9e80-0780251716c7', null, '2026-01-11T22:35:21.199929Z'),
('8febbc53-c0b4-4567-b8fb-cbb536a1ac08', '2026-01-11T22:35:21.197947Z', '''How can ', '''How can I help you with that?''', '0bc250c4-9830-4f7f-9683-66fb193644fd', null, '2026-01-11T22:35:21.197947Z'),
('b69d86ec-e5be-4ef9-ac27-55944f9dbfec', '2026-01-11T22:35:21.199743Z', 'Green', 'Green', 'c5bac11a-ae93-40f8-b28c-2dc0358f3895', null, '2026-01-11T22:35:21.199743Z'),
('acc89f61-c887-412a-8ff5-b1b5423dfc8c', '2026-01-11T22:35:21.199751Z', 'Blue', 'Blue', 'c5bac11a-ae93-40f8-b28c-2dc0358f3895', null, '2026-01-11T22:35:21.199751Z'),
('905047a8-cfe5-47ec-b075-046cd626e937', '2026-01-11T22:35:21.197590Z', 'Natural cl', 'Natural climate cycles have always existed, but the current rate of change is unprecedented.', 'c482fa86-1d88-441a-9d6c-7aafc0c4cdca', null, '2026-01-11T22:35:21.197590Z'),
('de7fa971-b413-4640-9962-1c2ffc9376d8', '2026-01-11T22:35:21.197610Z', 'The scient', 'The scientific consensus is that it''s primarily caused by human activities, especially the burning of fossil fuels.', 'c482fa86-1d88-441a-9d6c-7aafc0c4cdca', null, '2026-01-11T22:35:21.197610Z'),
('8233a862-1ca2-42b6-a383-03339fd16b99', '2026-01-11T22:35:21.199139Z', 'The Atlant', 'The Atlantic Ocean', '7f79386d-75ec-4b03-9a75-43cc9b8d9279', null, '2026-01-11T22:35:21.199139Z'),
('a204b81d-19ce-48c4-997c-b47f9f3de339', '2026-01-11T22:35:21.199170Z', 'The Pacifi', 'The Pacific Ocean', '7f79386d-75ec-4b03-9a75-43cc9b8d9279', null, '2026-01-11T22:35:21.199170Z'),
('175bb166-cc38-43a2-8de0-475492854e3f', '2026-01-11T22:35:21.199186Z', 'The Indian', 'The Indian Ocean', '7f79386d-75ec-4b03-9a75-43cc9b8d9279', null, '2026-01-11T22:35:21.199186Z'),
('c44f51a2-7034-4872-8c7d-b46a55e99626', '2026-01-11T22:35:21.199213Z', 'The Arctic', 'The Arctic Ocean', '7f79386d-75ec-4b03-9a75-43cc9b8d9279', null, '2026-01-11T22:35:21.199213Z'),
('6eb87a27-3ead-4948-a153-9cca465214b7', '2026-01-11T22:35:21.199238Z', 'The Southe', 'The Southern (Antarctic) Ocean', '7f79386d-75ec-4b03-9a75-43cc9b8d9279', null, '2026-01-11T22:35:21.199238Z'),
('6c55e0a8-8d62-4e99-956f-8aa8edcc9e0b', '2026-01-11T22:35:21.197899Z', 'Have a mov', 'Have a movie marathon.', '042fd0a3-9159-47e1-9a30-0bd08bbf4c60', null, '2026-01-11T22:35:21.197899Z'),
('a0fa8d8f-c30b-4f27-8b9f-408e3f911e07', '2026-01-11T22:35:21.197919Z', 'Bake somet', 'Bake something delicious.', '042fd0a3-9159-47e1-9a30-0bd08bbf4c60', null, '2026-01-11T22:35:21.197919Z'),
('408a3deb-1d4e-4cf6-9870-82ec8e278eec', '2026-01-11T22:35:21.200835Z', 'That we on', 'That we only use 10% of our brains.', 'cb490c09-9d5e-4add-a7d8-bdf00b39476e', null, '2026-01-11T22:35:21.200835Z'),
('c75eafe3-ae10-44ac-8142-3c07964404f1', '2026-01-11T22:35:21.197293Z', '''This too', '''This too shall pass'' is a reminder that difficult times are temporary.', '70797d94-e628-4a98-ae71-57da764f621c', null, '2026-01-11T22:35:21.197293Z'),
('980c5122-5a1e-4161-bd5e-e9407609cff3', '2026-01-11T22:35:21.197339Z', '''The only', '''The only way to do great work is to love what you do'' is a quote by Steve Jobs.', '70797d94-e628-4a98-ae71-57da764f621c', null, '2026-01-11T22:35:21.197339Z'),
('5e5058cd-8a95-4da7-82a8-bb80e7a61f38', '2026-01-11T22:35:21.197361Z', '''Be yours', '''Be yourself; everyone else is already taken'' is a quote by Oscar Wilde.', '70797d94-e628-4a98-ae71-57da764f621c', null, '2026-01-11T22:35:21.197361Z'),
('2c9854be-31f0-4d6b-9685-b898d6b075ad', '2026-01-11T22:35:21.200343Z', 'The Japane', 'The Japanese Yen (JPY).', 'da049db7-e719-4d92-903e-35ba6c884205', null, '2026-01-11T22:35:21.200343Z'),
('37768f77-1043-45f3-be9c-32f62983f700', '2026-01-11T22:35:21.199252Z', 'Absolutely', 'Absolutely not, it''s a culinary crime.', '818a00e8-af32-4987-b239-705760e80854', null, '2026-01-11T22:35:21.199252Z'),
('15aac586-c79b-467f-869d-9566b3a93871', '2026-01-11T22:35:21.199267Z', 'It''s a ma', 'It''s a matter of personal taste.', '818a00e8-af32-4987-b239-705760e80854', null, '2026-01-11T22:35:21.199267Z'),
('57191531-15d3-4c05-b80f-355157196c6f', '2026-01-11T22:35:21.197708Z', 'That you c', 'That you can function on just a few hours of sleep.', 'a579aedd-1097-43d1-ad3c-427aab168c4d', null, '2026-01-11T22:35:21.197708Z'),
('01f8f3d4-38fd-4e8c-8431-2f94c782b79f', '2026-01-11T22:35:21.198723Z', 'Italian fo', 'Italian food is classic comfort food.', '660d85d4-ce4f-4904-824a-c8b3453f7313', null, '2026-01-11T22:35:21.198723Z'),
('67e41f17-7178-40f4-8e7c-77b829aadc75', '2026-01-11T22:35:21.199900Z', 'It''s okay', 'It''s okay to not have everything figured out.', 'bfaaf18a-7681-4bea-8054-5cc324e9c5d2', null, '2026-01-11T22:35:21.199900Z'),
('86ae3826-89fd-43f2-ba0f-bdc798658b49', '2026-01-11T22:35:21.200256Z', 'Global pov', 'Global poverty and inequality are major concerns.', '29180577-2bfb-4ea8-a5da-0852a95d7a0c', null, '2026-01-11T22:35:21.200256Z'),
('f1ed0b59-775a-4419-b282-f8b7fc8244e2', '2026-01-11T22:35:21.200263Z', 'Political ', 'Political instability and conflict can have devastating consequences.', '29180577-2bfb-4ea8-a5da-0852a95d7a0c', null, '2026-01-11T22:35:21.200263Z'),
('f4c1aacd-5acd-4f16-a0bc-443301722212', '2026-01-11T22:35:21.200273Z', 'Climate ch', 'Climate change is an existential threat to our planet.', '29180577-2bfb-4ea8-a5da-0852a95d7a0c', null, '2026-01-11T22:35:21.200273Z'),
('2bdf20f5-017e-4d1f-9fd2-55343fa8dee9', '2026-01-11T22:35:21.200405Z', 'Seeing the', 'Seeing the Northern Lights in Iceland.', '9d4359b6-3cb5-4d61-8fea-9335cbc2b4ba', null, '2026-01-11T22:35:21.200405Z'),
('265561bb-45a5-4ecb-89cc-2c960c6e5b2b', '2026-01-11T22:35:21.200414Z', 'Going on a', 'Going on a safari in the Serengeti.', '9d4359b6-3cb5-4d61-8fea-9335cbc2b4ba', null, '2026-01-11T22:35:21.200414Z'),
('1a91eb87-c864-47c4-956b-446c995db32e', '2026-01-11T22:35:21.200424Z', 'Exploring ', 'Exploring the ancient ruins of Machu Picchu in Peru.', '9d4359b6-3cb5-4d61-8fea-9335cbc2b4ba', null, '2026-01-11T22:35:21.200424Z'),
('971466a9-87ee-491d-9c81-6b4f53d32730', '2026-01-11T22:35:21.198630Z', 'A fresh, c', 'A fresh, crisp apple.', '3548d476-e391-40d0-841f-52463e49d9ef', null, '2026-01-11T22:35:21.198630Z')
;
INSERT INTO brbl_logic.routes
    (id, platform, channel, default_node_id, customer_id, status, created_at, updated_at)
    VALUES
('0f0268c1-76ca-4481-8609-fc32946d4f19', 'S', '114723014631', '005c92bd-3df0-4a42-8f1b-408f657a4bf9', 'e77e3e7b-9042-9941-c1fd-5e5e41788479', 'ACTIVE', '2026-01-11T22:35:21.204457Z', '2026-01-11T22:35:21.204466Z'),
('030e9111-2380-4bc5-87ae-3cf6b46b8a1b', 'S', '119833735295', '227851ca-5ea0-4ae7-8d1e-adae4aac17b1', 'e77e3e7b-9042-9941-c1fd-5e5e41788479', 'ACTIVE', '2026-01-11T22:35:21.205315Z', '2026-01-11T22:35:21.205315Z'),
('3b6e5788-2d9b-455d-b0d8-2fbcf38a8e90', 'S', '118629000363', 'd36519ed-af89-46d8-ac4d-73a98ad08746', 'e77e3e7b-9042-9941-c1fd-5e5e41788479', 'ACTIVE', '2026-01-11T22:35:21.205447Z', '2026-01-11T22:35:21.205448Z'),
('6e62b6ed-3615-43f0-a96e-e9c7d31ad823', 'S', '112525477439', '92c680a9-ed5b-4735-b339-e19faf61eb1c', 'e77e3e7b-9042-9941-c1fd-5e5e41788479', 'ACTIVE', '2026-01-11T22:35:21.205533Z', '2026-01-11T22:35:21.205533Z'),
('4b91cc68-66ce-4c86-b80f-c108432264b3', 'S', '114722700892', '45b1c026-5064-4320-b634-ff22422f4ee1', 'e77e3e7b-9042-9941-c1fd-5e5e41788479', 'ACTIVE', '2026-01-11T22:35:21.205583Z', '2026-01-11T22:35:21.205583Z'),
('06c22f08-df44-4a7b-ae81-ca358307300a', 'S', '119834218383', '40d1985e-c35e-47f3-80a2-9a556854b7cc', 'e77e3e7b-9042-9941-c1fd-5e5e41788479', 'ACTIVE', '2026-01-11T22:35:21.205647Z', '2026-01-11T22:35:21.205647Z'),
('cf84f3e9-6ac1-4611-94fb-9e8187ce125c', 'S', '113055603960', '16c20899-29c3-42dd-8c49-f9c6c7fb71a0', 'e77e3e7b-9042-9941-c1fd-5e5e41788479', 'ACTIVE', '2026-01-11T22:35:21.205695Z', '2026-01-11T22:35:21.205695Z'),
('681b8ad6-7bb7-4156-8f06-171edfe501c1', 'S', '114724818814', 'b00ea22f-a8e5-4a08-bc04-60adae533dcc', 'e77e3e7b-9042-9941-c1fd-5e5e41788479', 'ACTIVE', '2026-01-11T22:35:21.205760Z', '2026-01-11T22:35:21.205760Z'),
('6d4ac4f9-a791-4feb-b449-be91fb4a5a7d', 'S', '112314985349', '85851148-0fcf-4936-844c-70ef4dc63b14', 'e77e3e7b-9042-9941-c1fd-5e5e41788479', 'ACTIVE', '2026-01-11T22:35:21.205823Z', '2026-01-11T22:35:21.205823Z'),
('25888679-19e8-40b7-a762-cc780ccfd74d', 'S', '114794776748', '12c5fb0c-ca91-42e7-97ee-5801d82fb920', 'e77e3e7b-9042-9941-c1fd-5e5e41788479', 'ACTIVE', '2026-01-11T22:35:21.205873Z', '2026-01-11T22:35:21.205873Z'),
('854ff773-5517-4195-8c37-144313efbcd4', 'S', '112742738161', 'f825a58e-047b-4041-812c-c58f25d50665', 'e77e3e7b-9042-9941-c1fd-5e5e41788479', 'ACTIVE', '2026-01-11T22:35:21.205921Z', '2026-01-11T22:35:21.205921Z'),
('f8702444-1def-44b0-ab4b-ffffce18fc80', 'S', '114723165691', '24092dd0-4148-4f86-9bd5-de7ca1da403d', 'e77e3e7b-9042-9941-c1fd-5e5e41788479', 'ACTIVE', '2026-01-11T22:35:21.206017Z', '2026-01-11T22:35:21.206017Z'),
('8155e488-07c4-4ac4-9a7e-74c5d3c8a793', 'S', '113515303312', 'dbb95dd7-1d67-41e7-8938-5b02b1d75a60', 'e77e3e7b-9042-9941-c1fd-5e5e41788479', 'ACTIVE', '2026-01-11T22:35:21.206071Z', '2026-01-11T22:35:21.206071Z'),
('3308c883-c491-4b09-92cb-fc6defb4e092', 'S', '117267466385', 'e10a0865-7001-43cc-aa2c-02c32ace5338', 'e77e3e7b-9042-9941-c1fd-5e5e41788479', 'ACTIVE', '2026-01-11T22:35:21.206122Z', '2026-01-11T22:35:21.206122Z'),
('622f2144-9932-48f9-922b-d3a64e2b23b5', 'S', '113052243963', 'b6b227c4-3d0c-4e09-bae9-b81f4a6e06a7', 'e77e3e7b-9042-9941-c1fd-5e5e41788479', 'ACTIVE', '2026-01-11T22:35:21.206169Z', '2026-01-11T22:35:21.206169Z'),
('8be31ed4-d17e-4661-ab52-aa937564a819', 'S', '119834369746', 'a84c5ac0-640d-48d1-b9de-b6df9031ad71', 'e77e3e7b-9042-9941-c1fd-5e5e41788479', 'ACTIVE', '2026-01-11T22:35:21.206231Z', '2026-01-11T22:35:21.206231Z'),
('b8cd726f-c96d-421c-9e49-cab561da3f86', 'S', '113057914324', '6664b23f-7b1c-4bab-88fe-60e271041272', 'e77e3e7b-9042-9941-c1fd-5e5e41788479', 'ACTIVE', '2026-01-11T22:35:21.206283Z', '2026-01-11T22:35:21.206283Z'),
('e390c77c-8d29-4c08-be3f-5b966fd85887', 'S', '114724427825', '2a5d60a6-f454-4eff-ad0b-b586266c5a6d', 'e77e3e7b-9042-9941-c1fd-5e5e41788479', 'ACTIVE', '2026-01-11T22:35:21.206349Z', '2026-01-11T22:35:21.206349Z'),
('eaff9e4d-c640-4ad3-bfed-510d589807e2', 'S', '114728176660', '4d52a1a9-379d-49c5-9eee-75a5eb65aed5', 'e77e3e7b-9042-9941-c1fd-5e5e41788479', 'ACTIVE', '2026-01-11T22:35:21.206396Z', '2026-01-11T22:35:21.206396Z'),
('89dd5e98-6c7a-4ed5-bb88-0ec0717ab652', 'S', '114728330197', 'be180efc-b687-4fe0-9705-2f220d55f193', 'e77e3e7b-9042-9941-c1fd-5e5e41788479', 'ACTIVE', '2026-01-11T22:35:21.206443Z', '2026-01-11T22:35:21.206443Z'),
('462c597a-a46b-4276-9c2f-ed60615d843d', 'S', '113052292317', 'f7ab0d4b-eeaf-4ff5-abac-369604a15e9f', 'e77e3e7b-9042-9941-c1fd-5e5e41788479', 'ACTIVE', '2026-01-11T22:35:21.206501Z', '2026-01-11T22:35:21.206501Z'),
('b9b649c3-90a3-4204-82d7-7c6f84cd7c33', 'S', '119833046787', '0f749470-4def-42b7-8253-10fdeb9a19d5', 'e77e3e7b-9042-9941-c1fd-5e5e41788479', 'ACTIVE', '2026-01-11T22:35:21.206550Z', '2026-01-11T22:35:21.206550Z'),
('07882ab0-5a79-4777-bfbb-eac29b3aa083', 'S', '113059438823', '3bb19d2f-bfc5-42c5-9621-ade7c74b25b6', 'e77e3e7b-9042-9941-c1fd-5e5e41788479', 'ACTIVE', '2026-01-11T22:35:21.206603Z', '2026-01-11T22:35:21.206603Z'),
('4c15351c-07e2-4b76-99ec-1ed1190ecbdb', 'S', '119256570843', '7ff817df-241f-4034-a602-a7a206a30078', 'e77e3e7b-9042-9941-c1fd-5e5e41788479', 'ACTIVE', '2026-01-11T22:35:21.206663Z', '2026-01-11T22:35:21.206663Z'),
('892eccb4-8378-45d9-b4ed-549c97797e6e', 'S', '115857165768', 'cf0eb3ca-7fad-406f-9e67-10eee3f875d8', 'e77e3e7b-9042-9941-c1fd-5e5e41788479', 'ACTIVE', '2026-01-11T22:35:21.206712Z', '2026-01-11T22:35:21.206712Z'),
('56520078-554a-4967-9271-94af3ce427ae', 'S', '113052055301', 'dc10e323-866d-4c88-a97e-a5301e702cb4', 'e77e3e7b-9042-9941-c1fd-5e5e41788479', 'ACTIVE', '2026-01-11T22:35:21.206761Z', '2026-01-11T22:35:21.206761Z'),
('e1aff141-e4e5-48f7-aacf-665f9534166b', 'S', '119832779708', 'b95f8eb6-b523-4147-adda-aea28b29cdc8', 'e77e3e7b-9042-9941-c1fd-5e5e41788479', 'ACTIVE', '2026-01-11T22:35:21.206805Z', '2026-01-11T22:35:21.206805Z'),
('943b5bf4-4620-4035-9ff9-95d6995d2bc7', 'S', '113052064709', '353cfe1a-6b0d-46c9-ae3c-c8a63a61936e', 'e77e3e7b-9042-9941-c1fd-5e5e41788479', 'ACTIVE', '2026-01-11T22:35:21.206929Z', '2026-01-11T22:35:21.206929Z'),
('77b006bb-f38d-48dc-a7e6-bba5db559d7e', 'S', '113052012401', 'e1215499-cbe7-406f-9d0c-d2dbdc5372c1', 'e77e3e7b-9042-9941-c1fd-5e5e41788479', 'ACTIVE', '2026-01-11T22:35:21.206979Z', '2026-01-11T22:35:21.206979Z'),
('6c9628fd-fe1d-4a96-b95d-624f6734be75', 'S', '118599495316', 'bf81173b-e825-47ae-b719-8f1ef4bdd81a', 'e77e3e7b-9042-9941-c1fd-5e5e41788479', 'ACTIVE', '2026-01-11T22:35:21.207027Z', '2026-01-11T22:35:21.207027Z'),
('37dde383-3202-4b19-ae23-3b6ca1784920', 'S', '113052018978', 'f1b42dd1-9fb8-4c6e-995a-878a3bf68444', 'e77e3e7b-9042-9941-c1fd-5e5e41788479', 'ACTIVE', '2026-01-11T22:35:21.207102Z', '2026-01-11T22:35:21.207102Z'),
('af157303-de29-4945-bd59-088d7574d07d', 'S', '119259283097', '0dbc39b0-4505-4a4f-9555-33ccd93b8549', 'e77e3e7b-9042-9941-c1fd-5e5e41788479', 'ACTIVE', '2026-01-11T22:35:21.207159Z', '2026-01-11T22:35:21.207159Z'),
('9cd991de-39fd-4f3f-8741-771116e0c8c5', 'S', '119832046395', '8d132ced-beb6-4b99-b71f-c0bf2dbb4fde', 'e77e3e7b-9042-9941-c1fd-5e5e41788479', 'ACTIVE', '2026-01-11T22:35:21.207208Z', '2026-01-11T22:35:21.207208Z'),
('48f7614d-2aa4-48c5-8409-3f73f28bc217', 'S', '114724322952', 'f96889b3-5ee1-4da9-97f9-87c01b3744dc', 'd4ab841d-7fd2-9720-30a4-cfb0028f5cda', 'ACTIVE', '2026-01-11T22:35:21.207254Z', '2026-01-11T22:35:21.207254Z'),
('2958bc14-56b0-45b8-89a8-8e225c60f3da', 'S', '119832729503', '155c5f6c-2efa-4319-89d5-4a84f1564b6b', 'd4ab841d-7fd2-9720-30a4-cfb0028f5cda', 'ACTIVE', '2026-01-11T22:35:21.207303Z', '2026-01-11T22:35:21.207303Z'),
('48007c88-3885-4a3b-8d1c-d05ac4b535dc', 'S', '116032529497', 'f42db591-a11d-455d-bfa2-ddf1bb104421', 'd4ab841d-7fd2-9720-30a4-cfb0028f5cda', 'ACTIVE', '2026-01-11T22:35:21.207364Z', '2026-01-11T22:35:21.207364Z'),
('ba761780-c162-43c4-87cc-469e746a03f6', 'S', '112793075450', 'd3c38b27-f98d-40e6-9c38-9d2fd137bc07', 'd4ab841d-7fd2-9720-30a4-cfb0028f5cda', 'ACTIVE', '2026-01-11T22:35:21.207412Z', '2026-01-11T22:35:21.207412Z'),
('e1117b1d-f95c-4e5f-a38e-cea62f4d49fe', 'S', '119834740651', '27c877b2-33a9-4394-afba-b82c2c696258', 'd4ab841d-7fd2-9720-30a4-cfb0028f5cda', 'ACTIVE', '2026-01-11T22:35:21.207461Z', '2026-01-11T22:35:21.207461Z'),
('4183eabb-a4e5-4cea-a91b-8bd22a9183b7', 'S', '113259139138', '43a6866c-1a7a-4d4a-a224-3229c4bec96f', 'd4ab841d-7fd2-9720-30a4-cfb0028f5cda', 'ACTIVE', '2026-01-11T22:35:21.207524Z', '2026-01-11T22:35:21.207524Z'),
('efb16f54-fa20-4916-b6c9-b7d4d1653741', 'S', '116788542436', 'c83dcc9c-a79d-4163-a409-52a7baa00420', 'd4ab841d-7fd2-9720-30a4-cfb0028f5cda', 'ACTIVE', '2026-01-11T22:35:21.207576Z', '2026-01-11T22:35:21.207576Z'),
('a60cb984-c477-48c4-b22a-724cfe30933a', 'S', '113052076899', 'c1099fad-fc6b-4d3f-ab7d-451433c2f771', 'd4ab841d-7fd2-9720-30a4-cfb0028f5cda', 'ACTIVE', '2026-01-11T22:35:21.207634Z', '2026-01-11T22:35:21.207634Z'),
('7ef5fde3-80f4-464f-a0ff-cf8396f1fd12', 'S', '114723392695', 'aa1e36b9-87c1-4b37-9385-8863b2a44966', 'd4ab841d-7fd2-9720-30a4-cfb0028f5cda', 'ACTIVE', '2026-01-11T22:35:21.207685Z', '2026-01-11T22:35:21.207685Z'),
('81cb2f7e-ca39-48fc-aeea-ac7da50e2871', 'S', '112742020676', '3738950b-be97-485a-88e4-d004dbec2559', 'd4ab841d-7fd2-9720-30a4-cfb0028f5cda', 'ACTIVE', '2026-01-11T22:35:21.207735Z', '2026-01-11T22:35:21.207735Z'),
('0dea3a5e-f495-4886-85ab-a6ce44c12e1c', 'S', '112742675085', '2098bb5f-a3ff-4059-abb1-9eaf30db6e1f', 'd4ab841d-7fd2-9720-30a4-cfb0028f5cda', 'ACTIVE', '2026-01-11T22:35:21.207795Z', '2026-01-11T22:35:21.207796Z'),
('6af0efde-e435-4714-8312-dc832035e42a', 'S', '113055881135', 'b0b28727-c53f-4ae9-a22f-3d6daecb175e', 'd4ab841d-7fd2-9720-30a4-cfb0028f5cda', 'ACTIVE', '2026-01-11T22:35:21.207841Z', '2026-01-11T22:35:21.207841Z'),
('32aeeaab-f1fe-43e5-b4d0-101927e27455', 'S', '114797308267', '2816c57a-5d87-4a7b-8587-dfafe686c1d3', 'd4ab841d-7fd2-9720-30a4-cfb0028f5cda', 'ACTIVE', '2026-01-11T22:35:21.207888Z', '2026-01-11T22:35:21.207888Z'),
('637a98c6-30c4-4112-a033-6360cda1c7cc', 'S', '114722635383', 'f8837a1a-1e08-4385-a683-c087aa5b1b26', 'd4ab841d-7fd2-9720-30a4-cfb0028f5cda', 'ACTIVE', '2026-01-11T22:35:21.207941Z', '2026-01-11T22:35:21.207941Z'),
('f37774c0-f202-4b70-9978-cb346cfb559a', 'S', '113362014895', '3ad082e4-14d4-4571-9061-f37838ccbd02', 'd4ab841d-7fd2-9720-30a4-cfb0028f5cda', 'ACTIVE', '2026-01-11T22:35:21.207997Z', '2026-01-11T22:35:21.207997Z'),
('f770e986-059a-4588-8a06-489065b791ab', 'S', '112742336340', 'c29822d4-018d-420a-8015-fcaca25d058b', 'd4ab841d-7fd2-9720-30a4-cfb0028f5cda', 'ACTIVE', '2026-01-11T22:35:21.208045Z', '2026-01-11T22:35:21.208045Z'),
('ca081b18-1e88-4942-b4f7-77f2b2ff016b', 'S', '113054418864', '59d4866f-8f4c-4be6-a50b-b379e8190aba', 'd4ab841d-7fd2-9720-30a4-cfb0028f5cda', 'ACTIVE', '2026-01-11T22:35:21.208093Z', '2026-01-11T22:35:21.208093Z'),
('89827527-7798-491e-937a-a85fb51ea368', 'S', '112742469280', '97b8aaf7-6784-4c46-8d02-e2ca5ce8ce8d', 'd4ab841d-7fd2-9720-30a4-cfb0028f5cda', 'ACTIVE', '2026-01-11T22:35:21.208144Z', '2026-01-11T22:35:21.208144Z'),
('91611e42-6a54-4e4b-b0e0-a956fe9c0244', 'S', '113052290823', '714b3100-3e02-4237-9fe2-ad95bf63c312', 'd4ab841d-7fd2-9720-30a4-cfb0028f5cda', 'ACTIVE', '2026-01-11T22:35:21.208188Z', '2026-01-11T22:35:21.208188Z'),
('80d1cd24-0116-4a90-b0b7-73585726e352', 'S', '112742208272', 'e909c946-a547-4a14-a425-dcf4a8c0ef7e', 'd4ab841d-7fd2-9720-30a4-cfb0028f5cda', 'ACTIVE', '2026-01-11T22:35:21.208236Z', '2026-01-11T22:35:21.208236Z'),
('601d69e8-e7c4-4d84-9c5b-89647a3e0f04', 'S', '112742024620', '329c28aa-f6c1-40ee-ba67-135ef11ab5f7', 'd4ab841d-7fd2-9720-30a4-cfb0028f5cda', 'ACTIVE', '2026-01-11T22:35:21.208281Z', '2026-01-11T22:35:21.208281Z'),
('d8e0f0e6-9bec-4d9c-b09f-59e92c8e074d', 'S', '113052342343', '65e448c3-da73-49f3-a2bf-d7cd9e45e0ec', 'd4ab841d-7fd2-9720-30a4-cfb0028f5cda', 'ACTIVE', '2026-01-11T22:35:21.208331Z', '2026-01-11T22:35:21.208331Z'),
('b28ed545-a385-4236-887d-d2d9c30e51b1', 'S', '113054481229', 'deb9d632-1481-40d3-94ec-6bc76e18a9fe', 'd4ab841d-7fd2-9720-30a4-cfb0028f5cda', 'ACTIVE', '2026-01-11T22:35:21.208381Z', '2026-01-11T22:35:21.208381Z'),
('26e88d4f-708a-4056-b11a-ff316886a649', 'S', '113052051032', '324f7580-f71d-46b8-8fed-038e23fec250', 'd4ab841d-7fd2-9720-30a4-cfb0028f5cda', 'ACTIVE', '2026-01-11T22:35:21.208426Z', '2026-01-11T22:35:21.208426Z'),
('d45c33f2-8faa-4522-a5fc-c9b1fa8791f0', 'S', '114729713084', '06fae52e-84b5-48e4-a9ee-e0dc835e0d6e', 'd4ab841d-7fd2-9720-30a4-cfb0028f5cda', 'ACTIVE', '2026-01-11T22:35:21.208470Z', '2026-01-11T22:35:21.208470Z'),
('e68bcd18-b5cb-4c70-858c-87eb07562b3b', 'S', '113052034111', '86c6fbc3-83d6-4519-a658-41d04488c592', 'd4ab841d-7fd2-9720-30a4-cfb0028f5cda', 'ACTIVE', '2026-01-11T22:35:21.208517Z', '2026-01-11T22:35:21.208517Z'),
('cefc42f0-212d-4e44-bc36-a5c21a7819c4', 'S', '114757916962', '28bb77f4-c68b-44ce-a0ef-dc937bef5b66', 'd4ab841d-7fd2-9720-30a4-cfb0028f5cda', 'ACTIVE', '2026-01-11T22:35:21.208561Z', '2026-01-11T22:35:21.208561Z'),
('c3a2a478-ba11-4046-a3ef-7fd465e28740', 'S', '118644141351', '90887d86-920c-4f7a-a98c-e74194f09314', 'd4ab841d-7fd2-9720-30a4-cfb0028f5cda', 'ACTIVE', '2026-01-11T22:35:21.208611Z', '2026-01-11T22:35:21.208611Z'),
('fafa8af8-f2ff-42e8-9b4c-c6610e1389c7', 'S', '119838605993', 'a5bd1049-8fe0-42cf-a035-e537c9800504', 'd4ab841d-7fd2-9720-30a4-cfb0028f5cda', 'ACTIVE', '2026-01-11T22:35:21.208654Z', '2026-01-11T22:35:21.208654Z'),
('18899cb5-6ab4-4475-9564-ed206d253463', 'S', '113052409338', 'ed5fa731-430b-4b90-a3f7-96f555a51833', 'd4ab841d-7fd2-9720-30a4-cfb0028f5cda', 'ACTIVE', '2026-01-11T22:35:21.208698Z', '2026-01-11T22:35:21.208698Z'),
('22e44c46-cddb-4123-b150-6ca456eb36c1', 'S', '112742084815', '4f0dfc9f-ca4a-4afb-97ff-fa2ea7df3bd3', 'd4ab841d-7fd2-9720-30a4-cfb0028f5cda', 'ACTIVE', '2026-01-11T22:35:21.208752Z', '2026-01-11T22:35:21.208752Z'),
('3722efd0-41c8-44a1-8e25-3f6d208a04ea', 'S', '113052053001', '4a6e9a9a-1499-4688-a05b-05279cfc0e23', 'd4ab841d-7fd2-9720-30a4-cfb0028f5cda', 'ACTIVE', '2026-01-11T22:35:21.208801Z', '2026-01-11T22:35:21.208802Z'),
('508b19d9-8fc5-4d93-8fd4-502518f03724', 'S', '114729175982', 'cd07bea8-47d6-40ea-b4e4-b44caa373d1e', 'd4ab841d-7fd2-9720-30a4-cfb0028f5cda', 'ACTIVE', '2026-01-11T22:35:21.208842Z', '2026-01-11T22:35:21.208842Z'),
('3a6b8746-0baf-47ba-bad8-0f1f0760e233', 'S', '114723845036', 'ceb51e2b-2d90-46c6-b417-d70b090abb89', '8fcb66cd-1e16-b1b2-67e9-a61b35a5d15e', 'ACTIVE', '2026-01-11T22:35:21.208882Z', '2026-01-11T22:35:21.208882Z'),
('01c2e7c2-cf32-4bae-b2c7-eba9240e9a25', 'S', '112155964731', '6a1848fc-4f1e-4016-ba1a-495dd87344b4', '8fcb66cd-1e16-b1b2-67e9-a61b35a5d15e', 'ACTIVE', '2026-01-11T22:35:21.208926Z', '2026-01-11T22:35:21.208926Z'),
('11f055f8-007b-4c39-95de-b4cb7978cdec', 'S', '113052016190', '3043e215-b2a6-47ce-9558-9043934ee563', '8fcb66cd-1e16-b1b2-67e9-a61b35a5d15e', 'ACTIVE', '2026-01-11T22:35:21.208971Z', '2026-01-11T22:35:21.208972Z'),
('60fe0a04-88b5-4ba3-b865-fdbaf6e6cbcd', 'S', '113052533875', 'd318d0c8-8dc2-4835-8952-3af15612cc07', '8fcb66cd-1e16-b1b2-67e9-a61b35a5d15e', 'ACTIVE', '2026-01-11T22:35:21.209011Z', '2026-01-11T22:35:21.209012Z'),
('eddaffa1-cd7f-4555-b43b-e2f238a08367', 'S', '114724906704', '1a7e0a35-975f-4ac0-9793-10c8c272697d', '8fcb66cd-1e16-b1b2-67e9-a61b35a5d15e', 'ACTIVE', '2026-01-11T22:35:21.209053Z', '2026-01-11T22:35:21.209053Z'),
('ac88d8ba-57e9-4084-960b-96b8446fb657', 'S', '115404304025', 'e038d4a5-bd8a-4137-9d24-bb5fd236c83e', '8fcb66cd-1e16-b1b2-67e9-a61b35a5d15e', 'ACTIVE', '2026-01-11T22:35:21.209104Z', '2026-01-11T22:35:21.209104Z'),
('0b908c34-edb3-4bec-9df1-34ca1c2bbabf', 'S', '116783888040', 'b68f05b2-f726-4a2c-ac5c-cfe026461aac', '8fcb66cd-1e16-b1b2-67e9-a61b35a5d15e', 'ACTIVE', '2026-01-11T22:35:21.209154Z', '2026-01-11T22:35:21.209154Z'),
('fe871233-e1b5-44a0-8f11-42106750370e', 'S', '113059551388', '5763380b-00de-4e1c-acc5-16e5cfc7b50f', '8fcb66cd-1e16-b1b2-67e9-a61b35a5d15e', 'ACTIVE', '2026-01-11T22:35:21.209194Z', '2026-01-11T22:35:21.209194Z'),
('2573d910-8279-497c-91a5-ab78f65fdc4a', 'S', '113052023721', '487ce1b3-6053-4145-abb9-fe60ede88f0e', '8fcb66cd-1e16-b1b2-67e9-a61b35a5d15e', 'ACTIVE', '2026-01-11T22:35:21.209233Z', '2026-01-11T22:35:21.209233Z'),
('029a69d8-a969-4c5b-bf6f-14b4aaa06774', 'S', '113053952993', 'd8c3324a-0277-4334-9502-574cff707308', '8fcb66cd-1e16-b1b2-67e9-a61b35a5d15e', 'ACTIVE', '2026-01-11T22:35:21.209274Z', '2026-01-11T22:35:21.209274Z'),
('d28084c9-ec32-4f04-a0c0-891d1e188347', 'S', '113055741052', 'd82b4b0b-df32-40ba-b3b3-6699f0c66c74', '8fcb66cd-1e16-b1b2-67e9-a61b35a5d15e', 'ACTIVE', '2026-01-11T22:35:21.209329Z', '2026-01-11T22:35:21.209329Z'),
('ad1eae15-c03d-4658-86c2-660a16bfcf3e', 'S', '119838191221', '64f2d523-2188-41dd-beb8-bb4360681e4b', '8fcb66cd-1e16-b1b2-67e9-a61b35a5d15e', 'ACTIVE', '2026-01-11T22:35:21.209404Z', '2026-01-11T22:35:21.209404Z'),
('9c8f0a04-9b93-46c1-96e1-56a269bad18b', 'S', '119834726531', '341f92bb-a2ae-46d4-9ffd-a695f5adbf69', '8fcb66cd-1e16-b1b2-67e9-a61b35a5d15e', 'ACTIVE', '2026-01-11T22:35:21.209449Z', '2026-01-11T22:35:21.209449Z'),
('d9ffc2f3-60eb-4c53-a39a-700ba6aae7b9', 'S', '113052630938', '913a02ed-cdf0-42ab-a4b1-e2cdec3204f3', '8fcb66cd-1e16-b1b2-67e9-a61b35a5d15e', 'ACTIVE', '2026-01-11T22:35:21.209493Z', '2026-01-11T22:35:21.209493Z'),
('eec7d94c-4c4e-469e-aef9-a0c3b772f0ea', 'S', '113052049063', '56b4f187-2714-4549-88b6-ce2e956a0bb0', '8fcb66cd-1e16-b1b2-67e9-a61b35a5d15e', 'ACTIVE', '2026-01-11T22:35:21.209538Z', '2026-01-11T22:35:21.209538Z'),
('bbf9a83e-5669-4392-8565-0544aed74d9c', 'S', '113059222057', '252a48b0-9a09-48c0-9081-ee03a3688792', '8fcb66cd-1e16-b1b2-67e9-a61b35a5d15e', 'ACTIVE', '2026-01-11T22:35:21.209577Z', '2026-01-11T22:35:21.209577Z'),
('7a2225c5-6ca5-4ea6-b971-731f60d49383', 'S', '113058648611', '5346560d-1c22-442b-ae01-bd0aa9c7756e', '8fcb66cd-1e16-b1b2-67e9-a61b35a5d15e', 'ACTIVE', '2026-01-11T22:35:21.209621Z', '2026-01-11T22:35:21.209621Z'),
('ff82d0fa-73c9-48f6-93b7-5241b4b29a7c', 'S', '113052144388', '18117606-d17c-4759-852b-eceaa89456b4', '8fcb66cd-1e16-b1b2-67e9-a61b35a5d15e', 'ACTIVE', '2026-01-11T22:35:21.209662Z', '2026-01-11T22:35:21.209662Z'),
('a9d4eb56-1845-483e-84ea-d3713cd12290', 'S', '113057080844', '3d825203-4217-496d-a5e7-335c74ad5373', '8fcb66cd-1e16-b1b2-67e9-a61b35a5d15e', 'ACTIVE', '2026-01-11T22:35:21.209704Z', '2026-01-11T22:35:21.209704Z'),
('002a34fe-503d-4978-bf34-8d6d44c21a23', 'S', '113052381573', '0c189cda-72fa-4afc-9e80-0780251716c7', '8fcb66cd-1e16-b1b2-67e9-a61b35a5d15e', 'ACTIVE', '2026-01-11T22:35:21.209744Z', '2026-01-11T22:35:21.209745Z'),
('9978abb6-99fa-4060-b969-07bb6c7542f4', 'S', '114158038043', '0bc250c4-9830-4f7f-9683-66fb193644fd', '8fcb66cd-1e16-b1b2-67e9-a61b35a5d15e', 'ACTIVE', '2026-01-11T22:35:21.209786Z', '2026-01-11T22:35:21.209786Z'),
('e199e3c9-bcfa-41d5-bc8d-95b56fbcf6fa', 'S', '112742235587', 'c5bac11a-ae93-40f8-b28c-2dc0358f3895', '8fcb66cd-1e16-b1b2-67e9-a61b35a5d15e', 'ACTIVE', '2026-01-11T22:35:21.209830Z', '2026-01-11T22:35:21.209831Z'),
('28e1fa2e-7a94-432e-901c-c3d7170b401f', 'S', '113052034474', 'c482fa86-1d88-441a-9d6c-7aafc0c4cdca', '8fcb66cd-1e16-b1b2-67e9-a61b35a5d15e', 'ACTIVE', '2026-01-11T22:35:21.209888Z', '2026-01-11T22:35:21.209889Z'),
('12c6b780-036d-4a42-9120-b0e4886e6876', 'S', '113052022233', '7f79386d-75ec-4b03-9a75-43cc9b8d9279', '8fcb66cd-1e16-b1b2-67e9-a61b35a5d15e', 'ACTIVE', '2026-01-11T22:35:21.209927Z', '2026-01-11T22:35:21.209927Z'),
('0b2be7ad-ec9f-45d6-a789-157368c756c0', 'S', '114727507436', '042fd0a3-9159-47e1-9a30-0bd08bbf4c60', '8fcb66cd-1e16-b1b2-67e9-a61b35a5d15e', 'ACTIVE', '2026-01-11T22:35:21.209975Z', '2026-01-11T22:35:21.209975Z'),
('44b8ea2f-552b-4895-80d6-a7bad44d2cb6', 'S', '114729619207', 'cb490c09-9d5e-4add-a7d8-bdf00b39476e', '8fcb66cd-1e16-b1b2-67e9-a61b35a5d15e', 'ACTIVE', '2026-01-11T22:35:21.210030Z', '2026-01-11T22:35:21.210030Z'),
('9c92d868-582e-4ed0-9eac-9ef86c2ec113', 'S', '113052067608', '70797d94-e628-4a98-ae71-57da764f621c', '8fcb66cd-1e16-b1b2-67e9-a61b35a5d15e', 'ACTIVE', '2026-01-11T22:35:21.210092Z', '2026-01-11T22:35:21.210092Z'),
('2ac12d77-7c13-41c1-9af7-809eaffbf66d', 'S', '113052144089', 'da049db7-e719-4d92-903e-35ba6c884205', '8fcb66cd-1e16-b1b2-67e9-a61b35a5d15e', 'ACTIVE', '2026-01-11T22:35:21.210139Z', '2026-01-11T22:35:21.210139Z'),
('0eea5981-84f7-4f30-aaad-44b56a4a1df1', 'S', '114722377227', '818a00e8-af32-4987-b239-705760e80854', '8fcb66cd-1e16-b1b2-67e9-a61b35a5d15e', 'ACTIVE', '2026-01-11T22:35:21.210178Z', '2026-01-11T22:35:21.210178Z'),
('94f66627-d0db-44e5-bf38-44256a50559f', 'S', '112742804047', 'a579aedd-1097-43d1-ad3c-427aab168c4d', '8fcb66cd-1e16-b1b2-67e9-a61b35a5d15e', 'ACTIVE', '2026-01-11T22:35:21.210235Z', '2026-01-11T22:35:21.210235Z'),
('008e57d0-1dff-4155-a90e-bf92ff51e462', 'S', '112742369498', '660d85d4-ce4f-4904-824a-c8b3453f7313', '8fcb66cd-1e16-b1b2-67e9-a61b35a5d15e', 'ACTIVE', '2026-01-11T22:35:21.210274Z', '2026-01-11T22:35:21.210274Z'),
('17f242f9-1d87-45cd-988f-6b88b87b923f', 'S', '113055196458', 'bfaaf18a-7681-4bea-8054-5cc324e9c5d2', '8fcb66cd-1e16-b1b2-67e9-a61b35a5d15e', 'ACTIVE', '2026-01-11T22:35:21.210320Z', '2026-01-11T22:35:21.210320Z'),
('0304e0a0-4c67-4552-ab95-9603732baebc', 'S', '113053518739', '29180577-2bfb-4ea8-a5da-0852a95d7a0c', '8fcb66cd-1e16-b1b2-67e9-a61b35a5d15e', 'ACTIVE', '2026-01-11T22:35:21.210362Z', '2026-01-11T22:35:21.210362Z'),
('2c9eb430-3649-4ac0-aa74-aa997e9ed393', 'S', '113053565053', '9d4359b6-3cb5-4d61-8fea-9335cbc2b4ba', '8fcb66cd-1e16-b1b2-67e9-a61b35a5d15e', 'ACTIVE', '2026-01-11T22:35:21.210404Z', '2026-01-11T22:35:21.210404Z'),
('dcc028c9-05f1-4099-96d5-e685c3473ab8', 'S', '116039943871', '3548d476-e391-40d0-841f-52463e49d9ef', '8fcb66cd-1e16-b1b2-67e9-a61b35a5d15e', 'ACTIVE', '2026-01-11T22:35:21.210448Z', '2026-01-11T22:35:21.210448Z')
;
INSERT INTO brbl_logic.scripts
    (id, name, description, customer_id, node_id, status, language, created_at, updated_at)
    VALUES
('8ee7efea-b0dc-455f-8fd0-e48b15d897c0', 'Script 0', 'Description 0', 'e77e3e7b-9042-9941-c1fd-5e5e41788479', '005c92bd-3df0-4a42-8f1b-408f657a4bf9', 'PROD', 'ENG', '2026-01-11T22:35:21.205171Z', '2026-01-11T22:35:21.205172Z'),
('bcb721f9-8a88-4d8d-8984-36c99ad35ef8', 'Script 1', 'Description 1', 'e77e3e7b-9042-9941-c1fd-5e5e41788479', '227851ca-5ea0-4ae7-8d1e-adae4aac17b1', 'PROD', 'ENG', '2026-01-11T22:35:21.205326Z', '2026-01-11T22:35:21.205326Z'),
('5c42903d-181e-4954-9520-215742d3b822', 'Script 2', 'Description 2', 'e77e3e7b-9042-9941-c1fd-5e5e41788479', 'd36519ed-af89-46d8-ac4d-73a98ad08746', 'PROD', 'ENG', '2026-01-11T22:35:21.205455Z', '2026-01-11T22:35:21.205455Z'),
('2ebdb453-d3cd-4c60-9c57-0ff22cf2268b', 'Script 3', 'Description 3', 'e77e3e7b-9042-9941-c1fd-5e5e41788479', '92c680a9-ed5b-4735-b339-e19faf61eb1c', 'PROD', 'ENG', '2026-01-11T22:35:21.205535Z', '2026-01-11T22:35:21.205535Z'),
('19580e0d-d0a1-4201-b804-ed1cee69e894', 'Script 4', 'Description 4', 'e77e3e7b-9042-9941-c1fd-5e5e41788479', '45b1c026-5064-4320-b634-ff22422f4ee1', 'PROD', 'ENG', '2026-01-11T22:35:21.205591Z', '2026-01-11T22:35:21.205591Z'),
('01b68194-5b2b-4172-97cc-4967607cc812', 'Script 5', 'Description 5', 'e77e3e7b-9042-9941-c1fd-5e5e41788479', '40d1985e-c35e-47f3-80a2-9a556854b7cc', 'PROD', 'ENG', '2026-01-11T22:35:21.205651Z', '2026-01-11T22:35:21.205651Z'),
('bc744b59-2c3c-4b48-b440-2e8262df278f', 'Script 6', 'Description 6', 'e77e3e7b-9042-9941-c1fd-5e5e41788479', '16c20899-29c3-42dd-8c49-f9c6c7fb71a0', 'PROD', 'ENG', '2026-01-11T22:35:21.205700Z', '2026-01-11T22:35:21.205701Z'),
('2cef9597-1ef6-4a77-8b2d-82f4e7aaa814', 'Script 7', 'Description 7', 'e77e3e7b-9042-9941-c1fd-5e5e41788479', 'b00ea22f-a8e5-4a08-bc04-60adae533dcc', 'PROD', 'ENG', '2026-01-11T22:35:21.205764Z', '2026-01-11T22:35:21.205764Z'),
('8814e3a4-d146-412e-afd9-f282407aab79', 'Script 8', 'Description 8', 'e77e3e7b-9042-9941-c1fd-5e5e41788479', '85851148-0fcf-4936-844c-70ef4dc63b14', 'PROD', 'ENG', '2026-01-11T22:35:21.205825Z', '2026-01-11T22:35:21.205825Z'),
('05ead320-4497-4bbf-8335-54faa9199ade', 'Script 9', 'Description 9', 'e77e3e7b-9042-9941-c1fd-5e5e41788479', '12c5fb0c-ca91-42e7-97ee-5801d82fb920', 'PROD', 'ENG', '2026-01-11T22:35:21.205877Z', '2026-01-11T22:35:21.205877Z'),
('a1d9f520-9da9-4e70-94f1-ea21bd5ce4b4', 'Script 10', 'Description 10', 'e77e3e7b-9042-9941-c1fd-5e5e41788479', 'f825a58e-047b-4041-812c-c58f25d50665', 'PROD', 'ENG', '2026-01-11T22:35:21.205926Z', '2026-01-11T22:35:21.205926Z'),
('55d6454d-da2c-4fab-9f17-33695a8d857c', 'Script 11', 'Description 11', 'e77e3e7b-9042-9941-c1fd-5e5e41788479', '24092dd0-4148-4f86-9bd5-de7ca1da403d', 'PROD', 'ENG', '2026-01-11T22:35:21.206022Z', '2026-01-11T22:35:21.206022Z'),
('817d054c-4c0b-4b49-a317-36deb99ea5e2', 'Script 12', 'Description 12', 'e77e3e7b-9042-9941-c1fd-5e5e41788479', 'dbb95dd7-1d67-41e7-8938-5b02b1d75a60', 'PROD', 'ENG', '2026-01-11T22:35:21.206075Z', '2026-01-11T22:35:21.206075Z'),
('19129102-a9a7-42ad-9dd3-67a1f6fb4d96', 'Script 13', 'Description 13', 'e77e3e7b-9042-9941-c1fd-5e5e41788479', 'e10a0865-7001-43cc-aa2c-02c32ace5338', 'PROD', 'ENG', '2026-01-11T22:35:21.206124Z', '2026-01-11T22:35:21.206124Z'),
('7c99b070-0cbc-4a94-a258-9de37b2c0e9a', 'Script 14', 'Description 14', 'e77e3e7b-9042-9941-c1fd-5e5e41788479', 'b6b227c4-3d0c-4e09-bae9-b81f4a6e06a7', 'PROD', 'ENG', '2026-01-11T22:35:21.206173Z', '2026-01-11T22:35:21.206173Z'),
('3d8a3f1a-9113-4ef2-ab5d-55eb9320d266', 'Script 15', 'Description 15', 'e77e3e7b-9042-9941-c1fd-5e5e41788479', 'a84c5ac0-640d-48d1-b9de-b6df9031ad71', 'PROD', 'ENG', '2026-01-11T22:35:21.206236Z', '2026-01-11T22:35:21.206236Z'),
('a16c74ea-cfc6-4a3b-8bfe-5d51491b12cd', 'Script 16', 'Description 16', 'e77e3e7b-9042-9941-c1fd-5e5e41788479', '6664b23f-7b1c-4bab-88fe-60e271041272', 'PROD', 'ENG', '2026-01-11T22:35:21.206287Z', '2026-01-11T22:35:21.206288Z'),
('7ad34002-89fe-49c4-926a-f19cbe4dce91', 'Script 17', 'Description 17', 'e77e3e7b-9042-9941-c1fd-5e5e41788479', '2a5d60a6-f454-4eff-ad0b-b586266c5a6d', 'PROD', 'ENG', '2026-01-11T22:35:21.206353Z', '2026-01-11T22:35:21.206353Z'),
('4a49c52d-6458-4128-a046-cce1cf941744', 'Script 18', 'Description 18', 'e77e3e7b-9042-9941-c1fd-5e5e41788479', '4d52a1a9-379d-49c5-9eee-75a5eb65aed5', 'PROD', 'ENG', '2026-01-11T22:35:21.206398Z', '2026-01-11T22:35:21.206398Z'),
('de6b2781-2bad-48ce-acc1-0523a9f69a4f', 'Script 19', 'Description 19', 'e77e3e7b-9042-9941-c1fd-5e5e41788479', 'be180efc-b687-4fe0-9705-2f220d55f193', 'PROD', 'ENG', '2026-01-11T22:35:21.206447Z', '2026-01-11T22:35:21.206447Z'),
('33b6a1ba-5032-4e20-992c-68c0923aff63', 'Script 20', 'Description 20', 'e77e3e7b-9042-9941-c1fd-5e5e41788479', 'f7ab0d4b-eeaf-4ff5-abac-369604a15e9f', 'PROD', 'ENG', '2026-01-11T22:35:21.206507Z', '2026-01-11T22:35:21.206507Z'),
('6f7d8d02-3be0-44d1-b996-3b325e88bd7e', 'Script 21', 'Description 21', 'e77e3e7b-9042-9941-c1fd-5e5e41788479', '0f749470-4def-42b7-8253-10fdeb9a19d5', 'PROD', 'ENG', '2026-01-11T22:35:21.206554Z', '2026-01-11T22:35:21.206554Z'),
('1af82d15-4167-4999-8ea9-923fbb2cb688', 'Script 22', 'Description 22', 'e77e3e7b-9042-9941-c1fd-5e5e41788479', '3bb19d2f-bfc5-42c5-9621-ade7c74b25b6', 'PROD', 'ENG', '2026-01-11T22:35:21.206607Z', '2026-01-11T22:35:21.206607Z'),
('8d180509-267d-4a65-9bf2-ffb232a98188', 'Script 23', 'Description 23', 'e77e3e7b-9042-9941-c1fd-5e5e41788479', '7ff817df-241f-4034-a602-a7a206a30078', 'PROD', 'ENG', '2026-01-11T22:35:21.206666Z', '2026-01-11T22:35:21.206666Z'),
('5a2c79fb-97c8-4ee8-a2f4-fa6797a84361', 'Script 24', 'Description 24', 'e77e3e7b-9042-9941-c1fd-5e5e41788479', 'cf0eb3ca-7fad-406f-9e67-10eee3f875d8', 'PROD', 'ENG', '2026-01-11T22:35:21.206716Z', '2026-01-11T22:35:21.206716Z'),
('ddc105f9-a28b-478f-98a3-950f065a10ce', 'Script 25', 'Description 25', 'e77e3e7b-9042-9941-c1fd-5e5e41788479', 'dc10e323-866d-4c88-a97e-a5301e702cb4', 'PROD', 'ENG', '2026-01-11T22:35:21.206765Z', '2026-01-11T22:35:21.206765Z'),
('595b5702-9c0e-46c6-affa-06c9296061f7', 'Script 26', 'Description 26', 'e77e3e7b-9042-9941-c1fd-5e5e41788479', 'b95f8eb6-b523-4147-adda-aea28b29cdc8', 'PROD', 'ENG', '2026-01-11T22:35:21.206810Z', '2026-01-11T22:35:21.206810Z'),
('6c4b74aa-69e9-439b-80f9-9f0ae92d0677', 'Script 27', 'Description 27', 'e77e3e7b-9042-9941-c1fd-5e5e41788479', '353cfe1a-6b0d-46c9-ae3c-c8a63a61936e', 'PROD', 'ENG', '2026-01-11T22:35:21.206933Z', '2026-01-11T22:35:21.206933Z'),
('ecf2e420-fc20-4602-bd7f-a41d9eac8c6c', 'Script 28', 'Description 28', 'e77e3e7b-9042-9941-c1fd-5e5e41788479', 'e1215499-cbe7-406f-9d0c-d2dbdc5372c1', 'PROD', 'ENG', '2026-01-11T22:35:21.206980Z', '2026-01-11T22:35:21.206980Z'),
('7c9392b2-9080-4f19-add0-c74ca7206f18', 'Script 29', 'Description 29', 'e77e3e7b-9042-9941-c1fd-5e5e41788479', 'bf81173b-e825-47ae-b719-8f1ef4bdd81a', 'PROD', 'ENG', '2026-01-11T22:35:21.207031Z', '2026-01-11T22:35:21.207031Z'),
('861723c3-da19-434b-9f1d-ad8ddbc5e3b1', 'Script 30', 'Description 30', 'e77e3e7b-9042-9941-c1fd-5e5e41788479', 'f1b42dd1-9fb8-4c6e-995a-878a3bf68444', 'PROD', 'ENG', '2026-01-11T22:35:21.207107Z', '2026-01-11T22:35:21.207107Z'),
('b01b86c6-48bd-42c8-a500-ed38844f3e8a', 'Script 31', 'Description 31', 'e77e3e7b-9042-9941-c1fd-5e5e41788479', '0dbc39b0-4505-4a4f-9555-33ccd93b8549', 'PROD', 'ENG', '2026-01-11T22:35:21.207163Z', '2026-01-11T22:35:21.207163Z'),
('c0ae93c7-6049-45cb-b3e3-f452a4207aed', 'Script 32', 'Description 32', 'e77e3e7b-9042-9941-c1fd-5e5e41788479', '8d132ced-beb6-4b99-b71f-c0bf2dbb4fde', 'PROD', 'ENG', '2026-01-11T22:35:21.207212Z', '2026-01-11T22:35:21.207212Z'),
('226a42af-6682-4feb-9b93-a720fa29c9a0', 'Script 33', 'Description 33', 'd4ab841d-7fd2-9720-30a4-cfb0028f5cda', 'f96889b3-5ee1-4da9-97f9-87c01b3744dc', 'PROD', 'ENG', '2026-01-11T22:35:21.207260Z', '2026-01-11T22:35:21.207260Z'),
('0f7d54de-2e3d-46cb-a786-14742feaa241', 'Script 34', 'Description 34', 'd4ab841d-7fd2-9720-30a4-cfb0028f5cda', '155c5f6c-2efa-4319-89d5-4a84f1564b6b', 'PROD', 'ENG', '2026-01-11T22:35:21.207307Z', '2026-01-11T22:35:21.207307Z'),
('44c65365-1b3b-4b2f-91a9-93acf20426be', 'Script 35', 'Description 35', 'd4ab841d-7fd2-9720-30a4-cfb0028f5cda', 'f42db591-a11d-455d-bfa2-ddf1bb104421', 'PROD', 'ENG', '2026-01-11T22:35:21.207368Z', '2026-01-11T22:35:21.207368Z'),
('80e7e885-1b41-439e-80cc-9751091cb9c5', 'Script 36', 'Description 36', 'd4ab841d-7fd2-9720-30a4-cfb0028f5cda', 'd3c38b27-f98d-40e6-9c38-9d2fd137bc07', 'PROD', 'ENG', '2026-01-11T22:35:21.207416Z', '2026-01-11T22:35:21.207416Z'),
('294737bc-7b34-49b6-8833-be1f7b9559c7', 'Script 37', 'Description 37', 'd4ab841d-7fd2-9720-30a4-cfb0028f5cda', '27c877b2-33a9-4394-afba-b82c2c696258', 'PROD', 'ENG', '2026-01-11T22:35:21.207466Z', '2026-01-11T22:35:21.207466Z'),
('8faf5cbc-fe4c-4ade-bc1e-52e9f48f3619', 'Script 38', 'Description 38', 'd4ab841d-7fd2-9720-30a4-cfb0028f5cda', '43a6866c-1a7a-4d4a-a224-3229c4bec96f', 'PROD', 'ENG', '2026-01-11T22:35:21.207526Z', '2026-01-11T22:35:21.207526Z'),
('1886d5f7-a66f-4d44-aa6d-5b480256e39a', 'Script 39', 'Description 39', 'd4ab841d-7fd2-9720-30a4-cfb0028f5cda', 'c83dcc9c-a79d-4163-a409-52a7baa00420', 'PROD', 'ENG', '2026-01-11T22:35:21.207580Z', '2026-01-11T22:35:21.207580Z'),
('a84249a9-6f77-4250-a0c1-ed3c92ca066c', 'Script 40', 'Description 40', 'd4ab841d-7fd2-9720-30a4-cfb0028f5cda', 'c1099fad-fc6b-4d3f-ab7d-451433c2f771', 'PROD', 'ENG', '2026-01-11T22:35:21.207639Z', '2026-01-11T22:35:21.207639Z'),
('bac84cfd-9f7c-4686-9aa9-2afe5adfdb26', 'Script 41', 'Description 41', 'd4ab841d-7fd2-9720-30a4-cfb0028f5cda', 'aa1e36b9-87c1-4b37-9385-8863b2a44966', 'PROD', 'ENG', '2026-01-11T22:35:21.207690Z', '2026-01-11T22:35:21.207690Z'),
('858c206b-690c-40d5-8612-d310e394f08b', 'Script 42', 'Description 42', 'd4ab841d-7fd2-9720-30a4-cfb0028f5cda', '3738950b-be97-485a-88e4-d004dbec2559', 'PROD', 'ENG', '2026-01-11T22:35:21.207739Z', '2026-01-11T22:35:21.207739Z'),
('216e0b2f-a456-4918-a8c2-b4e6357e4719', 'Script 43', 'Description 43', 'd4ab841d-7fd2-9720-30a4-cfb0028f5cda', '2098bb5f-a3ff-4059-abb1-9eaf30db6e1f', 'PROD', 'ENG', '2026-01-11T22:35:21.207798Z', '2026-01-11T22:35:21.207798Z'),
('64e690cb-9d85-4821-ae6a-5267fea7193b', 'Script 44', 'Description 44', 'd4ab841d-7fd2-9720-30a4-cfb0028f5cda', 'b0b28727-c53f-4ae9-a22f-3d6daecb175e', 'PROD', 'ENG', '2026-01-11T22:35:21.207845Z', '2026-01-11T22:35:21.207845Z'),
('9f043b05-2211-4f1e-ac12-e56d3728b34c', 'Script 45', 'Description 45', 'd4ab841d-7fd2-9720-30a4-cfb0028f5cda', '2816c57a-5d87-4a7b-8587-dfafe686c1d3', 'PROD', 'ENG', '2026-01-11T22:35:21.207892Z', '2026-01-11T22:35:21.207892Z'),
('07f4e51f-40bb-424a-9a56-6b882914b69a', 'Script 46', 'Description 46', 'd4ab841d-7fd2-9720-30a4-cfb0028f5cda', 'f8837a1a-1e08-4385-a683-c087aa5b1b26', 'PROD', 'ENG', '2026-01-11T22:35:21.207945Z', '2026-01-11T22:35:21.207945Z'),
('294e3e68-3e87-4cf6-b375-7ddb1a80cfce', 'Script 47', 'Description 47', 'd4ab841d-7fd2-9720-30a4-cfb0028f5cda', '3ad082e4-14d4-4571-9061-f37838ccbd02', 'PROD', 'ENG', '2026-01-11T22:35:21.208001Z', '2026-01-11T22:35:21.208001Z'),
('76bdbe13-2bd0-40ad-ac93-693e94660477', 'Script 48', 'Description 48', 'd4ab841d-7fd2-9720-30a4-cfb0028f5cda', 'c29822d4-018d-420a-8015-fcaca25d058b', 'PROD', 'ENG', '2026-01-11T22:35:21.208047Z', '2026-01-11T22:35:21.208047Z'),
('d539d0a3-4fc3-490e-892c-eae91b9588eb', 'Script 49', 'Description 49', 'd4ab841d-7fd2-9720-30a4-cfb0028f5cda', '59d4866f-8f4c-4be6-a50b-b379e8190aba', 'PROD', 'ENG', '2026-01-11T22:35:21.208097Z', '2026-01-11T22:35:21.208098Z'),
('64d7a9ad-b504-4d63-8538-b37ff453bea2', 'Script 50', 'Description 50', 'd4ab841d-7fd2-9720-30a4-cfb0028f5cda', '97b8aaf7-6784-4c46-8d02-e2ca5ce8ce8d', 'PROD', 'ENG', '2026-01-11T22:35:21.208149Z', '2026-01-11T22:35:21.208149Z'),
('cd0a0537-9d0f-4afd-b521-a43199ee5560', 'Script 51', 'Description 51', 'd4ab841d-7fd2-9720-30a4-cfb0028f5cda', '714b3100-3e02-4237-9fe2-ad95bf63c312', 'PROD', 'ENG', '2026-01-11T22:35:21.208193Z', '2026-01-11T22:35:21.208193Z'),
('409a8498-4c9c-4a08-9877-8734f6fc42bb', 'Script 52', 'Description 52', 'd4ab841d-7fd2-9720-30a4-cfb0028f5cda', 'e909c946-a547-4a14-a425-dcf4a8c0ef7e', 'PROD', 'ENG', '2026-01-11T22:35:21.208240Z', '2026-01-11T22:35:21.208240Z'),
('38b9efaf-df4b-4820-904a-fbae175e3ffb', 'Script 53', 'Description 53', 'd4ab841d-7fd2-9720-30a4-cfb0028f5cda', '329c28aa-f6c1-40ee-ba67-135ef11ab5f7', 'PROD', 'ENG', '2026-01-11T22:35:21.208283Z', '2026-01-11T22:35:21.208283Z'),
('26f4f70c-c0e7-47e0-b0a2-eeac1059d06e', 'Script 54', 'Description 54', 'd4ab841d-7fd2-9720-30a4-cfb0028f5cda', '65e448c3-da73-49f3-a2bf-d7cd9e45e0ec', 'PROD', 'ENG', '2026-01-11T22:35:21.208336Z', '2026-01-11T22:35:21.208336Z'),
('9317dd35-05a8-4880-b6bf-040f0b3d4459', 'Script 55', 'Description 55', 'd4ab841d-7fd2-9720-30a4-cfb0028f5cda', 'deb9d632-1481-40d3-94ec-6bc76e18a9fe', 'PROD', 'ENG', '2026-01-11T22:35:21.208386Z', '2026-01-11T22:35:21.208386Z'),
('7996ec4d-3116-41f5-b134-6bf61a482162', 'Script 56', 'Description 56', 'd4ab841d-7fd2-9720-30a4-cfb0028f5cda', '324f7580-f71d-46b8-8fed-038e23fec250', 'PROD', 'ENG', '2026-01-11T22:35:21.208430Z', '2026-01-11T22:35:21.208430Z'),
('a6852563-fc8c-4f77-9dc5-b3af0d778336', 'Script 57', 'Description 57', 'd4ab841d-7fd2-9720-30a4-cfb0028f5cda', '06fae52e-84b5-48e4-a9ee-e0dc835e0d6e', 'PROD', 'ENG', '2026-01-11T22:35:21.208474Z', '2026-01-11T22:35:21.208475Z'),
('3914fb46-adb8-4d2a-8f8a-50f5dcbc9bb7', 'Script 58', 'Description 58', 'd4ab841d-7fd2-9720-30a4-cfb0028f5cda', '86c6fbc3-83d6-4519-a658-41d04488c592', 'PROD', 'ENG', '2026-01-11T22:35:21.208519Z', '2026-01-11T22:35:21.208519Z'),
('25c60311-c473-4743-bf83-c2bc51951bb0', 'Script 59', 'Description 59', 'd4ab841d-7fd2-9720-30a4-cfb0028f5cda', '28bb77f4-c68b-44ce-a0ef-dc937bef5b66', 'PROD', 'ENG', '2026-01-11T22:35:21.208565Z', '2026-01-11T22:35:21.208565Z'),
('7b451ed7-b2d6-42c1-b1d8-a5a0458e6f72', 'Script 60', 'Description 60', 'd4ab841d-7fd2-9720-30a4-cfb0028f5cda', '90887d86-920c-4f7a-a98c-e74194f09314', 'PROD', 'ENG', '2026-01-11T22:35:21.208615Z', '2026-01-11T22:35:21.208615Z'),
('9af45e28-a19d-44c2-bea1-f2220341c3d7', 'Script 61', 'Description 61', 'd4ab841d-7fd2-9720-30a4-cfb0028f5cda', 'a5bd1049-8fe0-42cf-a035-e537c9800504', 'PROD', 'ENG', '2026-01-11T22:35:21.208658Z', '2026-01-11T22:35:21.208658Z'),
('85ca0c47-f9e6-4028-aa0b-eabfa4f66392', 'Script 62', 'Description 62', 'd4ab841d-7fd2-9720-30a4-cfb0028f5cda', 'ed5fa731-430b-4b90-a3f7-96f555a51833', 'PROD', 'ENG', '2026-01-11T22:35:21.208702Z', '2026-01-11T22:35:21.208702Z'),
('34b69d60-5380-4f23-9f4a-648f47841d83', 'Script 63', 'Description 63', 'd4ab841d-7fd2-9720-30a4-cfb0028f5cda', '4f0dfc9f-ca4a-4afb-97ff-fa2ea7df3bd3', 'PROD', 'ENG', '2026-01-11T22:35:21.208754Z', '2026-01-11T22:35:21.208754Z'),
('db1207fa-7928-4b00-b255-a55a35a63a2c', 'Script 64', 'Description 64', 'd4ab841d-7fd2-9720-30a4-cfb0028f5cda', '4a6e9a9a-1499-4688-a05b-05279cfc0e23', 'PROD', 'ENG', '2026-01-11T22:35:21.208805Z', '2026-01-11T22:35:21.208805Z'),
('76f5fa28-d135-4a92-a80e-c3b380e8ac0e', 'Script 65', 'Description 65', 'd4ab841d-7fd2-9720-30a4-cfb0028f5cda', 'cd07bea8-47d6-40ea-b4e4-b44caa373d1e', 'PROD', 'ENG', '2026-01-11T22:35:21.208846Z', '2026-01-11T22:35:21.208846Z'),
('257576c5-6825-43fd-a3c5-72a09a4a9e60', 'Script 66', 'Description 66', '8fcb66cd-1e16-b1b2-67e9-a61b35a5d15e', 'ceb51e2b-2d90-46c6-b417-d70b090abb89', 'PROD', 'ENG', '2026-01-11T22:35:21.208886Z', '2026-01-11T22:35:21.208886Z'),
('2f6e94dd-7763-414e-b77f-07b12bbfbd84', 'Script 67', 'Description 67', '8fcb66cd-1e16-b1b2-67e9-a61b35a5d15e', '6a1848fc-4f1e-4016-ba1a-495dd87344b4', 'PROD', 'ENG', '2026-01-11T22:35:21.208929Z', '2026-01-11T22:35:21.208929Z'),
('42c70c4e-1468-457a-852c-8996d401f332', 'Script 68', 'Description 68', '8fcb66cd-1e16-b1b2-67e9-a61b35a5d15e', '3043e215-b2a6-47ce-9558-9043934ee563', 'PROD', 'ENG', '2026-01-11T22:35:21.208973Z', '2026-01-11T22:35:21.208973Z'),
('baafacaf-cb0c-4363-b43e-1c1c4a93229b', 'Script 69', 'Description 69', '8fcb66cd-1e16-b1b2-67e9-a61b35a5d15e', 'd318d0c8-8dc2-4835-8952-3af15612cc07', 'PROD', 'ENG', '2026-01-11T22:35:21.209015Z', '2026-01-11T22:35:21.209015Z'),
('52617789-fd7f-425f-a99d-f155eadfd010', 'Script 70', 'Description 70', '8fcb66cd-1e16-b1b2-67e9-a61b35a5d15e', '1a7e0a35-975f-4ac0-9793-10c8c272697d', 'PROD', 'ENG', '2026-01-11T22:35:21.209057Z', '2026-01-11T22:35:21.209057Z'),
('99836a26-ea4e-414a-8248-4ab6c6c65ecc', 'Script 71', 'Description 71', '8fcb66cd-1e16-b1b2-67e9-a61b35a5d15e', 'e038d4a5-bd8a-4137-9d24-bb5fd236c83e', 'PROD', 'ENG', '2026-01-11T22:35:21.209108Z', '2026-01-11T22:35:21.209108Z'),
('becc85c6-4e4f-4085-8bc6-5b48c62a0061', 'Script 72', 'Description 72', '8fcb66cd-1e16-b1b2-67e9-a61b35a5d15e', 'b68f05b2-f726-4a2c-ac5c-cfe026461aac', 'PROD', 'ENG', '2026-01-11T22:35:21.209157Z', '2026-01-11T22:35:21.209157Z'),
('90895cd8-0496-4ba0-bb4b-0bda0a8618af', 'Script 73', 'Description 73', '8fcb66cd-1e16-b1b2-67e9-a61b35a5d15e', '5763380b-00de-4e1c-acc5-16e5cfc7b50f', 'PROD', 'ENG', '2026-01-11T22:35:21.209196Z', '2026-01-11T22:35:21.209196Z'),
('c1ae2918-d608-4aad-8224-464742fef845', 'Script 74', 'Description 74', '8fcb66cd-1e16-b1b2-67e9-a61b35a5d15e', '487ce1b3-6053-4145-abb9-fe60ede88f0e', 'PROD', 'ENG', '2026-01-11T22:35:21.209236Z', '2026-01-11T22:35:21.209236Z'),
('cb9c74f5-f4c0-404b-afb6-8ea74401ce45', 'Script 75', 'Description 75', '8fcb66cd-1e16-b1b2-67e9-a61b35a5d15e', 'd8c3324a-0277-4334-9502-574cff707308', 'PROD', 'ENG', '2026-01-11T22:35:21.209277Z', '2026-01-11T22:35:21.209277Z'),
('db059e3a-a3bb-4729-ab8d-d80ab90b248a', 'Script 76', 'Description 76', '8fcb66cd-1e16-b1b2-67e9-a61b35a5d15e', 'd82b4b0b-df32-40ba-b3b3-6699f0c66c74', 'PROD', 'ENG', '2026-01-11T22:35:21.209333Z', '2026-01-11T22:35:21.209333Z'),
('0afff03b-d465-4b20-babc-38c219d24496', 'Script 77', 'Description 77', '8fcb66cd-1e16-b1b2-67e9-a61b35a5d15e', '64f2d523-2188-41dd-beb8-bb4360681e4b', 'PROD', 'ENG', '2026-01-11T22:35:21.209408Z', '2026-01-11T22:35:21.209409Z'),
('f69a7dd2-00ec-4e78-b32e-32d98b583828', 'Script 78', 'Description 78', '8fcb66cd-1e16-b1b2-67e9-a61b35a5d15e', '341f92bb-a2ae-46d4-9ffd-a695f5adbf69', 'PROD', 'ENG', '2026-01-11T22:35:21.209451Z', '2026-01-11T22:35:21.209451Z'),
('0f42a7c9-8274-48a7-b1e9-681b3485b678', 'Script 79', 'Description 79', '8fcb66cd-1e16-b1b2-67e9-a61b35a5d15e', '913a02ed-cdf0-42ab-a4b1-e2cdec3204f3', 'PROD', 'ENG', '2026-01-11T22:35:21.209497Z', '2026-01-11T22:35:21.209497Z'),
('c1cadc1b-9bc7-4745-bdd9-51b2584cb1db', 'Script 80', 'Description 80', '8fcb66cd-1e16-b1b2-67e9-a61b35a5d15e', '56b4f187-2714-4549-88b6-ce2e956a0bb0', 'PROD', 'ENG', '2026-01-11T22:35:21.209542Z', '2026-01-11T22:35:21.209542Z'),
('9339c050-b87f-4320-9659-569c63dbb73a', 'Script 81', 'Description 81', '8fcb66cd-1e16-b1b2-67e9-a61b35a5d15e', '252a48b0-9a09-48c0-9081-ee03a3688792', 'PROD', 'ENG', '2026-01-11T22:35:21.209581Z', '2026-01-11T22:35:21.209581Z'),
('91ee6b37-77f0-4a69-9629-72276b57001c', 'Script 82', 'Description 82', '8fcb66cd-1e16-b1b2-67e9-a61b35a5d15e', '5346560d-1c22-442b-ae01-bd0aa9c7756e', 'PROD', 'ENG', '2026-01-11T22:35:21.209625Z', '2026-01-11T22:35:21.209625Z'),
('aec292d1-8571-4198-b1b3-e049a3b00939', 'Script 83', 'Description 83', '8fcb66cd-1e16-b1b2-67e9-a61b35a5d15e', '18117606-d17c-4759-852b-eceaa89456b4', 'PROD', 'ENG', '2026-01-11T22:35:21.209664Z', '2026-01-11T22:35:21.209664Z'),
('0d45edd5-6e3d-426b-8233-d5ed2e331ef7', 'Script 84', 'Description 84', '8fcb66cd-1e16-b1b2-67e9-a61b35a5d15e', '3d825203-4217-496d-a5e7-335c74ad5373', 'PROD', 'ENG', '2026-01-11T22:35:21.209707Z', '2026-01-11T22:35:21.209707Z'),
('f7c2ca41-6773-4be8-8b95-2771386ec248', 'Script 85', 'Description 85', '8fcb66cd-1e16-b1b2-67e9-a61b35a5d15e', '0c189cda-72fa-4afc-9e80-0780251716c7', 'PROD', 'ENG', '2026-01-11T22:35:21.209748Z', '2026-01-11T22:35:21.209748Z'),
('16307c3a-113b-4391-9e2f-4f958afcfbc9', 'Script 86', 'Description 86', '8fcb66cd-1e16-b1b2-67e9-a61b35a5d15e', '0bc250c4-9830-4f7f-9683-66fb193644fd', 'PROD', 'ENG', '2026-01-11T22:35:21.209790Z', '2026-01-11T22:35:21.209790Z'),
('ede22bb9-68ec-48d1-9042-baa568bc5572', 'Script 87', 'Description 87', '8fcb66cd-1e16-b1b2-67e9-a61b35a5d15e', 'c5bac11a-ae93-40f8-b28c-2dc0358f3895', 'PROD', 'ENG', '2026-01-11T22:35:21.209834Z', '2026-01-11T22:35:21.209834Z'),
('ae7303b8-5141-4c68-80fc-1025a6fba718', 'Script 88', 'Description 88', '8fcb66cd-1e16-b1b2-67e9-a61b35a5d15e', 'c482fa86-1d88-441a-9d6c-7aafc0c4cdca', 'PROD', 'ENG', '2026-01-11T22:35:21.209891Z', '2026-01-11T22:35:21.209891Z'),
('e9b5ccc1-c2f6-4f0b-bc42-b0ceacad9d14', 'Script 89', 'Description 89', '8fcb66cd-1e16-b1b2-67e9-a61b35a5d15e', '7f79386d-75ec-4b03-9a75-43cc9b8d9279', 'PROD', 'ENG', '2026-01-11T22:35:21.209930Z', '2026-01-11T22:35:21.209930Z'),
('47087299-9097-48a6-8c77-bae4546db6d0', 'Script 90', 'Description 90', '8fcb66cd-1e16-b1b2-67e9-a61b35a5d15e', '042fd0a3-9159-47e1-9a30-0bd08bbf4c60', 'PROD', 'ENG', '2026-01-11T22:35:21.209979Z', '2026-01-11T22:35:21.209979Z'),
('423ecc27-4314-474f-92d5-bea75255374e', 'Script 91', 'Description 91', '8fcb66cd-1e16-b1b2-67e9-a61b35a5d15e', 'cb490c09-9d5e-4add-a7d8-bdf00b39476e', 'PROD', 'ENG', '2026-01-11T22:35:21.210034Z', '2026-01-11T22:35:21.210034Z'),
('cd20a44b-280a-4bd4-8c21-024213ecb5d1', 'Script 92', 'Description 92', '8fcb66cd-1e16-b1b2-67e9-a61b35a5d15e', '70797d94-e628-4a98-ae71-57da764f621c', 'PROD', 'ENG', '2026-01-11T22:35:21.210096Z', '2026-01-11T22:35:21.210096Z'),
('af9f78f7-ce2d-4d6e-8d14-7105f8222a52', 'Script 93', 'Description 93', '8fcb66cd-1e16-b1b2-67e9-a61b35a5d15e', 'da049db7-e719-4d92-903e-35ba6c884205', 'PROD', 'ENG', '2026-01-11T22:35:21.210140Z', '2026-01-11T22:35:21.210140Z'),
('480db5fc-4f0a-463f-9928-518de2cc3243', 'Script 94', 'Description 94', '8fcb66cd-1e16-b1b2-67e9-a61b35a5d15e', '818a00e8-af32-4987-b239-705760e80854', 'PROD', 'ENG', '2026-01-11T22:35:21.210182Z', '2026-01-11T22:35:21.210183Z'),
('0be8bd62-01e5-438f-aaaa-af0238c89737', 'Script 95', 'Description 95', '8fcb66cd-1e16-b1b2-67e9-a61b35a5d15e', 'a579aedd-1097-43d1-ad3c-427aab168c4d', 'PROD', 'ENG', '2026-01-11T22:35:21.210238Z', '2026-01-11T22:35:21.210239Z'),
('a5e4c507-b64f-4aae-876c-540039ff7c85', 'Script 96', 'Description 96', '8fcb66cd-1e16-b1b2-67e9-a61b35a5d15e', '660d85d4-ce4f-4904-824a-c8b3453f7313', 'PROD', 'ENG', '2026-01-11T22:35:21.210278Z', '2026-01-11T22:35:21.210278Z'),
('5db4ce31-4184-455a-92a1-cee72e17d7b9', 'Script 97', 'Description 97', '8fcb66cd-1e16-b1b2-67e9-a61b35a5d15e', 'bfaaf18a-7681-4bea-8054-5cc324e9c5d2', 'PROD', 'ENG', '2026-01-11T22:35:21.210324Z', '2026-01-11T22:35:21.210324Z'),
('c3df5603-5c3b-4260-a1d8-142f2fab8223', 'Script 98', 'Description 98', '8fcb66cd-1e16-b1b2-67e9-a61b35a5d15e', '29180577-2bfb-4ea8-a5da-0852a95d7a0c', 'PROD', 'ENG', '2026-01-11T22:35:21.210364Z', '2026-01-11T22:35:21.210364Z'),
('3798aee2-cdd7-4052-86c0-dbd49cac9ba9', 'Script 99', 'Description 99', '8fcb66cd-1e16-b1b2-67e9-a61b35a5d15e', '9d4359b6-3cb5-4d61-8fea-9335cbc2b4ba', 'PROD', 'ENG', '2026-01-11T22:35:21.210407Z', '2026-01-11T22:35:21.210407Z'),
('535c32d7-9ca8-4d3c-a539-83a105b371ca', 'Script 100', 'Description 100', '8fcb66cd-1e16-b1b2-67e9-a61b35a5d15e', '3548d476-e391-40d0-841f-52463e49d9ef', 'PROD', 'ENG', '2026-01-11T22:35:21.210452Z', '2026-01-11T22:35:21.210452Z')
;
COMMIT;
