BEGIN TRANSACTION;
INSERT INTO brbl_users.users
 (id, platform_code, platform_id, country, language, nickname, status, created_at, updated_at)
VALUES
('353e0b86-1c63-86d1-d492-2b46be91bd7d', 'S', '15749525741', 'CA', 'SPA', 'goat', 'IN', '2014-02-28T11:41:59.312Z', '2026-08-10T22:54:13.872Z'),
('7bacf71b-ed03-5e2a-1e09-62eb72f686c1', 'W', '527208291339', 'MX', 'ENG', 'cockroach', 'IN', '2019-08-31T07:29:39.066Z', '2012-05-07T07:25:19.695Z'),
('65ae4687-1253-bc68-a593-eecbdc1bd2a2', 'B', '19838657553', 'US', 'POR', 'goldfish', 'IN', '2017-12-11T16:26:07.405Z', '2022-12-08T23:57:57.703Z'),
('70d362e9-7d2e-c4a8-52fa-cf099ae49f1f', 'B', '19838966887', 'US', 'YUE', 'beaver', 'IN', '2018-10-25T16:59:39.347Z', '2016-06-26T01:08:41.754Z'),
('cc740dd6-2252-1b51-ceed-ac4e30c8e294', 'B', '13052300567', 'US', 'HAT', 'llama', 'IN', '2025-12-22T07:35:19.897Z', '2026-03-02T22:37:42.577Z'),
('31f09014-9940-e788-257b-ae2e1a16ac4e', 'W', '529832444508', 'MX', 'RUS', 'pig', 'IN', '2013-11-26T05:53:28.007Z', '2012-12-05T19:04:59.941Z'),
('f62190a7-b3bf-f7e9-bcd8-d3d61ccc3a62', 'S', '14175169088', 'CA', 'ENG', 'lizard', 'IN', '2029-03-25T14:21:17.937Z', '2024-10-02T23:40:29.896Z'),
('833fd808-99a2-fe73-6c8d-b2e2bf9d18ba', 'S', '13052708298', 'CA', 'HAT', 'gnu', 'IN', '2020-04-03T10:19:32.735Z', '2018-06-25T19:11:38.289Z'),
('9e6e83b5-849d-17c3-8aa9-c091bb419d70', 'S', '19388499747', 'CA', 'HAT', 'toad', 'IN', '2022-05-19T01:57:24.523Z', '2020-10-31T23:33:17.625Z'),
('85b66def-0436-1184-c36e-89196a51565e', 'B', '19209919110', 'US', 'ENG', 'impala', 'IN', '2020-06-12T17:14:48.377Z', '2025-04-08T21:13:57.965Z'),
('2ae9cdbd-8e29-2425-f66c-7953e6de3bf5', 'W', '523056844456', 'MX', 'YUE', 'rhinoceros', 'IN', '2013-05-09T17:54:04.398Z', '2029-04-02T22:45:01.302Z'),
('f1d35336-d289-13cd-7870-1ea3e20fbd4d', 'W', '522742400836', 'MX', 'POR', 'gerbil', 'IN', '2028-11-22T17:40:27.475Z', '2019-05-30T22:11:24.608Z'),
('44844400-d050-ec8b-7629-0113de59f97e', 'S', '14706299605', 'CA', 'HAT', 'crow', 'IN', '2015-05-10T08:12:36.996Z', '2019-03-26T22:15:26.012Z'),
('abc95c14-6dc7-cdd2-a661-7bbc71deba2d', 'W', '523056709533', 'MX', 'HAT', 'manatee', 'IN', '2023-06-04T03:57:11.197Z', '2022-12-31T21:50:44.880Z'),
('8c0676c2-8391-7923-8631-3769894b0369', 'B', '12704265755', 'US', 'FRA', 'leopard', 'IN', '2020-12-09T20:25:05.851Z', '2020-06-26T09:43:28.672Z'),
('1c3543fc-f0ac-980c-640a-2b7e555d4cb7', 'W', '523052416787', 'MX', 'CMN', 'dog', 'IN', '2012-03-16T03:07:10.176Z', '2017-10-25T20:34:46.335Z'),
('15c38dce-bc3a-ed50-121a-4914fb6db76b', 'W', '523054558347', 'MX', 'POR', 'bear', 'IN', '2011-09-14T05:51:36.962Z', '2011-06-01T18:30:26.463Z'),
('2cd1d22c-3efe-e567-237a-34683d12d639', 'W', '527692803275', 'MX', 'SPA', 'beetle', 'IN', '2013-07-03T03:25:51.012Z', '2012-10-09T13:26:55.425Z'),
('d11b34f0-3d3d-3a28-ac43-b075d992da0b', 'B', '12742246259', 'US', 'POR', 'manatee', 'IN', '2026-05-04T02:07:30.794Z', '2023-06-17T19:12:19.666Z'),
('84dc0e22-2968-9dc4-1130-a0e1467a3814', 'W', '525808264957', 'MX', 'SPA', 'fly', 'IN', '2020-05-19T09:03:33.547Z', '2011-05-06T17:25:56.969Z'),
('409c9879-13e8-a0f6-220d-c614b0ae1d24', 'B', '13052036218', 'US', 'SPA', 'mosquito', 'IN', '2015-01-18T21:55:04.290Z', '2012-08-29T22:32:08.167Z'),
('a5198421-23ac-4878-815a-97aec5e2423d', 'S', '13052003728', 'CA', 'CMN', 'hamster', 'IN', '2022-11-25T08:28:39.977Z', '2020-02-09T08:11:39.508Z'),
('efdc71bd-994c-05b8-dd21-e11b24bef667', 'S', '19833804917', 'CA', 'SPA', 'crab', 'IN', '2028-09-27T16:22:53.306Z', '2027-04-12T06:06:03.560Z'),
('cfb299b1-0a86-06cb-3fad-047f297d71c0', 'W', '522693743979', 'MX', 'ENG', 'raccoon', 'IN', '2026-03-24T21:26:27.005Z', '2014-12-23T05:00:20.343Z'),
('e4502398-a11b-11a1-6c6e-07d71a8dc5d6', 'B', '14729827633', 'US', 'RUS', 'marten', 'IN', '2027-11-03T03:45:40.632Z', '2018-06-22T06:28:30.203Z'),
('3c52f21c-15c1-5e7a-e49a-d0600e3aff39', 'B', '13052523214', 'US', 'YUE', 'hound', 'IN', '2014-09-18T13:31:05.189Z', '2027-11-11T11:31:39.548Z'),
('debfe6e5-f146-2599-81b6-3039a4774c4a', 'W', '522742658121', 'MX', 'YUE', 'sardine', 'IN', '2027-05-28T09:41:02.094Z', '2020-02-19T13:13:41.255Z'),
('f541e2f1-5a4d-d436-28e9-aa4858433d59', 'W', '523052069507', 'MX', 'ENG', 'cattle', 'IN', '2029-02-28T15:58:31.050Z', '2013-03-13T15:50:41.327Z'),
('a3220706-98ae-1cb8-aadd-105987c071ef', 'W', '529182708911', 'MX', 'CMN', 'scorpion', 'IN', '2022-09-30T05:33:42.364Z', '2023-05-08T19:49:17.272Z'),
('de64f884-2f5c-5623-8ee7-5f8dc2314767', 'S', '13058393530', 'CA', 'CMN', 'woodchuck', 'IN', '2027-05-18T06:25:36.731Z', '2021-03-01T23:46:36.924Z'),
('a4f12e60-5e9d-decf-1046-7ef1a52c5cc3', 'S', '14452901192', 'CA', 'HAT', 'mallard', 'IN', '2022-11-20T20:34:31.653Z', '2011-04-10T15:05:17.417Z'),
('d35e8a6d-60cf-765a-9ec1-c46ddf63ffbc', 'B', '19833182215', 'US', 'YUE', 'cricket', 'IN', '2026-07-07T15:56:34.797Z', '2022-05-28T08:40:24.791Z'),
('664fc2dc-4ff3-c2df-8bf5-63e16cced71a', 'S', '14729233590', 'CA', 'CMN', 'baboon', 'IN', '2017-12-29T16:26:12.956Z', '2020-12-07T22:44:29.783Z'),
('7e3a6005-5888-7567-61c3-2c88ff005e46', 'S', '12742334768', 'CA', 'CMN', 'bat', 'IN', '2019-11-12T03:28:35.416Z', '2017-08-21T20:58:10.910Z'),
('908a5266-6224-c19f-7f47-38a6ca55061d', 'B', '13052003654', 'US', 'CMN', 'platypus', 'IN', '2021-04-17T16:32:02.719Z', '2019-12-12T02:41:09.121Z'),
('845a64ec-4f5b-1ccb-be75-7361b67f0f06', 'S', '12563883769', 'CA', 'YUE', 'turtle', 'IN', '2020-05-04T22:11:38.460Z', '2024-11-17T23:30:49.344Z'),
('4ccb0f71-3f83-77fa-e76f-18eaa43e7046', 'S', '18485966985', 'CA', 'CMN', 'sheep', 'IN', '2016-01-01T12:20:40.924Z', '2028-01-31T05:06:37.909Z'),
('eb956d86-25b2-697b-d5ed-94e11bdf6092', 'B', '13055291816', 'US', 'ENG', 'cicada', 'IN', '2028-05-28T15:01:34.900Z', '2026-09-18T16:17:20.248Z'),
('ac105d70-9374-f98f-5312-62f71dc053e5', 'W', '527438090674', 'MX', 'POR', 'tortoise', 'IN', '2023-06-12T01:54:13.287Z', '2016-06-28T16:12:59.601Z'),
('25ba0b78-bb30-065f-88c1-d5d3e0d98293', 'W', '524727272581', 'MX', 'HAT', 'elephant', 'IN', '2012-12-12T17:55:12.030Z', '2020-09-07T14:17:38.188Z'),
('fdb86d5f-987d-7330-85a8-e83a484d4d9e', 'W', '523268892598', 'MX', 'SPA', 'bear', 'IN', '2029-10-28T03:50:36.245Z', '2020-06-11T05:04:21.260Z'),
('04e77230-7bd0-96d4-d86c-7c6891aa1448', 'B', '12742023155', 'US', 'CMN', 'beaver', 'IN', '2010-05-21T03:31:55.301Z', '2026-11-28T21:28:06.030Z'),
('cc33ea3a-3d4e-9d63-c782-adc4d6fb4ee9', 'W', '524724437748', 'MX', 'RUS', 'goat', 'IN', '2025-12-15T04:00:16.613Z', '2025-08-03T06:29:46.782Z'),
('f76e6b5b-605e-d12b-f01d-18b633510302', 'S', '12742823396', 'CA', 'RUS', 'herring', 'IN', '2029-05-01T16:47:48.417Z', '2028-10-04T21:20:11.407Z'),
('d7b1b580-f141-fee4-1b95-3cceb341e491', 'W', '524302311052', 'MX', 'RUS', 'oyster', 'IN', '2026-11-08T01:48:38.215Z', '2012-02-27T07:01:06.145Z'),
('4e2c5b6c-cf3f-6927-3e3a-5d325e5db8a6', 'B', '16782648186', 'US', 'POR', 'kangaroo', 'IN', '2016-02-09T21:28:32.471Z', '2014-11-11T21:26:42.772Z'),
('ced5b3b9-0be8-ff21-d672-833107cacd36', 'B', '13056836336', 'US', 'HAT', 'sardine', 'IN', '2026-02-28T06:29:59.199Z', '2026-10-03T11:54:03.589Z'),
('fc92561c-a1df-ca83-2e16-8737bca29a2e', 'S', '13058526049', 'CA', 'RUS', 'caribou', 'IN', '2029-09-25T09:06:01.055Z', '2013-08-08T08:04:44.109Z'),
('b5cca8ec-ce9c-c8bc-5c0b-43eb734edfcb', 'W', '523054814282', 'MX', 'FRA', 'coyote', 'IN', '2024-03-15T21:13:08.904Z', '2017-03-11T16:45:39.731Z'),
('35ca42e5-1251-a36a-bf98-578a8169d628', 'S', '19832958271', 'CA', 'POR', 'jackal', 'IN', '2014-03-16T02:48:03.558Z', '2024-12-20T09:41:52.484Z'),
('e44f2529-3237-fc0d-1c1f-179c9ab94218', 'B', '13052076534', 'US', 'HAT', 'hornet', 'IN', '2027-11-03T01:06:02.373Z', '2012-03-13T15:48:08.816Z'),
('86ac1186-7bdd-3efd-70da-9acd0d058335', 'S', '13166334306', 'CA', 'POR', 'deer', 'IN', '2020-07-10T02:22:33.713Z', '2018-10-26T12:18:16.231Z'),
('436580fd-0e64-319e-3f7b-fd0f3f0aef38', 'W', '526295403943', 'MX', 'YUE', 'woodchuck', 'IN', '2015-04-08T09:04:08.689Z', '2014-12-17T17:50:48.246Z'),
('9074fe81-a894-afd1-ac04-42066dd50e8b', 'B', '13052158467', 'US', 'HAT', 'weasel', 'IN', '2021-04-15T07:28:51.746Z', '2023-06-10T17:30:59.388Z'),
('fbfee9ff-ab25-4cad-da6f-79a950b88e1c', 'W', '522742532858', 'MX', 'YUE', 'shark', 'IN', '2029-09-08T22:43:18.041Z', '2027-01-25T07:09:07.036Z'),
('5472e7a0-dd31-ca6e-31db-0b23da19fa74', 'W', '522742898117', 'MX', 'HAT', 'elephant', 'IN', '2016-08-06T23:15:57.198Z', '2013-11-23T20:19:24.064Z'),
('17ad7f4b-788c-9dad-e30b-49fb377c9807', 'S', '13052952525', 'CA', 'CMN', 'armadillo', 'IN', '2011-11-07T20:32:30.457Z', '2027-09-27T22:43:45.750Z'),
('1515b06c-f3c8-efd1-c7d2-b9748f35eccd', 'S', '14845599594', 'CA', 'CMN', 'bear', 'IN', '2011-08-25T20:44:29.828Z', '2025-08-12T04:37:45.989Z'),
('ad197dfa-7bbd-d4c5-9c1f-a236aad7cf11', 'S', '14724548530', 'CA', 'CMN', 'minnow', 'IN', '2023-07-11T15:09:48.090Z', '2022-03-14T05:14:59.722Z'),
('2d18b6b4-9d1a-a7ea-c69a-de2dbc2c0d88', 'W', '523052625990', 'MX', 'CMN', 'frog', 'IN', '2013-07-11T01:04:53.612Z', '2025-07-08T10:21:38.208Z'),
('11fd7dae-fbaf-c44f-a00c-feb204ba04a4', 'W', '522742971988', 'MX', 'ENG', 'mosquito', 'IN', '2011-05-29T13:28:33.659Z', '2022-07-04T06:45:41.742Z'),
('e1b6570d-4f8e-0c1f-046d-30e73e7fb52a', 'B', '13052139393', 'US', 'RUS', 'fish', 'IN', '2027-08-20T22:38:05.299Z', '2010-05-07T12:28:43.311Z'),
('34bdbd0f-1b52-f35a-38cf-8466ed0d3002', 'B', '13052377565', 'US', 'HAT', 'hedgehog', 'IN', '2014-02-14T04:27:27.385Z', '2014-06-10T07:23:41.253Z'),
('2117814c-821e-01c8-fc9e-781d01ca6b4d', 'W', '526784349120', 'MX', 'FRA', 'butterfly', 'IN', '2012-08-02T11:43:28.762Z', '2029-09-26T17:33:21.623Z'),
('afec7e42-5a08-0029-3ce5-f1729a1cd4bc', 'S', '16786511556', 'CA', 'ENG', 'seal', 'IN', '2023-09-30T05:19:00.476Z', '2014-10-04T22:45:42.276Z'),
('52715d0d-90c3-44b1-0434-01aec3a3351f', 'S', '13052715042', 'CA', 'YUE', 'raven', 'IN', '2016-06-10T17:27:18.461Z', '2010-05-01T03:30:05.608Z'),
('624d7377-668f-d2b2-3af6-1d99a713b93c', 'S', '12742876915', 'CA', 'ENG', 'eagle', 'IN', '2017-09-06T06:52:51.798Z', '2014-08-10T16:20:22.263Z'),
('d982fe30-0f25-419b-d17f-ab61d6b133e2', 'W', '522742089442', 'MX', 'RUS', 'monkey', 'IN', '2026-12-29T22:31:13.412Z', '2026-05-15T06:52:55.877Z'),
('562a3b5e-4bdf-9f20-5851-0ac0af09ed3d', 'B', '13057896506', 'US', 'SPA', 'porpoise', 'IN', '2016-09-24T22:32:22.588Z', '2016-11-25T08:03:10.675Z'),
('b3652957-5d9b-c0ba-9b04-7b5d4103936a', 'S', '13053879993', 'CA', 'SPA', 'jellyfish', 'IN', '2024-01-07T06:39:19.885Z', '2022-02-10T15:46:13.963Z'),
('8b09edab-c282-b852-e8b8-8572705d204d', 'W', '528726614080', 'MX', 'SPA', 'pug', 'IN', '2020-11-11T16:50:29.835Z', '2028-03-07T22:22:30.141Z'),
('9ede2869-0bcb-6038-9825-c8ad3b08c8a2', 'W', '523052067241', 'MX', 'SPA', 'hyena', 'IN', '2022-05-31T12:37:16.203Z', '2021-11-20T18:19:37.660Z'),
('c51db79b-5c74-3259-7008-555b394d4852', 'B', '13057971127', 'US', 'POR', 'platypus', 'IN', '2025-05-26T22:43:01.933Z', '2018-10-03T01:47:34.097Z'),
('96abaf10-f366-deb1-bc62-f3c1a5bf2007', 'W', '523052520581', 'MX', 'SPA', 'ox', 'IN', '2021-10-09T14:50:52.575Z', '2024-09-19T20:20:26.157Z'),
('ddf48867-549a-54fe-70a4-fdcec4179802', 'S', '12742119781', 'CA', 'YUE', 'swan', 'IN', '2027-05-05T17:38:06.394Z', '2018-10-20T12:52:54.073Z'),
('0074cf3f-fcdf-35b5-1c21-aef087f89c2b', 'B', '17023660369', 'US', 'POR', 'rabbit', 'IN', '2010-01-14T05:29:17.317Z', '2012-03-13T22:43:59.321Z'),
('3247cdd2-064d-de39-23d2-0e437609c569', 'W', '529838231565', 'MX', 'CMN', 'cat', 'IN', '2013-12-05T23:16:29.144Z', '2012-10-19T08:28:02.114Z'),
('d755fda6-2f0c-844a-8848-d6f003cc2434', 'B', '12012831797', 'US', 'SPA', 'pug', 'IN', '2026-10-28T20:26:43.089Z', '2020-08-25T02:36:23.243Z'),
('b0f340a0-7497-14bb-fb52-02d22a47a067', 'S', '13054232746', 'CA', 'ENG', 'clam', 'IN', '2023-10-29T12:14:30.248Z', '2029-08-20T16:10:27.956Z'),
('4539263d-0219-c967-942d-db5c7e8e025a', 'W', '522546492291', 'MX', 'FRA', 'buffalo', 'IN', '2015-05-30T12:06:02.189Z', '2021-07-30T12:33:00.430Z'),
('bf69c11b-d40a-aa65-95f1-b4ba4e3cf930', 'B', '12742184736', 'US', 'FRA', 'seal', 'IN', '2024-12-15T05:04:05.470Z', '2021-09-18T21:19:18.981Z'),
('926bd0be-ed3d-6e7a-6796-b735e6e9b26c', 'B', '13052534260', 'US', 'ENG', 'chimpanzee', 'IN', '2021-06-10T08:36:43.230Z', '2018-02-04T03:05:47.653Z'),
('a0394391-bd70-6ecf-a2e1-5add1af5d6ca', 'W', '522742840628', 'MX', 'SPA', 'caribou', 'IN', '2022-07-09T05:11:31.350Z', '2022-09-23T00:32:58.396Z'),
('0f25552a-ce08-a1e3-74d2-79621df7004c', 'W', '523052009189', 'MX', 'YUE', 'spider', 'IN', '2011-03-09T09:31:40.498Z', '2019-02-16T17:55:41.675Z'),
('486fccd1-8a9d-d1c2-09fd-1a4123d6fd92', 'B', '13052914346', 'US', 'YUE', 'lizard', 'IN', '2015-08-30T04:50:05.994Z', '2010-10-13T05:41:11.985Z'),
('9eef2044-1757-8177-692a-5d268964766e', 'B', '12742482521', 'US', 'SPA', 'grasshopper', 'IN', '2022-06-02T10:00:56.130Z', '2018-03-21T02:55:27.009Z'),
('98f37eb4-622e-35be-9167-26904870c5b7', 'W', '527404789117', 'MX', 'CMN', 'hare', 'IN', '2021-12-13T16:38:21.987Z', '2021-05-12T07:17:21.884Z'),
('da210811-ad2c-14fe-742d-72b1be111c5d', 'B', '19838608446', 'US', 'POR', 'wolf', 'IN', '2027-01-16T13:18:12.621Z', '2019-01-29T08:27:22.111Z'),
('c11fb48d-a203-1275-2315-7299546641be', 'B', '13052006256', 'US', 'RUS', 'wildebeest', 'IN', '2025-02-02T00:39:42.860Z', '2012-09-28T07:54:25.963Z'),
('4de3b05e-f1fe-18b4-5098-d79203af8537', 'W', '524702121666', 'MX', 'CMN', 'hare', 'IN', '2016-02-01T19:04:36.501Z', '2016-04-19T01:22:40.672Z'),
('28392fbe-abb5-e74e-c734-f0cd3da2b4fc', 'W', '523052794356', 'MX', 'POR', 'armadillo', 'IN', '2013-02-21T23:43:58.307Z', '2025-07-25T14:31:53.673Z'),
('3f6aff39-d149-97cc-4fde-7f3d2b4c2e2c', 'W', '523052024785', 'MX', 'SPA', 'cheetah', 'IN', '2014-12-15T20:23:28.399Z', '2016-03-29T06:52:18.360Z'),
('9b8b5427-9165-fde3-6284-63c2fe575a1f', 'B', '12742623064', 'US', 'POR', 'ant', 'IN', '2022-02-25T16:30:33.404Z', '2017-09-12T09:51:18.109Z'),
('7b5aa177-8266-56e8-078c-8b89d3d12d02', 'W', '523052073671', 'MX', 'ENG', 'snake', 'IN', '2019-08-22T03:13:58.820Z', '2010-08-04T14:53:24.347Z'),
('a74074ad-c48b-fc83-4a08-beb47d7b79a6', 'B', '19832804348', 'US', 'SPA', 'buffalo', 'IN', '2023-01-25T18:20:11.778Z', '2015-10-14T18:49:51.063Z'),
('26869f2e-55f2-0ea3-2617-3534c0e12e94', 'B', '13052089490', 'US', 'SPA', 'dolphin', 'IN', '2013-01-04T13:11:52.113Z', '2012-12-23T03:08:50.074Z'),
('f0472fb9-b3bd-48b1-c7bd-15fed5c8d064', 'B', '19834061924', 'US', 'RUS', 'raccoon', 'IN', '2028-10-09T13:56:07.215Z', '2025-08-09T18:44:34.859Z'),
('39820038-1f57-7607-62c7-445f59a3c54e', 'S', '19834725908', 'CA', 'YUE', 'cricket', 'IN', '2014-06-30T04:51:58.631Z', '2017-09-19T20:45:38.261Z'),
('1dd6dbb8-3789-39a3-be20-1fa5906e4601', 'W', '522742565982', 'MX', 'HAT', 'giraffe', 'OUT', '2012-05-01T16:14:58.700Z', '2024-11-08T11:14:55.010Z'),
('4cad80b5-b33c-1d17-72cf-190abe5d07b3', 'S', '13052051519', 'CA', 'ENG', 'marten', 'OUT', '2015-12-29T05:16:27.137Z', '2018-12-21T07:12:39.836Z')
;
INSERT INTO brbl_users.profiles
 (id, surname, given_name, other_languages, created_at, updated_at)
VALUES
('6165039a-c9da-1ac4-b2c1-43d015f2f379', 'Flatley', 'Marilu', 'ENG', '2017-08-11T09:04:28.722Z', '2023-12-20T00:12:13.273Z'),
('9eb85588-82df-1747-6bc8-43a224ea7ed8', 'Yundt', 'Von', 'ENG', '2022-05-27T07:26:19.486Z', '2018-06-03T19:01:16.225Z'),
('f41df357-c683-fe32-aa2f-3d44ad03799b', 'Tromp', 'Joshua', 'ENG', '2029-01-27T02:59:56.100Z', '2023-04-19T10:48:44.472Z'),
('cbc500d9-93b2-75fe-021b-ad70557f64e6', 'Langworth', 'Ken', 'ENG', '2025-12-02T19:17:57.341Z', '2010-03-02T08:43:42.346Z'),
('f1325466-5eeb-5f40-69ea-49f4dc23a78a', 'Pollich', 'Cameron', 'ENG', '2028-11-04T18:59:01.199Z', '2018-04-11T12:21:23.997Z'),
('7fa43693-f1b9-931b-a016-5125323a339b', 'Homenick', 'Jewel', 'ENG', '2019-12-22T11:27:22.546Z', '2022-07-05T07:42:02.567Z'),
('cc8bda44-7ded-94f5-e73b-eb70e87e7140', 'Altenwerth', 'Fred', 'ENG', '2025-12-24T23:15:20.619Z', '2028-01-25T12:12:07.348Z'),
('89d7d0e5-4276-2b6d-68ac-83542d6d82c9', 'Rath', 'Darell', 'ENG', '2020-10-08T13:56:15.306Z', '2018-03-07T02:15:05.060Z'),
('45bafef2-9475-148c-e416-3770794e3606', 'Schneider', 'Vance', 'ENG', '2015-06-13T23:27:50.978Z', '2027-10-27T16:48:26.474Z'),
('1e4fd4c1-4d6e-493a-d72d-caf773b636d6', 'Grant', 'Lynelle', 'ENG', '2012-05-15T03:52:30.016Z', '2026-10-24T08:54:31.808Z'),
('1f2fcf78-2a63-83f2-fd5c-b84c1c9756fe', 'Rolfson', 'Jc', 'ENG', '2012-06-09T03:03:19.633Z', '2029-10-17T22:30:36.561Z'),
('ba13865f-2694-feb9-d36b-49e95838ff3b', 'DuBuque', 'Nicholle', 'ENG', '2024-07-15T22:10:08.536Z', '2026-07-09T02:02:46.016Z'),
('120fc85c-1abb-9c4b-b838-dd81872f1d99', 'Orn', 'Shelby', 'ENG', '2011-05-31T14:24:28.533Z', '2024-05-24T00:22:32.158Z'),
('17488dba-261f-f098-c012-b56a42a12505', 'Adams', 'Numbers', 'ENG', '2011-10-27T14:29:51.369Z', '2025-01-03T01:02:52.072Z'),
('6f3ac22b-9534-dc6e-6e5b-fc35ef48f221', 'Deckow', 'Nova', 'ENG', '2018-09-10T03:50:41.865Z', '2018-08-16T07:53:19.914Z'),
('d84a2b11-0093-b076-3f3f-de9ef7baa957', 'Kuhlman', 'Timothy', 'ENG', '2026-11-25T01:39:43.190Z', '2014-12-11T01:01:10.719Z'),
('9e50edf8-5aa3-0b64-5350-dfabce03e230', 'Legros', 'Walter', 'ENG', '2022-05-15T18:48:41.606Z', '2016-07-05T15:22:57.265Z'),
('15c27b67-2110-e76a-2786-cb0f96c1b3e6', 'Hahn', 'Dominique', 'ENG', '2011-09-14T02:59:24.684Z', '2013-02-02T02:30:07.256Z'),
('33cbe1d8-2cdb-8aed-2f3e-e9cfa9b27737', 'Kerluke', 'Glenn', 'ENG', '2014-01-18T05:27:01.663Z', '2013-09-10T08:57:40.458Z'),
('c7f7cd02-df2c-507a-69f8-5d290ec1517c', 'Baumbach', 'Garry', 'ENG', '2025-08-16T07:49:04.677Z', '2018-04-13T02:00:29.242Z'),
('a77cb562-1602-79fb-d5c0-c3af47d6dcf9', 'Lueilwitz', 'Les', 'ENG', '2023-02-01T11:31:18.148Z', '2026-09-13T16:23:42.894Z'),
('17c003f2-48db-8325-77e3-8cb9209b8275', 'Hilpert', 'Keisha', 'ENG', '2011-11-09T22:04:44.375Z', '2019-05-15T06:08:18.908Z'),
('cd012e35-fe69-a734-d1b0-9dfbcb0d580d', 'Goyette', 'Alexis', 'ENG', '2026-01-07T01:07:37.962Z', '2026-05-20T17:49:27.731Z'),
('ffcc0e80-0040-8dda-0d55-2f753b949945', 'Fadel', 'Ryan', 'ENG', '2029-12-26T10:02:33.501Z', '2011-01-16T15:51:09.509Z'),
('1001fc73-036b-5374-390c-018bce5f0c5f', 'Kreiger', 'Shalanda', 'ENG', '2011-04-02T23:48:40.282Z', '2014-06-17T01:12:48.893Z'),
('4b3d69c3-1c5e-607e-2398-5175a37be8ef', 'Baumbach', 'Marge', 'ENG', '2015-11-18T04:34:19.343Z', '2012-10-12T22:00:28.613Z'),
('1e4c073e-24ea-c449-1e51-2fd984b713af', 'Toy', 'Adrian', 'ENG', '2012-05-14T17:41:56.451Z', '2012-05-15T07:30:06.045Z'),
('eab7b610-1300-06ea-3539-1db758cbc38f', 'Konopelski', 'Dane', 'ENG', '2028-05-03T21:53:45.051Z', '2014-02-27T22:30:45.608Z'),
('1a16c942-2a64-a675-9ef8-13844073e410', 'Abbott', 'Boyce', 'ENG', '2012-01-15T15:53:41.035Z', '2022-06-03T09:57:33.528Z'),
('cd605b83-715c-b36b-eb4c-56982c5ac8d2', 'Erdman', 'Darnell', 'ENG', '2026-01-17T15:44:32.919Z', '2028-05-20T11:29:54.981Z')
;
INSERT INTO brbl_users.companies
(id, name, created_at, updated_at)
VALUES
('a709bd2b-13b9-4070-20e8-c0cb8c4f066b', 'Air Sweeper Inc', '2023-01-19T15:57:28.864Z', '2012-07-28T06:39:19.065Z')
;
INSERT INTO brbl_users.customers
(id, created_at, updated_at, email,
 company_id, status, confirmation_code, password)
VALUES
('e77e3e7b-9042-9941-c1fd-5e5e41788479', '2028-02-01T21:37:47.138Z', '2025-02-26T17:38:51.205Z', 'nicholle.monahan@yahoo.com', 'a709bd2b-13b9-4070-20e8-c0cb8c4f066b', 'ACTIVE', 'MeGZf', 'EKZW'),
('d4ab841d-7fd2-9720-30a4-cfb0028f5cda', '2012-11-16T23:26:20.457Z', '2028-05-13T22:09:35.603Z', 'alysha.ohara@hotmail.com', 'a709bd2b-13b9-4070-20e8-c0cb8c4f066b', 'ACTIVE', 'mjPLnRdq', 'OVWAu'),
('8fcb66cd-1e16-b1b2-67e9-a61b35a5d15e', '2026-08-13T18:42:35.686Z', '2013-10-20T06:23:47.057Z', 'raphael.jaskolski@yahoo.com', 'a709bd2b-13b9-4070-20e8-c0cb8c4f066b', 'ACTIVE', 'ozmomfQ', 'AnadqEV')
;
INSERT INTO brbl_users.amalgams
(group_id, user_id, profile_id, customer_id,
 created_at, updated_at)
VALUES
('0f361ab6-aafd-5e12-c6ae-f6906f590904', '353e0b86-1c63-86d1-d492-2b46be91bd7d', '6165039a-c9da-1ac4-b2c1-43d015f2f379', 'e77e3e7b-9042-9941-c1fd-5e5e41788479', '2014-02-28T11:41:59.312Z', '2026-08-10T22:54:13.872Z'),
('3de772bc-dd17-e1f6-f0ee-1b46b93c2a8e', '7bacf71b-ed03-5e2a-1e09-62eb72f686c1', '9eb85588-82df-1747-6bc8-43a224ea7ed8', 'd4ab841d-7fd2-9720-30a4-cfb0028f5cda', '2019-08-31T07:29:39.066Z', '2012-05-07T07:25:19.695Z'),
('55b68bd4-8aca-d3c2-820d-b427f032e7f4', '65ae4687-1253-bc68-a593-eecbdc1bd2a2', 'f41df357-c683-fe32-aa2f-3d44ad03799b', '8fcb66cd-1e16-b1b2-67e9-a61b35a5d15e', '2017-12-11T16:26:07.405Z', '2022-12-08T23:57:57.703Z'),
('afeda1ea-b351-0ba9-4b37-6dc367b200f3', '70d362e9-7d2e-c4a8-52fa-cf099ae49f1f', 'cbc500d9-93b2-75fe-021b-ad70557f64e6', null, '2018-10-25T16:59:39.347Z', '2016-06-26T01:08:41.754Z'),
('1271bd26-724f-d922-4d0d-3ae7fb819e89', 'cc740dd6-2252-1b51-ceed-ac4e30c8e294', 'f1325466-5eeb-5f40-69ea-49f4dc23a78a', null, '2025-12-22T07:35:19.897Z', '2026-03-02T22:37:42.577Z'),
('990e41ee-f863-52e1-5b47-64ab7c6a22f2', '31f09014-9940-e788-257b-ae2e1a16ac4e', '7fa43693-f1b9-931b-a016-5125323a339b', null, '2013-11-26T05:53:28.007Z', '2012-12-05T19:04:59.941Z'),
('c8c480ef-ff5e-a6dc-23f6-9a59e1b4f9ab', 'f62190a7-b3bf-f7e9-bcd8-d3d61ccc3a62', 'cc8bda44-7ded-94f5-e73b-eb70e87e7140', null, '2029-03-25T14:21:17.937Z', '2024-10-02T23:40:29.896Z'),
('561f4711-0f40-6a46-cb6a-01871c816771', '833fd808-99a2-fe73-6c8d-b2e2bf9d18ba', '89d7d0e5-4276-2b6d-68ac-83542d6d82c9', null, '2020-04-03T10:19:32.735Z', '2018-06-25T19:11:38.289Z'),
('678a6d7c-28da-e996-8db9-4603a9ed5a42', '9e6e83b5-849d-17c3-8aa9-c091bb419d70', '45bafef2-9475-148c-e416-3770794e3606', null, '2022-05-19T01:57:24.523Z', '2020-10-31T23:33:17.625Z'),
('5cae6998-ab30-7880-16f2-a9e04112395a', '85b66def-0436-1184-c36e-89196a51565e', '1e4fd4c1-4d6e-493a-d72d-caf773b636d6', null, '2020-06-12T17:14:48.377Z', '2025-04-08T21:13:57.965Z'),
('63cfdd11-8883-c1f9-82ed-156e39d5b537', '2ae9cdbd-8e29-2425-f66c-7953e6de3bf5', '1f2fcf78-2a63-83f2-fd5c-b84c1c9756fe', null, '2013-05-09T17:54:04.398Z', '2029-04-02T22:45:01.302Z'),
('663325d0-201c-1836-35be-273d898e9795', 'f1d35336-d289-13cd-7870-1ea3e20fbd4d', 'ba13865f-2694-feb9-d36b-49e95838ff3b', null, '2028-11-22T17:40:27.475Z', '2019-05-30T22:11:24.608Z'),
('1483edfb-51bd-c4ad-fdd4-4421727d9371', '44844400-d050-ec8b-7629-0113de59f97e', '120fc85c-1abb-9c4b-b838-dd81872f1d99', null, '2015-05-10T08:12:36.996Z', '2019-03-26T22:15:26.012Z'),
('1c40bbfb-9fd6-5812-30b4-a728431a1509', 'abc95c14-6dc7-cdd2-a661-7bbc71deba2d', '17488dba-261f-f098-c012-b56a42a12505', null, '2023-06-04T03:57:11.197Z', '2022-12-31T21:50:44.880Z'),
('cf2a827d-755c-fa5a-b35d-71a4c23311d9', '8c0676c2-8391-7923-8631-3769894b0369', '6f3ac22b-9534-dc6e-6e5b-fc35ef48f221', null, '2020-12-09T20:25:05.851Z', '2020-06-26T09:43:28.672Z'),
('c5b83065-e466-baba-1f4b-bb2724e3d89e', '1c3543fc-f0ac-980c-640a-2b7e555d4cb7', 'd84a2b11-0093-b076-3f3f-de9ef7baa957', null, '2012-03-16T03:07:10.176Z', '2017-10-25T20:34:46.335Z'),
('458e40e1-726e-dfa7-7525-a180ab5ce155', '15c38dce-bc3a-ed50-121a-4914fb6db76b', '9e50edf8-5aa3-0b64-5350-dfabce03e230', null, '2011-09-14T05:51:36.962Z', '2011-06-01T18:30:26.463Z'),
('74fa4b56-c753-36d7-0e08-58c241809d3c', '2cd1d22c-3efe-e567-237a-34683d12d639', '15c27b67-2110-e76a-2786-cb0f96c1b3e6', null, '2013-07-03T03:25:51.012Z', '2012-10-09T13:26:55.425Z'),
('a4729370-5404-653d-bc7a-3b3cc05446cf', 'd11b34f0-3d3d-3a28-ac43-b075d992da0b', '33cbe1d8-2cdb-8aed-2f3e-e9cfa9b27737', null, '2026-05-04T02:07:30.794Z', '2023-06-17T19:12:19.666Z'),
('37199915-45ea-3710-4e00-d981ad44b1cc', '84dc0e22-2968-9dc4-1130-a0e1467a3814', 'c7f7cd02-df2c-507a-69f8-5d290ec1517c', null, '2020-05-19T09:03:33.547Z', '2011-05-06T17:25:56.969Z'),
('f345a870-5bfb-efc4-de5b-0a62943f1b2f', '409c9879-13e8-a0f6-220d-c614b0ae1d24', 'a77cb562-1602-79fb-d5c0-c3af47d6dcf9', null, '2015-01-18T21:55:04.290Z', '2012-08-29T22:32:08.167Z'),
('c40c69ea-728c-9a0f-ad5e-faef599df935', 'a5198421-23ac-4878-815a-97aec5e2423d', '17c003f2-48db-8325-77e3-8cb9209b8275', null, '2022-11-25T08:28:39.977Z', '2020-02-09T08:11:39.508Z'),
('34d2722a-dacb-57e4-687c-3e7820e9cb5b', 'efdc71bd-994c-05b8-dd21-e11b24bef667', 'cd012e35-fe69-a734-d1b0-9dfbcb0d580d', null, '2028-09-27T16:22:53.306Z', '2027-04-12T06:06:03.560Z'),
('2fded21c-d2f7-b27a-18e1-de8fa56dea5f', 'cfb299b1-0a86-06cb-3fad-047f297d71c0', 'ffcc0e80-0040-8dda-0d55-2f753b949945', null, '2026-03-24T21:26:27.005Z', '2014-12-23T05:00:20.343Z'),
('c8f2a6e7-b449-ea45-2748-6b0721a1583d', 'e4502398-a11b-11a1-6c6e-07d71a8dc5d6', '1001fc73-036b-5374-390c-018bce5f0c5f', null, '2027-11-03T03:45:40.632Z', '2018-06-22T06:28:30.203Z'),
('1ce4a9f4-ab8f-46fa-2660-09ee22639033', '3c52f21c-15c1-5e7a-e49a-d0600e3aff39', '4b3d69c3-1c5e-607e-2398-5175a37be8ef', null, '2014-09-18T13:31:05.189Z', '2027-11-11T11:31:39.548Z'),
('8f40c0ef-117a-678f-54e2-8795e30d56bd', 'debfe6e5-f146-2599-81b6-3039a4774c4a', '1e4c073e-24ea-c449-1e51-2fd984b713af', null, '2027-05-28T09:41:02.094Z', '2020-02-19T13:13:41.255Z'),
('eeeb8dbb-b7a7-9237-0849-66900f558998', 'f541e2f1-5a4d-d436-28e9-aa4858433d59', 'eab7b610-1300-06ea-3539-1db758cbc38f', null, '2029-02-28T15:58:31.050Z', '2013-03-13T15:50:41.327Z'),
('4ac9fe86-bf55-0469-7127-efad0809efc1', 'a3220706-98ae-1cb8-aadd-105987c071ef', '1a16c942-2a64-a675-9ef8-13844073e410', null, '2022-09-30T05:33:42.364Z', '2023-05-08T19:49:17.272Z'),
('7f6cddb8-cecf-42d9-6a29-41ff079c0976', 'de64f884-2f5c-5623-8ee7-5f8dc2314767', 'cd605b83-715c-b36b-eb4c-56982c5ac8d2', null, '2027-05-18T06:25:36.731Z', '2021-03-01T23:46:36.924Z'),
('c6c061f9-ba91-697c-42b2-62d4c381e033', 'a4f12e60-5e9d-decf-1046-7ef1a52c5cc3', null, null, '2022-11-20T20:34:31.653Z', '2011-04-10T15:05:17.417Z'),
('d2bfbe33-f719-7b87-b628-4dc2676ad6b6', 'd35e8a6d-60cf-765a-9ec1-c46ddf63ffbc', null, null, '2026-07-07T15:56:34.797Z', '2022-05-28T08:40:24.791Z'),
('3c2cb18f-6870-b370-80da-0496074878fa', '664fc2dc-4ff3-c2df-8bf5-63e16cced71a', null, null, '2017-12-29T16:26:12.956Z', '2020-12-07T22:44:29.783Z'),
('4e4b1775-6467-d2eb-438e-9f61e52b4c3e', '7e3a6005-5888-7567-61c3-2c88ff005e46', null, null, '2019-11-12T03:28:35.416Z', '2017-08-21T20:58:10.910Z'),
('78a0778d-fc87-72ed-a6b7-5c7727f39eff', '908a5266-6224-c19f-7f47-38a6ca55061d', null, null, '2021-04-17T16:32:02.719Z', '2019-12-12T02:41:09.121Z'),
('efb795c3-e4b4-53ab-ee45-b065dfd658f9', '845a64ec-4f5b-1ccb-be75-7361b67f0f06', null, null, '2020-05-04T22:11:38.460Z', '2024-11-17T23:30:49.344Z'),
('45e8023e-8b87-ac9a-6f25-560175b5cb29', '4ccb0f71-3f83-77fa-e76f-18eaa43e7046', null, null, '2016-01-01T12:20:40.924Z', '2028-01-31T05:06:37.909Z'),
('0521a969-395b-7c70-975a-5e56e24e7fcc', 'eb956d86-25b2-697b-d5ed-94e11bdf6092', null, null, '2028-05-28T15:01:34.900Z', '2026-09-18T16:17:20.248Z'),
('92bc63eb-4b0a-d921-79c3-40bb4a380a60', 'ac105d70-9374-f98f-5312-62f71dc053e5', null, null, '2023-06-12T01:54:13.287Z', '2016-06-28T16:12:59.601Z'),
('e64b86ab-dd66-3fe2-0e7e-eabcdbb9d7a1', '25ba0b78-bb30-065f-88c1-d5d3e0d98293', null, null, '2012-12-12T17:55:12.030Z', '2020-09-07T14:17:38.188Z'),
('dc7572d8-7e5b-e528-98f6-d02e0b73fd8c', 'fdb86d5f-987d-7330-85a8-e83a484d4d9e', null, null, '2029-10-28T03:50:36.245Z', '2020-06-11T05:04:21.260Z'),
('2ecf25d5-b8d4-04a8-e48c-fb1e8cdc0b5f', '04e77230-7bd0-96d4-d86c-7c6891aa1448', null, null, '2010-05-21T03:31:55.301Z', '2026-11-28T21:28:06.030Z'),
('59bbc94e-9041-3158-48ee-1be0a38dd996', 'cc33ea3a-3d4e-9d63-c782-adc4d6fb4ee9', null, null, '2025-12-15T04:00:16.613Z', '2025-08-03T06:29:46.782Z'),
('f950432d-40e4-a56c-a707-9905aa7059ef', 'f76e6b5b-605e-d12b-f01d-18b633510302', null, null, '2029-05-01T16:47:48.417Z', '2028-10-04T21:20:11.407Z'),
('663ac597-d9c6-9259-cfa1-9f5cedae6765', 'd7b1b580-f141-fee4-1b95-3cceb341e491', null, null, '2026-11-08T01:48:38.215Z', '2012-02-27T07:01:06.145Z'),
('9bae5ef9-8562-70d4-049d-31f934839637', '4e2c5b6c-cf3f-6927-3e3a-5d325e5db8a6', null, null, '2016-02-09T21:28:32.471Z', '2014-11-11T21:26:42.772Z'),
('af5289fb-9607-50d3-85d6-3a2997dd03e2', 'ced5b3b9-0be8-ff21-d672-833107cacd36', null, null, '2026-02-28T06:29:59.199Z', '2026-10-03T11:54:03.589Z'),
('6436bd85-aaec-2989-5aa9-978082ce2721', 'fc92561c-a1df-ca83-2e16-8737bca29a2e', null, null, '2029-09-25T09:06:01.055Z', '2013-08-08T08:04:44.109Z'),
('a1c9fcc0-82f8-296d-c91f-2fcef9d99ff3', 'b5cca8ec-ce9c-c8bc-5c0b-43eb734edfcb', null, null, '2024-03-15T21:13:08.904Z', '2017-03-11T16:45:39.731Z'),
('d7d66717-523f-0633-2bb7-ff24860e0795', '35ca42e5-1251-a36a-bf98-578a8169d628', null, null, '2014-03-16T02:48:03.558Z', '2024-12-20T09:41:52.484Z'),
('9880c830-af31-4cd0-16e0-27d560f6c082', 'e44f2529-3237-fc0d-1c1f-179c9ab94218', null, null, '2027-11-03T01:06:02.373Z', '2012-03-13T15:48:08.816Z'),
('f14c27f7-6c80-b17a-ff05-026dbe60c679', '86ac1186-7bdd-3efd-70da-9acd0d058335', null, null, '2020-07-10T02:22:33.713Z', '2018-10-26T12:18:16.231Z'),
('4c215a91-f4b8-5fa4-d04f-2dc350f37e77', '436580fd-0e64-319e-3f7b-fd0f3f0aef38', null, null, '2015-04-08T09:04:08.689Z', '2014-12-17T17:50:48.246Z'),
('e15a906c-fc89-4a05-2900-9ee4669d86b7', '9074fe81-a894-afd1-ac04-42066dd50e8b', null, null, '2021-04-15T07:28:51.746Z', '2023-06-10T17:30:59.388Z'),
('03d2e62d-a0ca-7a91-2776-b12239d586b8', 'fbfee9ff-ab25-4cad-da6f-79a950b88e1c', null, null, '2029-09-08T22:43:18.041Z', '2027-01-25T07:09:07.036Z'),
('cff9f4c0-452d-627e-fcd0-360e54aeff37', '5472e7a0-dd31-ca6e-31db-0b23da19fa74', null, null, '2016-08-06T23:15:57.198Z', '2013-11-23T20:19:24.064Z'),
('06eb614b-c8a6-2a3f-b537-857922c31a2f', '17ad7f4b-788c-9dad-e30b-49fb377c9807', null, null, '2011-11-07T20:32:30.457Z', '2027-09-27T22:43:45.750Z'),
('1e8a6d39-e488-018b-e6d0-8d740eed7adf', '1515b06c-f3c8-efd1-c7d2-b9748f35eccd', null, null, '2011-08-25T20:44:29.828Z', '2025-08-12T04:37:45.989Z'),
('cfa18633-cb55-6f56-384a-e250c9dd0dc4', 'ad197dfa-7bbd-d4c5-9c1f-a236aad7cf11', null, null, '2023-07-11T15:09:48.090Z', '2022-03-14T05:14:59.722Z'),
('ab05d622-5c44-a1d5-f017-ce9f9678d899', '2d18b6b4-9d1a-a7ea-c69a-de2dbc2c0d88', null, null, '2013-07-11T01:04:53.612Z', '2025-07-08T10:21:38.208Z'),
('7ebed32c-8077-be7d-fd44-6330b918ca5d', '11fd7dae-fbaf-c44f-a00c-feb204ba04a4', null, null, '2011-05-29T13:28:33.659Z', '2022-07-04T06:45:41.742Z'),
('9431cfbf-86e9-3203-2af7-871766928b4d', 'e1b6570d-4f8e-0c1f-046d-30e73e7fb52a', null, null, '2027-08-20T22:38:05.299Z', '2010-05-07T12:28:43.311Z'),
('10518a80-940c-005d-6f94-07a1d01a4ce4', '34bdbd0f-1b52-f35a-38cf-8466ed0d3002', null, null, '2014-02-14T04:27:27.385Z', '2014-06-10T07:23:41.253Z'),
('fed1be5c-7a20-14bf-887e-a86428f799e1', '2117814c-821e-01c8-fc9e-781d01ca6b4d', null, null, '2012-08-02T11:43:28.762Z', '2029-09-26T17:33:21.623Z'),
('d15eb276-8f3a-919e-5388-332bc30e2640', 'afec7e42-5a08-0029-3ce5-f1729a1cd4bc', null, null, '2023-09-30T05:19:00.476Z', '2014-10-04T22:45:42.276Z'),
('5bd8ca3e-5602-20af-96fb-880c9f3a9f3f', '52715d0d-90c3-44b1-0434-01aec3a3351f', null, null, '2016-06-10T17:27:18.461Z', '2010-05-01T03:30:05.608Z'),
('96941557-0e1f-42e8-294f-ad560e837b5a', '624d7377-668f-d2b2-3af6-1d99a713b93c', null, null, '2017-09-06T06:52:51.798Z', '2014-08-10T16:20:22.263Z'),
('af9bdfad-8160-a07d-a97d-df9a411dca4e', 'd982fe30-0f25-419b-d17f-ab61d6b133e2', null, null, '2026-12-29T22:31:13.412Z', '2026-05-15T06:52:55.877Z'),
('33fa4168-a293-58e2-38fb-a1a8e0460519', '562a3b5e-4bdf-9f20-5851-0ac0af09ed3d', null, null, '2016-09-24T22:32:22.588Z', '2016-11-25T08:03:10.675Z'),
('5a03aef3-d30f-52cf-e858-cc940fecddf7', 'b3652957-5d9b-c0ba-9b04-7b5d4103936a', null, null, '2024-01-07T06:39:19.885Z', '2022-02-10T15:46:13.963Z'),
('b5a688f5-e3f7-8c36-c781-9fac75381065', '8b09edab-c282-b852-e8b8-8572705d204d', null, null, '2020-11-11T16:50:29.835Z', '2028-03-07T22:22:30.141Z'),
('dfbeac58-282e-6a4d-caa4-d0831ed73121', '9ede2869-0bcb-6038-9825-c8ad3b08c8a2', null, null, '2022-05-31T12:37:16.203Z', '2021-11-20T18:19:37.660Z'),
('d96d0244-2bfe-098a-f4bd-9ae86c2c7e26', 'c51db79b-5c74-3259-7008-555b394d4852', null, null, '2025-05-26T22:43:01.933Z', '2018-10-03T01:47:34.097Z'),
('34731021-e774-8da1-78c1-d0ee5049aeb4', '96abaf10-f366-deb1-bc62-f3c1a5bf2007', null, null, '2021-10-09T14:50:52.575Z', '2024-09-19T20:20:26.157Z'),
('4992879b-8074-7187-c273-eae48dc0c345', 'ddf48867-549a-54fe-70a4-fdcec4179802', null, null, '2027-05-05T17:38:06.394Z', '2018-10-20T12:52:54.073Z'),
('05f0d699-f178-d771-97d9-175dc848d598', '0074cf3f-fcdf-35b5-1c21-aef087f89c2b', null, null, '2010-01-14T05:29:17.317Z', '2012-03-13T22:43:59.321Z'),
('187eb746-2a0d-d8d5-c453-4b298936e8a9', '3247cdd2-064d-de39-23d2-0e437609c569', null, null, '2013-12-05T23:16:29.144Z', '2012-10-19T08:28:02.114Z'),
('8863c009-7dfc-d667-fe5f-515993cab8b6', 'd755fda6-2f0c-844a-8848-d6f003cc2434', null, null, '2026-10-28T20:26:43.089Z', '2020-08-25T02:36:23.243Z'),
('fd6df38b-782c-c81c-f8f6-db3f264f8b3b', 'b0f340a0-7497-14bb-fb52-02d22a47a067', null, null, '2023-10-29T12:14:30.248Z', '2029-08-20T16:10:27.956Z'),
('438550b5-6636-8d29-d196-906b0510fef5', '4539263d-0219-c967-942d-db5c7e8e025a', null, null, '2015-05-30T12:06:02.189Z', '2021-07-30T12:33:00.430Z'),
('d22362b1-31ad-3c03-4be8-1ead6c23dbe1', 'bf69c11b-d40a-aa65-95f1-b4ba4e3cf930', null, null, '2024-12-15T05:04:05.470Z', '2021-09-18T21:19:18.981Z'),
('60ced0e8-5c1a-7260-8c10-4a184502e33d', '926bd0be-ed3d-6e7a-6796-b735e6e9b26c', null, null, '2021-06-10T08:36:43.230Z', '2018-02-04T03:05:47.653Z'),
('d19aef02-32ae-a533-40a0-fcfc3cff9f86', 'a0394391-bd70-6ecf-a2e1-5add1af5d6ca', null, null, '2022-07-09T05:11:31.350Z', '2022-09-23T00:32:58.396Z'),
('faab4ce7-8ea5-70b3-6d2f-57e999873477', '0f25552a-ce08-a1e3-74d2-79621df7004c', null, null, '2011-03-09T09:31:40.498Z', '2019-02-16T17:55:41.675Z'),
('17bb46c3-b75d-e854-468d-c1b2e73b2f0f', '486fccd1-8a9d-d1c2-09fd-1a4123d6fd92', null, null, '2015-08-30T04:50:05.994Z', '2010-10-13T05:41:11.985Z'),
('eca994ff-3b26-e6cc-d1a9-f767e0de558a', '9eef2044-1757-8177-692a-5d268964766e', null, null, '2022-06-02T10:00:56.130Z', '2018-03-21T02:55:27.009Z'),
('e207dc40-d3bf-5e0e-360f-1c5b2b157766', '98f37eb4-622e-35be-9167-26904870c5b7', null, null, '2021-12-13T16:38:21.987Z', '2021-05-12T07:17:21.884Z'),
('a4ae3d73-ab8a-a751-f50b-ca1bc1fc3d5e', 'da210811-ad2c-14fe-742d-72b1be111c5d', null, null, '2027-01-16T13:18:12.621Z', '2019-01-29T08:27:22.111Z'),
('1152e5bf-9878-d309-767c-207b358df972', 'c11fb48d-a203-1275-2315-7299546641be', null, null, '2025-02-02T00:39:42.860Z', '2012-09-28T07:54:25.963Z'),
('75259e8e-21a2-f8eb-9c37-d58b11e276dc', '4de3b05e-f1fe-18b4-5098-d79203af8537', null, null, '2016-02-01T19:04:36.501Z', '2016-04-19T01:22:40.672Z'),
('6c6f5d89-649b-87ed-4d24-459c103eca1b', '28392fbe-abb5-e74e-c734-f0cd3da2b4fc', null, null, '2013-02-21T23:43:58.307Z', '2025-07-25T14:31:53.673Z'),
('e835d497-2f72-9642-28ea-833eedfa20eb', '3f6aff39-d149-97cc-4fde-7f3d2b4c2e2c', null, null, '2014-12-15T20:23:28.399Z', '2016-03-29T06:52:18.360Z'),
('23e301e2-e46e-3161-d551-674606369249', '9b8b5427-9165-fde3-6284-63c2fe575a1f', null, null, '2022-02-25T16:30:33.404Z', '2017-09-12T09:51:18.109Z'),
('93f0bfd5-fc76-adfe-963b-a0c00b6dee73', '7b5aa177-8266-56e8-078c-8b89d3d12d02', null, null, '2019-08-22T03:13:58.820Z', '2010-08-04T14:53:24.347Z'),
('16985518-3d36-f80e-2149-c5007dd28ee5', 'a74074ad-c48b-fc83-4a08-beb47d7b79a6', null, null, '2023-01-25T18:20:11.778Z', '2015-10-14T18:49:51.063Z'),
('ef860492-f7f0-e2c7-de20-5f94bb84265d', '26869f2e-55f2-0ea3-2617-3534c0e12e94', null, null, '2013-01-04T13:11:52.113Z', '2012-12-23T03:08:50.074Z'),
('57909d6e-e605-789c-0452-0251c79890d7', 'f0472fb9-b3bd-48b1-c7bd-15fed5c8d064', null, null, '2028-10-09T13:56:07.215Z', '2025-08-09T18:44:34.859Z'),
('a9750b16-7831-4b44-47ed-554724f8a390', '39820038-1f57-7607-62c7-445f59a3c54e', null, null, '2014-06-30T04:51:58.631Z', '2017-09-19T20:45:38.261Z'),
('7495e52f-ad7c-c3b3-05af-26c66210fd05', '1dd6dbb8-3789-39a3-be20-1fa5906e4601', null, null, '2012-05-01T16:14:58.700Z', '2024-11-08T11:14:55.010Z'),
('febeffa6-c6e0-721e-1fd8-7b5e3256d4f4', '4cad80b5-b33c-1d17-72cf-190abe5d07b3', null, null, '2015-12-29T05:16:27.137Z', '2018-12-21T07:12:39.836Z')
;
COMMIT;
